image_id,prompt,category
sa_1543978,The center of a type of park where a group of people are all standing around a type of fountain like sculpture looking at the center. There are trees in the background and skyscrapers and other large buildings beyond that,dci
sa_1543979,A wooden basked of six individual cartons of strawberries.,dci
sa_1543982,This looks like an old building located in an old city.,dci
sa_1543984,A View of the front of a white building with many windows that is in the shape of an arch. The windows are facing the camera and also the lawn area with a lot of green trees and grass in it,dci
sa_1543989,The platform of an underground train station.,dci
sa_1543991,There is a bunch of people that are wearing white and black and are walking in a kind of city square. They are surrounded by buildings that are tan and brown also.,dci
sa_1543992,A statue of a man on a horse sits in the center of a large plaza. Also in the plaza are yellow buildings with red rooftops. ,dci
sa_1543994,"A half sun-lit outdoor courtyard with seating, plants, and lights.",dci
sa_1543998,A view of the ocean with a number of smaller boats near the shore and much larger ships further away. There is a small island covered with trees to the left.,dci
sa_1544000,"An assortment of scarves is lying on a table, probably for sale but maybe just for sheer presentation. The scarves come in a wide variety of colors, but they all bear some sort of insignia, as if for a club or team or something. There is a snippet of walkway in front of the table. All the scarves are arranged side by side, and are hanging over the front edge of the table, and ending just above the ground below.",dci
sa_1544001,People and cars are on the street along a city area. There are buildings along the sidewalk and a large tree.,dci
sa_1544002,"The mouth of a teal waterslide, emptying into a pool, flanked by palm trees and other green vegetation.  A stream of water is coming down the slide and two males in a teal inner tube are coming down the slide.",dci
sa_1544007,A white quaint European row house row house.,dci
sa_1544009,"This is a white and gray strip mall. Most on the exterior is white, and most of the trim is gray. It includes the stores Douglas, Neimann, and Werre Park. The parking lot is empty except for a silver van and a red car. It looks like it's before opening time. The parking lot has many streetlights. The parking spaces are beige brick while center of each lane is gray concrete.",dci
sa_1544012,A red phone booth is centrally located on a street with many shops and pedestrians walking and browsing. ,dci
sa_1544014,"A statue is positioned within a fountain against a blue sky with a few very wispy clouds. The scene is upon a hill, with the hill's edge being rimmed by evenly spaced trees.",dci
sa_1544015,Several stone buildings are visible beneath a pure blue sky during midday. The central building has multiple castle-style spires.,dci
sa_1544018," A outdoors market selling plants. There are flowers, wreaths, baskets, and more, all arranged in rows and steps.",dci
sa_1544019,"Five white and grey horses are standing in a grassy park with trees and a white and green building in the background.   A man walks past them holding a broom and piece of red wood, and other people look at the animals from a sidewalk, behind a small fence.",dci
sa_1544020,A set of railroad tracks on the right of the image beside of a dark brown and red brick retaining wall. There's an asphalt blacktop road with a yellow line and a fence to the left of it and surrounded by trees on both sides.,dci
sa_1544038,Large buildings are on land with a body of water in the foreground. There is a bridge on the left side of the image.,dci
sa_1544045,"Plaza within a city, during the daytime under a cloudy sky, with a great stone column pillar with a statue on top and police cars in front of it. People are walking about in the area near the pillar.",dci
sa_1544046,There is a decorative cement container holding several medium sized stones.  The container is sitting outside near a very large decorative spoon.,dci
sa_1544047,"An old medieval castle sits in the middle of a modern city square, full of gardens on the ground, average city buildings and skyscrapers or hotels in the background. Some cars are parked on the roads.",dci
sa_1544050,This is a clean and very modern looking kitchen with six chandeliers hanging from the ceiling.  The kitchen has a wooden floor near the appliances.,dci
sa_1544054,"A power substation under construction, currently being worked on.",dci
sa_1544055,A blue and yellow water slide is attached to a rectangular pool. There is a red-roofed building in the background. The sky is cloudy. ,dci
sa_1544057,A young Asian woman looks at an older family member as she gives them a hug.,dci
sa_1544058,"This is a photo of a street in a clear day that has a pedestrian crossing, light poles, and trees. In the background are five buildings, with three buildings being skyscrapers.",dci
sa_1544059,A street with matching buildings on it.,dci
sa_1544060,"A passenger airplane is captured just as it is taking off. On the side of the airplane is written the company name in lowercase: ""indonesian airways"". The airplane's front wheel is in the air, and its back wheels are just beginning to come off the ground. The surroundings are a typical airport runway surrounded by close-cropped green grass. It's daytime and cloudy.",dci
sa_1544063,A person is standing by the door of a makeshift house made of wood and scrap metal. The house is in front of a drain system that has very dark water flowing.,dci
sa_1544064,A business logo on a gray-tiled building. The logo is a orangish-red curved arch and the font is blue.,dci
sa_1544065,A protest going on a beach in the summer with a sign saying deserve hell. A young in the front is topless with red tapes over her tits. ,dci
sa_1544066,"The area is a natural park with a lot of trees and weeds growing. A man-made series of steps, stairs with railings, signages, as well as arranged rocks can be seen here.",dci
sa_1544070,Two people are playing on red pedal carts. There are bubbles flying through the air and one person is grabbing at them.,dci
sa_1544074,A young man wearing a white face mask and black shirt is standing outside. In the background there are trees that appear blurry because the photo is focused on the man.,dci
sa_1544077,A river boat filled with people on top is cruising down a riverbank. It is passing a large concrete building.,dci
sa_1544078,"There is a very large white building in the background. In the front there are flags, trees and some smaller items like lamp posts and a fountain. ",dci
sa_1544087,A small building surrounded by a great deal of trees without leaves on them. It appears to be located in the wilderness.,dci
sa_1544090,"A thick stone wall with an open archway and some shrubbery in front on the sides leads into a big lawn or courtyard of manicured green grass with an huge old stone building in the back with a few green trees in front, and a blue sky with the thought of wispy clouds is showing above the back building in the archway. The building is reminiscent of Oxford or some other old university, with tall ornate windows and the building being long.",dci
sa_1544094,An assortment of vinyl records organized by different categories on a record store shelf.,dci
sa_1544095,This shows a somewhat dilapidated looking shelter in front of a white gazebo. There is a sloped hill in the background.,dci
sa_1544098,There is a billboard with a company name on it. The sky is cloudy and there is a tree in the background. ,dci
sa_1544099,There is a bronze statue of a middle aged man dressed as an ancient warrior who has a sword at his side as well as a large shield. The sky and trees are visible in the background.,dci
sa_1544101,Sign,dci
sa_1544102,A group of store fronts with large glass windows.  The two buildings are white and beige.,dci
sa_1544103,Friend group,dci
sa_1544104,A truck on a side street is being loaded. There are building and trees on either side of the road.,dci
sa_1544105,"little bunches of blue flowers mixed in amongst boxwoods and other various leaves, there is also some moss on one of the rocks and there appears to be around 18 bunches of the flowers and most of them are on the left hand side",dci
sa_1544107,"A busy city street with a large bus is shades of white, blue and yellow.  Behind the bus are two cars, one black and the other yellow.",dci
sa_1544108,A man rides a bicycle through a puddle in a forest.  Trees are on the left and right side of the man.,dci
sa_1544109,"A white stone building with etchings of people above the front entryway.  There is a street in front of the building that is lined by a tree, a bush, and a street light.",dci
sa_1544110,A close-up of a bright red tiled unique looking building and a stairwell down below.,dci
sa_1544111,The image shows a government building. The picture is taken at dusk.,dci
sa_1544115,A person is driving a motorbike with a trailer and another person is riding in the trailer. The motorbike is passing a red car.,dci
sa_1544117,A trolley train is picking up and dropping off passengers in a busy section of pedestrian traffic.,dci
sa_1544118,A battle scene with soldiers approaching the enemy.,dci
sa_1544119,A white older-looking phone sits on a brown wooden table with papers on the table bench and wall outlets in the background.,dci
sa_1544120,"A while air plane in a tall grassy field. Behind the airplane are trees and a mountain, while in front are black cows.",dci
sa_1544122,An area of circular lounge chairs facing central tv's in a large area of Changi Airport. To the left is a clock on the ceiling and a restaurant underneath it.,dci
sa_1544125,There is a large castle-like building with palm trees around it and a dark statue of someone on a horse to the left.,dci
sa_1544126,"A modern tram on a busy city street in Turkey. There are a lot of pedestrians on both sidewalks, walking past sign-covered shops. There are high buildings on both sides as well as some trees planted along the street.",dci
sa_1544130,Several stately buildings painted light yellow with intricate white details near a green space and bike path. It is a sunny day with wispy white clouds.,dci
sa_1544133,"A beautiful white home that is surrounded by trees, grass, leaves, and shrubs. It has a sidewalk in front of it as well.",dci
sa_1544134,"a brick courtyard with a traditional red and white building, a cubic glass and concrete building, a glass walled building, and two signs",dci
sa_1544137,The sky scrappers are lining the water.  There are mountains covered in buildings in the background.,dci
sa_1544138,A formal jockey lightly rides a white horse on flat exhibition-type grounds. In the background is a blurry fence.,dci
sa_1544145,There are several tall skyscrapers standing outside in the daylight. There are a couple of trees and the sky is clear.,dci
sa_1544147,"A marina scene with many sail and motorboats docked, with a dock in the foreground.  In the background there are many tile roofed building and two prominent church steeples.",dci
sa_1544148,A couple of people are lightning up some medium sized candles inside cans and there are also some small sized candles. ,dci
sa_1544149,"A man in a black suit, wearing a blue shirt, with an orange with blue striped tie and shiny brown shoes.   He is standing in front of a sign to wear orange, he's obscuring the text, but it has something to do with gun safety. ",dci
sa_1544153,"Colorful wall tiles decorate a wall.  Each tile is individually painted with a scene with people in colors of yellow, green, blue and white.",dci
sa_1544154,A man is skateboarding in the snow. A crowd is watching. This is also known as snowskating.,dci
sa_1544156,Boats float on the water near the shore.  Buildings and trees are located on the shore.  ,dci
sa_1544157,"This image shows a beach with  a wooden pier extending out over the ocean to a series of tropical huts. There are 15 huts present in the image, each made out of dark wood and with a thatched roof.",dci
sa_1544158,A woman wearing a black lives matter shirt paints a letter on the ground.,dci
sa_1544162,Two Union Pacific trains on separate train tracks are visible on a clear day.  There is a large metal tower next the one of the trains.,dci
sa_1544163,An aerial view from above a city on a bay. We see the water flowing out of the city under a bridge to the harbor with cityscape on the left and green space on the right.,dci
sa_1544165,"A temple with several domes and pinnacles, in front of a dark cloudy sky and behind some water fountains and some trees.   It is an orangish red hue, there is also two large spires, one orange and one white.   There are people walking along a walkway underneath the trees. ",dci
sa_1544167,A couple of men are shown walking by several cages that hold many different kinds of birds.,dci
sa_1544168,"A downtown district with many tall office buildings, a mosque, and apartments sits at the foothold of a gorgeous mountain system with a massive amount of trees in the city The Mountains behind the city are covered in greenery and at the top, snow, and it all sits under a huge white covering of clouds and a beautiful blue sky.",dci
sa_1544170,A city block prominently displaying an historic brick building on the left and modern glass buildings on the right.,dci
sa_1544171,Here is an outdoor scene at night near the outskirts of a city. There are bright street lights shining where a main road is visible as well as a cone set up near a parked bike taxi.,dci
sa_1544172,"A large canal runs though a city landscape. There is a tree lined walkway on the right bank and a multi-surfaced wall on the left bank. A wall blocks the canals path down stream, funneling the water though a small opening in the wall.  ",dci
sa_1544174,A group of women in bikinis on stage wearing high heels with tan skin.,dci
sa_1544175,Here is a daylight scene outside an arena style building near a city. There is sections of pavement that are cut in squares and buildings far in the distance under a mostly cloudy sky. ,dci
sa_1544176,"A gray concrete structure that slopes up at the top.  The structure is in the middle of the a field with small shrubs and trees around it.  There is a concrete wall in front of the structure, and the structure has graffiti words at the bottom.",dci
sa_1544179,"Some small clownfish colored orange and white, swimming in water, with coral in the background.",dci
sa_1544505,A close up of a type of pool or fountain with a basin rased with water coming out of it to fill the pool. The pool goes off to its left into the giant lake which is surrounded by green trees and a very hill landscape.,dci
sa_1544506,A red and yellow building called Renaissance. It is several floors and has an old architectural design. There are several balconies on both sides.,dci
sa_1544508,There are people looking out of windows on a train. There is a forest and river present.,dci
sa_1544513,People are in a building riding up and down an escalator.,dci
sa_1544515,Yellow real stone building with some brick work and a gated entry. Has a dry climate with hills behind and bushes in front. ,dci
sa_1544516,"A country side road with a brown house with a green roof on the Right, Close to the  Camera is a white fence with a paved road to its left and then green foliage and an open field to the left of the road",dci
sa_1544518,A crowd of people is gathered in front of a large building.  Some of them are holding signs. ,dci
sa_1544519,An city church that closed right now. There is also tons of bicycles that are parked and some city structures that are used to light the pathway.,dci
sa_1544522,There is a large building with several different colored segments on a block on a sunny day. ,dci
sa_1544524,"The picture is of two people walking down a road in what looks like a civil uprising. One man looks like he's dressed as a police officer in riot gear, with a helmet, face shield, gas mask, bullet proof vest, shin and knee pads, and boots, while carrying a weapon. The other is is a man in jeans and a jacket, with a slung computer bag over his shoulder.",dci
sa_1544529,Busy city street in Bangkok that shows businesses lined up along each side and tourists and locals walking around.,dci
sa_1544530,This is a tunnel that has been carved through a rock mountain.,dci
sa_1544534,Two men in uniforms are riding on horses in a grassy field. There are trees and other soldiers in the background.,dci
sa_1545024,A soccer player is preparing to kick a soccer ball. He is on a grass field and there are stands behind him filled with people.,dci
sa_1545029,A group of people in what appears to be Turkey are receiving boxes from the back of a truck. The workers are wearing red jackets and each are holding a box. ,dci
sa_1545030,A variety of locks are arranged on a fence.   ,dci
sa_1545031,An industrial crane at a dock. ,dci
sa_1545033,"It is showing a sign that declares NATION OF IMMIGRANTS. In the background are more signs and rgeenery, and it is clearly a march.",dci
sa_1545037,Three Asian performers are on a green stage with a red background with writing. They are in red and yellow costumes. ,dci
sa_1545038,This is the side of a balcony. It had a metal railing but it is all broken and has a striped cloth in front of it.,dci
sa_1545040,This is a statue of a maned lion. He is on a ledge that has a plate with writing. ,dci
sa_1545041,"The upper part of a partially filled glass of iced tea or other translucent, light brown beverage, in front of a blank wall.  There's condensation on the glass, a lemon slice on the lip of the glass, and ice and beverage in the glass.",dci
sa_1545042,This is an outside antique car show. There are a row of cars and people looking at them. ,dci
sa_1545043,There is a red and gray bird sitting in a tree. ,dci
sa_1545045,A yellow and black gas pump nozzle sticking in the gas tank on the right side of a dark four-door car.  The ground is pavement and in the background appears to be a brown brick wall with a grey sign on it.,dci
sa_1545049,There is a green shore and a lake in the front and then a huge castle or mansion in the background. ,dci
sa_1545051,"A Ferris wheel and amusement park set up in a green field and park, seen from the sky.  There's a parking lot filled with cars next to the park, two bodies of water flanking it, and trees and a community in the background.",dci
sa_1545052,"There is a lake in the middle of the scene. There is a large grassy area around it, as well as paths, benches and people. ",dci
sa_1545055,There is a long dusty path and around it is mostly dirt with some plants and rocks. There is one traveler. ,dci
sa_1545056,"A group of men in camouflage outfits, black helmets, black boots, and black swat equipment, including guns, stand around an open vehicle while a man in a sweatshirt, jeans, and a baseball cap is pushed to the ground by one of them.  There's a grey van up and to the left of this scene, and a grassy area with yellow and white flowers to the left.",dci
sa_1545059,"It is a street with some sort of celebration. There are lots of people, buildings on either side and hanging balloons.",dci
sa_1545061,"A stone building with many arches, windows, and steeples. It is surrounded by trees, with taller trees in the back.",dci
sa_1545063,An intricately decorated garden with palm trees and a small pavilion in the background. Stones are piled on top of one another in the foreground. ,dci
sa_1545066,A gold buddha statue sits on a red table. There are pictures and flower decorations around it.,dci
sa_1545068,There are two columns of license plates from Cuba all on display.,dci
sa_1545071,A person riding a snowboard grinds down a rail in front of a crowd of people. ,dci
sa_1545072,There is a black background with a floral looking design that seems to be made out of stained glass.,dci
sa_1545073,There are two shelves of products.  The top shelf contains cannisters of Ensure and Glucerna and the bottom shelf has boxes of Ensure.,dci
sa_1545075,A yellow flower is in full bloom in the center of the image. There are other buds on the plant at various stages of bloom. ,dci
sa_1545076,A man and a woman are walking along a path that runs through a grassy field.,dci
sa_1545081,"There is a big stone sculpture that is presented in this area that seems to be a tourist attraction. The floor shows a wavy dark and light brown pattern, and on the right side are some people and a globe metal structure erected.",dci
sa_1545082,There is a castle rising out of a forested area. ,dci
sa_1545084,"The front of a boat is visible, and beyond that vast waters, with mountains in the distance.",dci
sa_1545086,There is a house on stilts over the water. There are a lot of plants and clothing hanging to dry.,dci
sa_1545087,A laptop on a table with a phone held up in front of it.,dci
sa_1545089,Open shopping area of Westgate with people walking on the street.,dci
sa_1545090,This is an outdoor walkway and seating area between big buildings. There is seating with umbrellas near the front and people sitting in them. ,dci
sa_1545091,There is a high up view of a bunch of buildings interspersed with greenery. There is a waterway running through it and mountains in the background. ,dci
sa_1545093,"A young white girl runs on a gymnasium floor towards a green hula hoop placed on the ground like a ring to run through, while adults sit in a row of chairs in the background and look on, some filming scenes with their phones.  There are a series of windows behind the adults and light shines through them, and the walls of the room are painted a light lime green color.",dci
sa_1545094,"There is a white wall with a bunch of pink, yellow and orange post it notes going down in rows. They have writing on them. ",dci
sa_1545096,"A modern boat is cutting through the waters, going right towards a sail boat. In the background is a large cruise ship and some small buildings and trees.",dci
sa_1545097,"Two sailboats sailing on a lake, each heading in opposite directions and with multiple people on them.  In the background is a beach and lots of trees with green foliage, and overhead is a blue sky with lots of long horizontal clouds.",dci
sa_1545099,"Most of the picture is water, and there is a structure coming into it. In the background are mountains and a distant shore.",dci
sa_1545100,There is a multi story building with three signs on the top of it.  One of the signs is empty.,dci
sa_1545101,"A set of patio furniture enclosed within a fence. Overlooks a large, open, grassy field with blue skies.",dci
sa_1545105,A bald man and another worker are taking some large work out of a truck. There's another man looking or walking by them with a purple backpack on. ,dci
sa_1545106,"A middle console of a car. There are two seat buckles, two cup holders, and two armrests visible.",dci
sa_1545110,"A woman in black scrubs, and pink tennis shoes is stretching her leg on a wooden fence. She is on a trail lined by a wooden fence, paved sidewalk, grass, and tall pine trees.",dci
sa_1545112,An excavator on the side of the street. The arm has 'HYUNDAI' written on it in white letters.,dci
sa_1545114,It shows an ornate church that is tan with domes and lots of crosses. It is behind a fence. ,dci
sa_1545115,A display is set up in what appears to be a religious building. ,dci
sa_1545116,The photo depicts a parade. Most prominent in the image is a vehicle on which is mounted the head of the statue of liberty inside of which is standing a woman wearing a dark red cape and a crown.,dci
sa_1545117,Is shows a watch on the right and a display with three pictures of the watch on the left. ,dci
sa_1545119,It is a wide room on the inside of a building with a glass top. There are various people milling about. ,dci
sa_1545120,"A large pipe system is being installed in the ground. There are three men working at the moment, and the new piece is a bright blue color.",dci
sa_1545121,Two children are standing on side by side on the same step of an outdoor staircase. To the left and behind the boys is a woman with a purse under her right arm. ,dci
sa_1545124,It shows a covered bridge that is very weathered and has a lot of windows over a wide river and under a cloudy gray sky. ,dci
sa_1545126,"A large stone building, with the street full of parked cars on a bright sunny day.",dci
sa_1545127,A person wearing a blue jacket is following other people as they ride motorcycles through the snow near a mountain range.,dci
sa_1545130,It is a black and white picture of a bridge over the water leading to a modern city-scape.,dci
sa_1545131,There is a white boat coming onto shore.  A ladder is coming from the boat into the shallow end of the water and there are many people in the water as well as one in the water.,dci
sa_1545132,"A postage stamp in Russian language worth 32 of some currency. There is an image of a purple flower, a green leafy plant, and a flying bee.",dci
sa_1545134,There is a wooden gazebo with an Asian type roof in a wooded area.  There are mountains in the background.,dci
sa_1545135,Red flowers hang from a tree branch. There are other trees branches throughout the image. ,dci
sa_1545137,A busy bustling scene on a busy day at the historical Brandenburg Gate in Berlin.,dci
sa_1545142,"A cup holding coffee that has a flower design ""drawn"" in it.",dci
sa_1545144,A sail boat sits on the water next to a dock. There are boats in the background and people standing on the dock. ,dci
sa_1545146,This is an older looking historical building that has a red flag on the top of it.  There are trees in front of the building.,dci
sa_1545149,A group of boats float on the water at a dock. In the background is a bridge with a raiseable road section. ,dci
sa_1545152,There are three men who appear to be soldiers standing outside holding a lot of equipment. ,dci
sa_1545155,A screaming face of a devil with four or so horns. It appears to just be on one side due to the lack of extra details on the other side of the pole.,dci
sa_1545156,overview of a city with a river going through it with many visible landmarks.,dci
sa_1545157,"It shows the machine to check bags at security. There are two workers to the left of it, one sitting and one standing. ",dci
sa_1545158,A group of large ornamental bonsai trees in a parking lot.  Behind them is a beige stone wall and then some houses.,dci
sa_1545159,Two glass beer mugs filled with beer sit on a table. The mugs have black lettering spelling out Asahi on them. The table is a light colored wood. In the background is a wall with a large red stripe with a narrow yellow stripe on top of it. ,dci
sa_1545161,A stamp with the title of Turkiye Cumhuriyeti. The middle is a flowery decoration with a blue background while the outer sides are white.,dci
sa_1545162,It shows a man working on a wood table. There is another man behind him working on a green banner and they are in a forested area. ,dci
sa_1545164,The photo depicts two figurines of people. The figurines are lit from inside so that they function as lamps. Each is holding a rod from which hangs an lamp in the shape of a 3-dimensional rectangle. Behind them is a body of water and buildings. It is dark out. ,dci
sa_1545165,A boat with bicycles and people on it floating down a river.,dci
sa_1545169,This is a white airplane with a blue and yellow tail on a small landing strip.  There are some trees in the background.,dci
sa_1545172,"Two pairs of two people, all wearing masks, with the two in the front raising their right fists into the air.  Behind them is a tall wooden fence with a sign on it, some green trees and bushes, and a house.",dci
sa_1545174,Fireworks are exploding in the night sky near a river where there are lights surrounding the waterway.,dci
sa_1545176,People are marching together in a parade of some sort.  Some of the people are holding signs in the air.,dci
sa_1545178,A cityscape with many advertisements on the sides of buildings. There is an elevated crosswalk that has a group of people walking on it. ,dci
sa_1545179,Some students are sitting at desks doing work.,dci
sa_1545180,A street is lined with a number of buildings and market stalls. There are people walking around and several people riding motorbikes. ,dci
sa_1545181,Marble floor with red accent border.,dci
sa_1545184,People outside in the winter enjoying a outdoor concert.,dci
sa_1545190,A large ancient Colosseum with detailed carvings and a big arch in the center.,dci
sa_1545191,"A grey brick plaza in a city that has a line of parked cars in it.  Surrounding it on three sides are old, light-colored buildings with lots of windows and curved, decorated tops.",dci
sa_1545192,A gray Toyota Tundra pickup truck is parked on a curb. ,dci
sa_1545194,Two people work together to butcher an animal on a blue tarp outside of a building.,dci
sa_1545197,Soldiers in a forest watching across from them.,dci
sa_1545198,People walking a street browsing at the different stores.,dci
sa_1545203,People stand and visit with each other on the side of a poorer looking street in a city.,dci
sa_1545204,"Part of the facade of a fashion store with a big storefront signage reading ""CAROLL"". Only the upper part of the storefront windows is visible.",dci
sa_1545205,Multiple mannequin human figures dressed in middle eastern clothes on a small elevated platform in what appears to be either a museum or some other official building. One of the figures is riding a camel. ,dci
sa_1545206,A modern city sidewalk with numerous businesses on both sides.,dci
sa_1545207,This is a wooden fence near a wooded area.  The fence has a white and yellow sticker on it and is attached with silver hardware.,dci
sa_1545208,It is the frame for a roller coaster. It is pink and white. ,dci
sa_1545210,"A bright blue passenger train heading down a track, entering a station.  In the background are some green trees and yellow buildings",dci
sa_1545211,A horse drawn carriage is waiting on the street. The background is mostly buildings.,dci
sa_1545215,This image is of a one lane brick street tunnel.   The road has double yellow lines on both sides.   There are cars on the left side of the street and apartment buildings lining both sides of the street. ,dci
sa_1545218,Some athletes are rappelling down the sides of skyscrapers.,dci
sa_1545223,A black and white building rises above the surrounding buildings. In the background is a mountain covered in trees. ,dci
sa_1545224,This is four tiles together which come together to form a blue floral pattern.,dci
sa_1545227,"Here we see a grand hallway inside a religious building made from tile and marble, with arching ceilings, leading to a room under a small red arch. The hallway has 12 or so pillars, and the colors of the tile and marble range from bronze and gold.",dci
sa_1545232,People walk up to a traditional Japanese-styled building.  There are trees surrounding the building and smaller structure in front of it. ,dci
sa_1545233,A small helicopter hovers over a dirt field. There are people and cars in the area. ,dci
sa_1545237,Two women wearing masks walking and talking together.,dci
sa_1545238,The image presents an greenhouse conservation with a fountain down the center with colorful flowers on each end. The fountain includes a statue of a man. There are people in the background. ,dci
sa_1545239,A person is tracing the words that are written in a book with a yellow cover using their left hand.,dci
sa_1545241,A hallway with stores on the left and right sides. People are walking through the middle. ,dci
sa_1545242,Three vehicles travel down an otherwise empty street. There are trees and a building in the background. ,dci
sa_1545247,This is a building that is made out of brick material.  The building is standing on the corner of a city street.,dci
sa_1545252,"A black and white image of the outside of a large two story building, it is in front of a two lane street.  There are people walking in front of it and motorcycles are leaning on the side of the building. ",dci
sa_1545254,A young woman in a gray top. She has her hair pulled back. There appear to be several other people in the background.,dci
sa_1545255,This looks like a pile of rocks on top of a rock wall.  But it may also be a landmark.,dci
sa_1545258,The inside of a basilica.  The room contains an alter with decorative sculptures and stained glass windows.,dci
sa_1545260,It shows two people in blue outfits pulling a hose to a row of pink porta-potties.,dci
sa_1545261,A wide sidewalk with pedestrians walking past a row of buildings on the right and busy street on the left.  The sky is overcast and gloomy.,dci
sa_1545262,A man is riding/balancing his 4-wheeler on the two left-side wheels. There is a crowd of people in the background.,dci
sa_1545268,It shows a street with a big blue triple bus in front of a huge building.,dci
sa_1545271,Long multi-gate walkway area with a stone path to a place in the distance.,dci
sa_1545272,Two green camouflage pattern helicopters parked on a tarmac. The sky is a bright blue with a few whisppy clouds.,dci
sa_1545274,"A soft, muted sunset is showcased above the mountains.",dci
sa_1545275,An airplane sits on the tarmac at an airport. There are two yellow tubes attached to its underbelly. ,dci
sa_1545276,A man wearing a military uniform while sitting on a park bench next to a woman wearing a long brown coat.,dci
sa_1545277,A group of boats float on the water during low light.  Buildings can be seen in the background. ,dci
sa_1545278,A green store front with books in the window display.,dci
sa_1545281,"A well-dressed businessman in a suit and scarf, with a yellow and burgundy chair and Gatorade logo in the background. ",dci
sa_1545282,A row of self service machines are lined up side by side with just some pillars separating them. The machines are mostly silver with a red frame around the top and right.,dci
sa_1545283,"This image is a close up of a red and white lifesaving device on a dock.   You can see docks, water and building out of focus behind the floatation device.  ",dci
sa_1545284,Castle hotel under a blue sky across a bridge over a body of water.,dci
sa_1545285,There is an open area with a fountain.  In the middle of the fountain is some kind of decorative ball.,dci
sa_1545286,"Many colorful bowls are arraigned on a flat surface. Two large plates are at the center, with the left plate containing many small bowls. ",dci
sa_1545287,A young woman wearing a military uniform.  She has blonde hair that is tied back in a braid.,dci
sa_1545289,there is an unkempt brown grassy area through the broken window of an abandoned house. the wood of the window frame is rotting and stripped of paint.,dci
sa_1545290,A red mountain cable car going up against a backdrop of mountains.,dci
sa_1545291,People are walking down a street lined with buildings on either sign.  There is a trolley track in the middle of the street.,dci
sa_1545294,A man with long hair is in the process of playing an electric guitar.  ,dci
sa_1545295,Two people are standing close to each other. They are both looking at a phone.,dci
sa_1545297,"This image contains three 36 Shop drink vending machines at the start of a ski slope.   Each drink machine is a different color, red, white and blue, and contains different drinks which are viewable through glass on the front of the drink machine. ",dci
sa_1545299,A group of people exit through the doors of a building. ,dci
sa_1545300,a group of African men wearing robes stand next to each other under a tree. ,dci
sa_1545302,A man with a backpack is walking up a set of ornate stairs while a woman walks down in the opposite direction. There are hanging lights that line the staircase.,dci
sa_1545306,Tourists are shopping in an open-air market.,dci
sa_1545307,An area made up of moss covered stone walls. It looks like a courtyard area of a castle. ,dci
sa_1545309,"The area has a clear sunny day and is in a very busy city that has a very big arch-monument in the center, with a lot of people walking and interacting in the foreground. We see trees and a big office building in the far left.",dci
sa_1545310,Clouds float through a blue sky with sunlight beaming down. ,dci
sa_1545311,A festive parade. There is a marching band in front. Four mascots can be seen walking in the parade. There are trees in the background.,dci
sa_1545312,A person holding colorful designed money.,dci
sa_1545313,Seven white boats sit on a lake with brown-orange cliffs in the background.,dci
sa_1545314,There is a pool on the left side. There are plants taking up the background.,dci
sa_1545316,A gas station painted blue with white fuel pumps to its right.,dci
sa_1545320,A girl is getting a shot.,dci
sa_1545321,The front of a large white church building. It has religious figures painted in some spots on its side. ,dci
sa_1545322,A scenic view of the ocean on a sunny day and homes or buildings that are next to the water. There are lush green trees sprinkled throughout the landscape.,dci
sa_1545323,A large ship sits in the water pulling another ship. Buildings and vehicles are in the background.,dci
sa_1545325,"The location is an interior of what looks like an Indian building, with colorful stained glass windows, red carpet, and multi-colored pillows. The paint of the walls is white, and the ceiling has a reflective design that also have some golden elements. ",dci
sa_1545326,"Shrine with black background statue, flowers, candles, and wrapped fruit. ",dci
sa_1545327,A view of a street from down low. There are various buildings and people all around.,dci
sa_1545331,A group of snowboarders stand around in a seating area. Snow is actively falling. ,dci
sa_1545332,"The location is in a building in ruins, with residential houses in the background. The day is overcast with a lot of clouds in the area as well as towering mountains in the background.",dci
sa_1545333,three professional bicyclists pose for photos after a race at the winners presentation. The two bicyclists on opposite ends are holding up flowers. ,dci
sa_1545334,"The location features a Roman amphitheater in ruins, with various office and historical buildings in the background. The sky is bright and clear, with clouds present in the area.",dci
sa_1545338,"there is a spider lily featured prominently in the center in the center, facing forward. three more spider lilies are visible behind it facing the opposite direction. ",dci
sa_1545339,A postage stamp that depicts two men on the left and has wording on the right. ,dci
sa_1545340,Barbeque plates are prepared for take out.,dci
sa_1545341,"A plane with the front of it facing east/right and sitting at a location, possibly an airport, with the sun behind the tail. It appears to be turned off and there is a small structure to the right of it and ladder behind it.",dci
sa_1545343,Three soldiers are walking down a sidewalk.  There are 10 other people wearing hot weather clothing.,dci
sa_1545344,"Women  in sandals, blue jeans, and black shirt wearing a mask outside a dilapidated brown building entrance.",dci
sa_1545345,Graves stand with crosses on the top of them in a small cemetery bounded by a black fence.  There are trees growing in the area as well.,dci
sa_1545346,The room appears to be a medieval torture museum complete with a large torture table in the center. The room looks like a cell and a woman is posing to the left of the table. ,dci
sa_1545349,This is a white van that is parked near a building with a roof with a brown roof on it.,dci
sa_1545351,There are yellow and pink flowers growing in front of a large yellow building.  The sky over the building looks ominous.,dci
sa_1545353,A large crowd of people sitting in the dirt with chickens of varying color.,dci
sa_1545354,This is a room with a neutral colored tiled floor.  There is a chandelier overhead and artwork surrounding the walls.,dci
sa_1545355,Multiple colorful sheds are lined up together. They are numbered in order.,dci
sa_1545357,"on a clear, blue sky a lone helicopter takes flight high in the air. the helicopter itself looks small as it navigates the skies.",dci
sa_1545359,A small white building that is next to a taller yellow building. It appears as if there are multiple towers/structures that are a part of a building in the back as well.,dci
sa_1545362,There is a big building. A white Volkswagen beetle car is parked in front of the building. There are trees and flower pots in the compound.,dci
sa_1545365,"It is a large brick building with many layers and windows, against a blue sky. ",dci
sa_1545371,Black and white photo of a row of five cyclists biking on a pathway. Behind them is a large tee trunk and a man standing next to a building with a brick facade.,dci
sa_1545372,It shows the front of a green train. It is outside and there is some greenery in the back. ,dci
sa_1545373,A group of boats are docked near piers.  Mountains in the background tower over the body of water beneath them. ,dci
sa_1545378,a blue and white tugboat is docked along a body of water. cars and buildings are visible in the background.,dci
sa_1545379,A fantasy playground sits beside a parking lot,dci
sa_1545381,A red a white airplane sitting on a concrete runway. The airplane is sitting  in front of a glass and metal building that is rounded at the top.,dci
sa_1545383,The tall columns of a ruin stand on a field. One of the columns has fallen over and lays on its side on the ground.  ,dci
sa_1545385,This image shows people engaging in a race event on a city street. They all seem to be walking or running slowly based on their cadence.,dci
sa_1545391,It shows the display windows of a shop on the left and a flower bush on the right. ,dci
sa_1545392,A large stone head has been carved out of the side of a cliff. There are destroyed walls in the foreground. ,dci
sa_1545393,A pale yellow church building,dci
sa_1545394,"Red, white, and blue flag flag of Missouri depicted within a stamp over the illustration of a cityscape with trees left of a steamboat.",dci
sa_1545396,A black and brown statue of a girl with long hair with a cat and a rabbit.  she is wearing a dress and her arms are out to her sides.,dci
sa_1545397,"a man driving a Vespa style motorbike is making a left turn on a road towards the foreground. there are parked cars, buildings, and trees visible in the background.",dci
sa_1545400,"Construction area with a flatbed truck, backhoe, and crane with dirt laid ribbed ground among steel pipes and iron rods laid out over the ground.",dci
sa_1545402,It is some sort of show that has some displays by companies. There are big signs and displays and it is in a big room. ,dci
sa_1545403,Cars are parked on either side of a city street. Shorter buildings give way to taller buildings on the far side of the street.,dci
sa_1545404,Ten white plastic bags filleld with some kind of commercial products are sitting on a table. Behind them on the same table ten clear platsic bags are filled with some kind of products.,dci
sa_1545406,A woman stands at the center of the image with a nature scene behind her. ,dci
sa_1545408,A person facing the left side of the screen who is wearing vibrant colors and showing their hands. They have their left hand flat out while having two fingers from the right hand touching the left hand.,dci
sa_1545413,Six people who look like they are participating in a marathon run along a street. ,dci
sa_1545414,"Rounded dome buildings sit behind a plain black mesh fence. A sign hangs on the fence with the German words in white and gold, ""Vollmond Conzerte, Toskana Therme, Jeden Monat, Zum Vollmond."" There is a sunlit moon left of the middle of the dark blue sign. ",dci
sa_1545415,There are transparent glass boxes arranged n a table which is inside a room. There are objects inside the boxes. ,dci
sa_1545417,People stand in the arena of the Colosseum.  Multiple stone arches surround the ground floor. ,dci
sa_1545419,A large white building. The building has a balcony in the front center. There are four flags hanging from the balcony.,dci
sa_1545421,A bridge crosses two waterways and leads into a city. Powerlines line the length of the bridge and a grassy swath of land splits the waterways.,dci
sa_1545422,The photo depicts an aisle of a food market inside a large warehouse type building. Each side of the aisle is composed of what appear to be individual sections. It is possible each section is an individual shop being rented by a business owner. Each of these shops has a different design and features colorful signage with text in what appears to be Hindi. Most of the food that is visible is packaged and appears shelf-stable.,dci
sa_1545425,There are a lot of cars parked in the street. There is a large tree in the middle.,dci
sa_1545427,A man in a yellow outfit holds a stick in his right hand as he walks along a pathway.  There are people walking along the background. ,dci
sa_1545429,A beach filled with people and seating areas. There are boats and people on rafts and swimming in the water in the background. ,dci
sa_1545430,"The city street that the photo is taken has an ongoing parade that is currently being viewed by a lot of people. A man waves a Leather Pride flag and there is a prominent man in the center wearing only leather straps and a leather miniskirt that resemble a medieval armor, but worn in a very revealing way.",dci
sa_1545432,People standing in line and sitting against the walls.,dci
sa_1545433,An alleyway with a lot of people walking around. There are decorations on the buildings on both sides.,dci
sa_1545435,A group of people walking towards the right side of the picture. Each one is wearing different clothing and there are two individuals standing on in the middle of the picture next to each other.,dci
sa_1545436,Older well kept green car with driver waving leaving an event car park.,dci
sa_1545437,A palace on a hill. The palace looks like a multi-colored castle. There are several trees and shrubbery in the front. ,dci
sa_1545439,the lake is almost as clear and blue as the sky above the treelined horizon. there are lots of revelers on the beach and in the water. ,dci
sa_1545440,A castle wall and door is inside of a stone building.,dci
sa_1545442,Cars are driving on the road towards the fore ground. There are buildings on both sides of the street and people as well. ,dci
sa_1545444,Wet decorative coffin in front of white and red brick building that has the letters DOM. ,dci
sa_1545446,"the yellow stamp honors a man named EI-ICHI NEGISHI. the man's portrait is in the center and is from 2011. the text, ""République du Congo"" is along the bottom.",dci
sa_1545451,People are standing in front of a large building. ,dci
sa_1545453,A black and white image of man holding a paint roller while sitting on a small platform that is suspended in the air next to a buildings external wall.,dci
sa_1545455,A person is in the water holding onto something that is triangle shaped. ,dci
sa_1545457,There are four girls wearing pants and head coverings. They are in an eatery.,dci
sa_1545458,Woman with long brown hair and necklace,dci
sa_1545460,It is the four rings logo made of metal.,dci
sa_1545462,It shows a trailer in front of a forested area with a lot of trees. ,dci
sa_1545464,It shows the outside with a big white building on the right side and one next to it. ,dci
sa_1545465,A costumed person at the end of a long corridor of arches,dci
sa_1545466,It shows two people at a window ordering something. There are ornaments and it seems like wintertime. ,dci
sa_1545469,"This image is of an European ambulance parked by the side of a hill.   The ambulance is bright red and very clean, it says ""VEHICULE DE SECOURS ET D'ASSISTANCE AUX VICTIMES"" on the side in white and an 18 and 112 are split by an old fashioned phone receiver.   ",dci
sa_1545471,An outdoor display of sculptures,dci
sa_1545474,a row of boats are docked at a marina along the bottom. in the background of the lake are large hills with buildings peppered about. ,dci
sa_1545475,It is a stamp that depicts a picture of two men on bicycles and has some writing.,dci
sa_1545477,A closeup photo of a bas-relief sculpture depicting a woman reaching her right hand towards an ominous ship.,dci
sa_1545478,"A desert with low-lying, light green and beige vegetation.  In the background is a large brown stone mound rising above the desert and sitting beneath a nearly cloudless pale blue sky.",dci
sa_1545480,A smartphone lays flat on a black surface next to a pot.  ,dci
sa_1545481,The photo shows a city street. The sun is on the horizon and lines up with the direction of the street. To the right of the street is a row of buildings. To the left is a sidewalk with people on it and a fence. ,dci
sa_1545483,"There is a large church in this area that has a dome shaped roofing with at least three floors. There are also old buildings that surround the church, and the time of day is an overcast day with heavy clouds in the area.",dci
sa_1545487,A blue car sitting between double doors,dci
sa_1545488,It shows a street sign on a street corner with the street behind it and buildings on either side.,dci
sa_1545491,"The image depicts a luxury spa room with a gold theme. There are multiple large lounge chairs, a table with tea, a tv, a large bathtub, and spa slippers. ",dci
sa_1545492,An old brick building with a red roof sits on the corner of a city street. There is a tall white building in the background. ,dci
sa_1545493,"A glass conservatory or green house comprised of windows with white frames and an arched doorway, fronted by a small patio of grey stone surronded by a red brick walkway. The background is blue sky with low cumulous clouds",dci
sa_1545494,"In the center of the image, a man rides a bull along a dirt racetrack. In the background, rows of people are seated behind a railing watching the race.",dci
sa_1545495,A person is sitting on the floor on the side of a store. They have a blue blanket over their legs.  ,dci
sa_1545497,A walkway bordered with lavender,dci
sa_1545498,A u shaped face,dci
sa_1545500,"A group of young children in formal clothes standing in a street, lined up in a single-file line, holding flowers. In the background are some adults to their left, and behind them all are some trees and a big, white apartment building with windows.",dci
sa_1545501,there is a bustling city walkway with shops lining the right side. there are buildings in the background and cars in the road to the left of the street.,dci
sa_1545503,A road with people and a car. There is a building behind some trees in the background.,dci
sa_1545505,"It is a close up shot of the outdoor sign of an Italian restaurant, on a brick building. The building is made up of long horizontal rectangle grey bricks.",dci
sa_1545506,A pavilion sits at the back of a rocky nature area. ,dci
sa_1545507,"This shows a man walking on a sidewalk during a cloudy day near a large body of water. In the distance in the background, a city can be seen.",dci
sa_1545508,"The photo is a black-and-white photo of a tombstone from a graveyard. The location has a lot of trees in the area, as well as shrubs and leaves scattered in the area.",dci
sa_1545511,"Empty street with closed ip buildings on left side. Undetermined items on far right side of street, looks like storage facility.",dci
sa_1545513,It shows a green grass race track with a large building behind it and other smaller buildings. ,dci
sa_1545515,Five stone pillars are lined up on the ground. They are in front of a scenic background.,dci
sa_1545516,"This image is of a campgrounds, there a several tents and campers visible.   There are grass and trees and a grey sky overhead. ",dci
sa_1545518,Two girls reading a book. The girl on the right has a stack of books with blue edges lined up to her forehead while the book the two are looking at has a yellow and orange top with a blue bottom. ,dci
sa_1545520,"A green field or park in front of some fountains. In the background are a line of croatian flags, some red -roofed buildings, a churck, and a mountain with some buildings.",dci
sa_1545521,"Buildings, trashcans, and vehicles seen form inside a BMW with is dashboard visible. The steering wheel, radio, and navigation panel can also be seen.",dci
sa_1545522,"There are multiple people in this photo, and the most prominent person is a woman lying down a hospital bed in the middle of a street with two three individuals looking at the woman and one interacting directly to her. A tall gate and fence can be seen behind the people, with tall trees and buildings that can be seen behind the fence. ",dci
sa_1545523,"People walk in front of a very decorated, large white Michael Kors shop. There is a tall plant in the foreground, an unused building to the left, and part of a large ad on the top left. ",dci
sa_1545524,A bottle sits on a table. There are trees in the background,dci
sa_1545525,A sample collection station or kiosk in a location. There are gloves for workers to take samples from others and written tips to stay sanitary. ,dci
sa_1545526,This image shows a man finishing a race on a red carpet.   It is under a tree and the lanes are lined with blue and orange cones. ,dci
sa_1545527,an electricity substation is built on a small hill. there are symmetrical tower structures that is fenced around its' perimeter with warning signs displayed throughout.,dci
sa_1545529,"It is an image of a plane taking off on a lane near a big body of water, with a rock wall and flat grassy land around the lane.  The plane is not far off of the ground and it say ANADOLU JET on the side with red and blue letters.",dci
sa_1545532,A tall plant with a brown stem growing amongst the grass around it. ,dci
sa_1545533,"A statue of Jeanne D'arc, behind a row of pink flowers and in front of a grassy field that has a bunch of palm trees on it, all in front of a blue sky.",dci
sa_1545534,"A person doing a yoga pose on a rocky beach with a thatched umbrella and chair Beyond the beach is calm water with boats, trees and mountains.",dci
sa_1545535,"In this closeup image of a police car, the white side of the car is visible with a blue strip running across it. ",dci
sa_1545537,Multiple seals swimming in the water close to a rock.,dci
sa_1545545,Expensive antique cars lined up behind a protective rope,dci
sa_1545546,People are walking on a path that winds on the side of a stream in a wooded area.,dci
sa_1545548,A tall building stands on the side of a street. There are other buildings throughout the background. ,dci
sa_1545550,"The image depicts a shiny red supercar on black carpet, most likely at car show. There are also car show staff in suits, black curtains, stage lighting, and another car in the background. ",dci
sa_1545553,"A mostly white, simple, clean room with blue accents.",dci
sa_1545555,The photo depicts a small number of people swimming in a pool at night. ,dci
sa_1545556,There is an outdoor eating area of a cafe on a street corner.,dci
sa_1545559,"The image is a scene during gameplay of a soccer game, two opposing teams are on the field and the referee is holding the ball in the air.  It is outside in a soccer field, there are sponsor banners all over the arena, and big crowds in the top stands. ",dci
sa_1545560,The outside of a retail store with people walking by.,dci
sa_1545564,"Here we see a small WW1 memorial outside of a medium sized orange brick building. The war memorial contains a statue of soldiers with their backs against a cross, a triangle underneath with red flowers, and a walking path to the right that takes you under green trees.",dci
sa_1545566,A busy scene of people in a narrow walkway of either a Chinatown or in China. ,dci
sa_1545569,A group of five visible boats on a small body of water. There is open land and mountains in the background.,dci
sa_1545570,A man in a black shirt is working on an electronic piece. He has the wire in his mouth. ,dci
sa_1545571,This is a seating area of a restaurant.  There are four wooden tables with four chairs at each table.,dci
sa_1545572,A group of about fifteen people with face masks and blurred faces walking in one direction in front of a beautiful Buddhist temple. The photo is taken midday.,dci
sa_1545574,Close up of a Lemon Ginger drink package. ,dci
sa_1545576,A paved street that leads to a large church with two steeples. There is a large two story building on the right.,dci
sa_1545582,A cityscape during the daylight in an area with palm trees and a beach area. There are tall skyscrapers and other buildings in the background with various people walking outside on the sand. ,dci
sa_1545584,an old fountain stands in the middle of the building square. there is a sprawling building and people walking in the background. ,dci
sa_1545585,This is a person dressed in costume.  The costume is red mostly and there is a red and yellow head dress.,dci
sa_1545587,"Hotel bedroom with large bed, front seat cushion, full bathroom, and extra open space to move around in the day light through the windows.",dci
sa_1545594,A vibrant yellow and red building surrounded by a lush green forest.  A bright blue sky with a large cloud is in the background.,dci
sa_1545595,It shows a bike lane with a metal fence on the left and a concrete fence on the right. There is an orange sign on a metal pole.,dci
sa_1545596,A broad old-world plaza full of tourists. A long elaborate brick building with arched windows and a crenellated roof runs along the plaza. Behind the brick building on the left is a large clock tower. A more modern glass building can be seen on the extreme left.,dci
sa_1545597,"A woman stands in the foreground. Two men are in front of her, with the one on the right dressed similarly.",dci
sa_1545600,A large group of people are gathered to take part in a demonstration. ,dci
sa_1545601,This is a large skyscraper under construction.,dci
sa_1545603,This is a woman with a black cloth over her head.  She is removing a face mask.,dci
sa_1545604,the scene of two the finish line area of a marathon. there are people running towards the foreground in two lines divided by cones. ,dci
sa_1545605,"In this area we see three country-style houses, with one being at the bottom of the incline of the ground, second being at the middle, and third at the very far-right of the photo. The photo is taken during a clear and sunny day, with minimal clouds in the sky.",dci
sa_1545608,Four orange monkeys holding Hilton Hotel signs leading their group in a parade that is in an urban setting.,dci
sa_1545610,A multilevel capitol building under an overcast sky behind two trees. ,dci
sa_1545611,Dancers dancing on an open-air stage,dci
sa_1545613,Packages of Mihochi ramen noodles,dci
sa_1545614,Tank fire being put out by fireman,dci
sa_1545615,an open garden center or greenhouse selling gerbera flowers that are mostly pink except a yellow one. ,dci
sa_1545618,It shows a walkway on the left side and water on the right. There is a big boat in the water and a building behind it.,dci
sa_1545619,Three children in colorful ski uniforms are taking part in a race through the woods. Behind them is a forest of white-barked trees.,dci
sa_1545620,A mosque tower standing tall within a gated area of regular and palm trees.,dci
sa_1545621,Three men and a dalmatian dog riding an antique horsedrawn carriage with old Budweiser crates and a Christmas tree in the back.,dci
sa_1545624,Buildings that make up a resort complex stand in an area near the ocean. ,dci
sa_1545626,There is an outside area with a lot of people walking about. There is a big green arch on the left and some buildings. ,dci
sa_1545627,A group of protestors dressed in white walking down a street and some carrying flags.,dci
sa_1545629,A bus sits outside of busy bus station. Some people are walking by in front of the bus while others appear to be waiting to board it. ,dci
sa_1545630,"A fish-eye photo of people kayaking in front of an island full of trees. The body of water is calm and has a green color, and the sky have a lot of clouds that cover the sunlight.",dci
sa_1545631,Man with face screened out standing in front of trees. A house is visible in background.,dci
sa_1545634,"A white carriage, decorated with purple blankets and flowers, is being pulled by a brown horse in a park.",dci
sa_1545637,"The scene depicts a city canal that is lined on either end with small boats. There are two walkways on either side of the canal that people are standing or walking on. The camera is pointed down the canal at a leftward angle, so buildings are fully visible next to the left walkway, whereas only the edges of some buildings are visible next to the right walkway. It is daytime, and the sky is blue-gray. In the distance above the left walkway buildings is a tower.",dci
sa_1545638,"A color guard in red, white, and blue uniforms carrying flags and a sign, marching next to a soldier in fatigues.  Behind them is a grey truck, some palm trees, more people, and a white building with green roof.",dci
sa_1545640,A KLO sign stands in front of a cloudy dark sky.  The KLO sign is yellow and black. ,dci
sa_1545642,Party favors from a baby shower of a person who is having a boy.,dci
sa_1545644,A variety of different paperback books that are stacked together.,dci
sa_1545645,A southern europeean town at twilight with white-painted well-lit apartments and buildings. The sea can be seen in the background.,dci
sa_1545646,"A protestor in a black hooded jacket and old school gas mask holds a flaming, smoking molotov cocktail.",dci
sa_1545647,A girl in a pink dress with a pink and white tutu is in a parade holding a sign on a stick. The sign is of an apple with a word in blue lettering from and a large stem with green leaves.,dci
sa_1545648,"a portrait of a sheepherder taken from the waist up in front of a rocky area. he is holding a staff and wearing a blazer, hat, and scarf. ",dci
sa_1545649,A white room with an elegant design. There are stained glass windows on the far end and a decor that looks similar to a chandelier. ,dci
sa_1545650,There is a child that is looking at a childrends book . They have tanned skin and are wearing a white hood the book shows a monkey splashing around in the water,dci
sa_1545651,This is a horse pulling a cart with two men on it down a path.  There is a building with a white sign on it that says Paletas in red on the left side of the path.,dci
sa_1545652,Numerous white apple charging cords swirled in a wooden bowl.,dci
sa_1545653,A man in a blue tshirt and khaki shorts stands on a beach and looks at six long fishing boats in the ocean,dci
sa_1545655,A high traffic urban setting with a lot of people walking in a crosswalk.,dci
sa_1545656,A cluster of multicolored locks hang together. ,dci
sa_1545657,Two cyclists ride along a paved path between tow grassy areas. Another sidewalk runs perpendicular and a man with arms braces walks along that in the background.,dci
sa_1545658,"The area in this photo features a coffee shop named ""The Coffee Club"" with a large prominent sign in front of their coffee shop. There are three cars parked in front of the coffee shop in this city, where it is currently sunny.",dci
sa_1545659,A city landscape at night. There are highways leading to the inner city with several skyscrapers in the background.,dci
sa_1545662,"A town plaza with a bright pink stucco building at the left of the image, an historic white building on the right and a green copper statue in the foreground. There are many people milling about the plaza.",dci
sa_1545663,A white and tan grand sculpture like castle is in the middle of the square with a large building on its left. There is many people walking in the square with gray stone tiling and big lamposts seen also,dci
sa_1545664,A floating village is shown with people walking around in front of a body of water where a boat is floating that is used for transportation. ,dci
sa_1545665,A lane of white two-story buildings with green awnings and iron gratings. It is a sunny day and tourists are eating outdoors at a restaurant and walking around in the bright sunlight in shorts and skirts. ,dci
sa_1545666,People riding a yellow water amusement park ride.,dci
sa_1545667,"A sticker of a girl with her hands in the pockets of her jacket, wearing a hat with a pair of beer or soda cans.",dci
sa_1545669,"This is a small white two engine Viking Twin Otter Series 400 Airplane.  It is parked in front of a building undergoing renovations, it is taped off and being painted by men on ladders.  There is another grey nosecone sitting under one wing. ",dci
sa_1545670,This is a front of a building that sells food and drinks.  It has wooden doors in the front of it and a big red sign with white letters on it.,dci
sa_1545672,A busy city street flanked by a large group of people,dci
sa_1545674,A beach with many people both on the sand and in the watter tanning swimming and riding. There is also many visible buildings in the distance and it is a very foggy day over the bay,dci
sa_1545677,It shows a waterway with two boats. Behind that is a sidewalk with a lot of people and buildings behind them. ,dci
sa_1545679,There is someone with a blurred face their body is painted orange and they are in a crowd of other people wearing colorful garments. There is a type of red tent in the background of the image and a black umbrella is being held but one of the people.,dci
sa_1545682,"A bronze statue of a female standing on a platform and the statue is heavily covered in a green patina, accented with a bronze belt and holding up three bronze stars over her head.",dci
sa_1545683,people are walking through a narrow brick path located between a café and art gallery. ,dci
sa_1545685,"A policeman in black gear and a black baseball cap talks to a young man wearing a gray shirt and black backpack. In the background, there is a buying area with handwritten signs.",dci
sa_1545686,"It shows a storefront in a mall, including the sign with the name.",dci
sa_1545687,"A light brown brick building with a dark colored roof and two glass store front windows. The words ""BIG LOTS!"" is written on the front twice.",dci
sa_1545688,An amusement park ride extends passengers into the air.  ,dci
sa_1545689,"A person posing for the camera, face is blurred, she's wearing a cotton hat and Christmas decorations and there are others behind her. ",dci
sa_1545692,Overlooking a road way with three lanes as many cars are currently driving through or around it. There is a walking bridge that passes overhead and a couple of skyscrapers are on either side of the road way.,dci
sa_1545694,There are a lot of rocks of different sizes. To the right are some plants and in the background is a huge castle.,dci
sa_1545695,"This is a picture of a man on the left and a woman, with a rose between them. The people are middle eastern and the rose is red with white insides of the flower.",dci
sa_1545696,These are buildings that are standing near each other.  One of the building is an older one made out of stone and the other two or newer houses.,dci
sa_1545698,Two people in the foreground are standing in front of a white sign. The left one has a phone in his hand.,dci
sa_1545699,There is a boy standing on a staircase that leads into the water. There are trees on a distant shore.,dci
sa_1545700,"Buildings on the right that are old and made of stone with water in the middle. There is a stone bridge in the front of the picture, a couple boats in the water, and it is a clear day.",dci
sa_1545701,The outside dining area of a restaraunt that is on the water The entrance has plants that are green and there is a bridge in the distance with skyscrapers visible also,dci
sa_1545703,A male paddleboarder on a yellow and green board,dci
sa_1545704,Sailboats docked near a street bordered by buildings,dci
sa_1545705,There are lot of people at this park in the woods. A food stand is selling drinks and snacks off the left and there are people walking all over. ,dci
sa_1545706,A very crowded street with a colorful sign for Patong Beach Phuket Thai Land over the top of the street. There are several people and cars.,dci
sa_1545707,"This is a rock island in a ocean bay with light waves, hosting some seals.   Across the bay is a mountain that is covered with trees except for some barren rocky areas. ",dci
sa_1545708,A man is in a boat in the middle of the water. There are buildings in the background.,dci
sa_1545709,A woman washing clothes on a rock,dci
sa_1545711,a tiny hermit crab sits in the middle of the sandy beach. there are tiny little pebbles all around it. ,dci
sa_1545712,There are four people in the middle being held up by a plethora of other people. There are buildings in the background.,dci
sa_1545713,A FedEx truck parked along the grass,dci
sa_1545715,"A woman is walking in tall black high-heeled sandal shoes wearing a dress with traditional Chinese dragon prints of tan, black, and blue. The skirt is white and flows outwardly, and this is shown from the waist down.",dci
sa_1545718,A black wall with yellow painted light bulbs and a city skyline. White cursive writing a red fire extinguisher and a encased white fire hose in a red box.,dci
sa_1545719,There is a castle lit up with all kinds of colforful lights and three bursts of fireworks are overhead. There is a pool reflecting all of this and another smaller building to the right with lamps illuminating everything ,dci
sa_1545721,A woman is sitting on top on a wooden bench with a bag in hand. Behind her is a shop with 2 bins on the counter. The items in the background are stacked neatly.,dci
sa_1545722,A tropical area with a couple of different buildings the building in the back has a white and brown roof and is tall while the close building has a thatched roof and some brown poles on it. They are surrounded by palm trees and a road runs in front of them,dci
sa_1545723,"A line of three charter buses with the brand Panturist written on them, are traveling together on a road. ",dci
sa_1545724,Brick buildings are lined up in a row. There are bare trees in front of the buildings.,dci
sa_1545726,A river with dark green colored water runs along the center of a marketplace-type area. ,dci
sa_1545729,Boat sitting in museum area in front of people in back with glass panels with objects behind them on both sides.,dci
sa_1545731,An industrial section of a city with a factory that is emitting smog into the air. There are some various tall and smaller buildings in the background as well as cars on streets below. ,dci
sa_1545732,Singer with a very colorful shirt ,dci
sa_1545734,Rickshaw rides on the boardwalk,dci
sa_1545738,A bright day with some clouds in the sky there are 5 fenced in silos that are blue green and yellow. The fence running around them is covered at the top with wire and there is red signs along the sides of it,dci
sa_1545742,"This is a soccer game in Asia. There is a man in a blue uniform kicking the ball and a guy in a white uniform playing defense. They are on a well manicured pitch, with advertising walls in the background. Behind the advertisements, there are hedges, and atop the hedges are bleachers of fans.",dci
sa_1545743,Dancers wearing traditional Asian style red dresses are dancing. All of the dancers are blurry from motion.,dci
sa_1545744,"This is the outside of what appears to be some sort of asian store. It's the traditional asian style, with large overhangs and a sign in front. There are black signs with white lettering to show what's for sale.",dci
sa_1545745,"This is a temple or something that's carved into the side of a rock face. It has decorative pillars, an entrance, and many extravagant details. The entrance is blocked by glass panels, which means this is most likely a museum now or something for tourists to see but not go into.",dci
sa_1545746,People walk past stores in a building.  A souvenir store on the left has multiple items for sale on display. ,dci
sa_1545748,Many people are sitting on a ledge. There are tents on the sand.,dci
sa_1545750,"This is a building with an ornate front. The roof includes three tiers and a parapet in the middle, that juts above the whole structure. It has a background of sky and white clouds",dci
sa_1545752,This image shows an overhead view of some buildings in a forested area. The buildings are mostly brown in color with triangular roofs.,dci
sa_1545754,Buildings line the left side of a street.  Cars are parked are parked around the houses.,dci
sa_1545755,"A man standing in a driveway in front of two houses, one behind him and one to his right.  There are two cars and motorcycles in the driveway, and trees and a hill in the background.",dci
sa_1545756,A close-up of a child's drawing on green paper. There is a cutout dove above it and the light blue sky in the background. ,dci
sa_1545757,An aerial shot of a water slide that's mostly blue colored with an orange outside. It snakes around some stone towers and a rock structure. ,dci
sa_1545759,"A store selling fresh cut durian fruits on wooden shelves, some are packaged individually in plastic trays while some are sold in full size. ",dci
sa_1545761,A wide river flows under a bridge. A city is visible in the background. ,dci
sa_1545763,A group of Buildings all with a white face besides the brick red building on the end in front of them is a square with a couple of people walking and a handful of trees in front of each of the buildings,dci
sa_1545764,A low and long business sign made of concrete and set in a park like setting.,dci
sa_1545766,A photo of the interior of a small overstocked store selling underwear and different accessories.,dci
sa_1545768,We are in a terminal with a lot of listings on lightboard up above that is black with a lot of yellow orange letters on them. There is a blue sign that says King's Cross there also and  behind the windows there are more buildings visible.,dci
sa_1545769,A large open area with a massive rounded stadium. There is a courtyard-like are with all of the nations flags on poles in a circular formation. The weather is clear and people are dressed in short sleeved clothing.,dci
sa_1545770,A square rock wall with stairs going down into the opening in the middle and a large tree branch bowed over the top,dci
sa_1545774,Four large wheels on some kind of heavy duty vehicle sitting in grass. Lower part of vehicles  frame is visible. ,dci
sa_1545776,"A mound of colorful flowers in a grass median on a city street.  At the top of the mound is a red and white statue, and on either side of the grass median is a city street with pedestrians and tall buildings.",dci
sa_1545778,"A city crowded with buildings, with a cloudy sky above",dci
sa_1545780,"There is a group of people in black running a little exercise for little kids, with two little kids punching.",dci
sa_1545782,This is a green tank in a parking lot on a clear day.  Many people are standing around it.,dci
sa_1545783,This is a boat that is on the shore.  The boat is blue and has a grassy roof and a motor on it.,dci
sa_1545785,On a beach with two boats on the shore that are both red and yellow it is the afternoon with a lot of orange in the sky and the open sea in out there,dci
sa_1545788,A large multi-windowed building with potted plants out front and an A-Frame out front. There is one open door all the way to the left and the rest closed.,dci
sa_1545789,There is a city street with tall buildings on both sides.,dci
sa_1545790,A display of Japanese mythological figures sits above a crowd.,dci
sa_1545794,A picket type of fence going across the left and right of the image and is on the sand beach. In the background is seven different houses.,dci
sa_1545795,A red white and blue public transit vehicle on a concrete bridge,dci
sa_1545796,A white van parked on the street in front of a nondescript building.,dci
sa_1545797,"Beautiful ornate buildings with maroon colored roofs and dome, set behind an iron fence.  A line of trees are situated between a sidewalk near the fence and a street.",dci
sa_1545798,Train track run across the ground. There are trains and buildings.,dci
sa_1545799,A lake that is blue with a lot of green in it also close to the camera are two boats and further away there are a couple of more boats that are docked on the buildings on the water ,dci
sa_1545801,"A large chateau-style public building overlooking a large bank of conrete steps, a lawn, and a walking path.",dci
sa_1545802,A selection of a variety of name brand makeup including lipsticks and foundation are displayed in a store. ,dci
sa_1545804,A busy korean street and intersection with many people walking and a korean flag seen flying from a building on the left. There are may cars driving through and a blue bus also. The building in the back is a brick building also,dci
sa_1545807,This is an ornate building made of white stone. It looks like an old church with an addition to the right. The background is a building on the right and a big blue sky above.,dci
sa_1545809,"The area is in a very large city in a metropolitan area filled with buildings and skyscrapers, as well as some trees. The sky has an orange color, indicating that it is close for the sun to set.",dci
sa_1545810,Several appliances stand in the foreground. There are people on the left and right hand sides.  ,dci
sa_1545811,Stone statue of woman with a cart and ropes in front of an old stone building left of a walking woman and modern building.,dci
sa_1545812,A picturesque sunny scene of lush green bushes and bountiful hydrangeas almost in bloom.,dci
sa_1545813,This is plant with purple flowers that are blooming.,dci
sa_1545816,"This is a picture of two men serving food out of a small truck. They have two people sitting in front of their truck either waiting for food or waiting to order. They are looking at the menu. The truck has a green sign and is white, with a fold-down flap in the back to serve from. The truck is parked on a street, with a sidewalk behind it and in front of several buildings",dci
sa_1545817,This is a scene where there are several houses standing on the side of a hill.  There are trees at the top and it seems to be fall.,dci
sa_1545818,An open roadway with an eightteen wheeler driving right on it. In the background there are a lot of shipping containers and a couple of cars with another eighteen wheeler visible in the parking lot,dci
sa_1545821,"A row of cars are parked on a street next to a river with a large bridge going across it. On the other side of the river, a city is visible with numerous buildings. ",dci
sa_1545822,Four offroad vehicles in front of some tents on a grassy field. There is a Series 2 club sign and some multicolored pennants.,dci
sa_1545824,"In the foreground is an open air plaza filled with many groups of people. In the background a row of older buildings stands in front of tall, modern skyscrapers.",dci
sa_1545825,The ywllow wall of a building that is very torn up there are six window visible the window on the bottom has brown rusted bars on it. The roof is a type of brown wood tile design,dci
sa_1545826,Various forms of ceramic tile and wood that is connected to one another to form the side of a building. ,dci
sa_1545827,A statue of a mother cow and a calf displayed in an outdoor setting.,dci
sa_1545828,A group of twenty Asian men and women pose for a photo on a black brick plaza. There are tourists and a tan brick building with arched windows in the background,dci
sa_1545829,Many people are walking around buildings and shops. There is a pagoda in the back.,dci
sa_1545834,It is the image of the undercarriage of a car.,dci
sa_1545835,There are two roadways that are near a covered area that is in the water.,dci
sa_1545836,A group of people who look like they are participating in a marathon are moving down a street. ,dci
sa_1545841,"This is an old world inner city walkway that is lined with shops and restaurant tables.   The street is filled with four story, brightly painted row houses.",dci
sa_1545842,a hand is holding a Samsung mobile phone with the application download screen for the game Pokémon Go. there is foliage in the background.,dci
sa_1545843,People who are drinking at three tables and people that are also drinking on a black sofa. The background has very colorful walls one of which is blue polka dots and then pink and white lightning ,dci
sa_1545844,A man is running in a black shirt and shorts; he has a water bottle in hand and is wearing a 6066 sign on his shirt. There is a woman in the back running too and they are running outside during the day on a gravel road.,dci
sa_1545846,It shows a classroom with some tables that have computers and a big screen at the end. There is a child at the computer.,dci
sa_1545849,This is a coastal scene from an overhead view.  There are several large houses in the area.,dci
sa_1545851,There is a big gray building in the center. There are people walking around and other buildings around it. ,dci
sa_1545854,This is a statue that is standing behind a white fenced area.  There are people sitting on the steps near the statue.,dci
sa_1545856,A crowd of people are gathered together and looking at something on the left. ,dci
sa_1545857,A cloudy bright blue sky where a green jet is seen and people are in the process of boarding it. There are a handful of vehicles visible on the tarmac and a bright green field in the distance,dci
sa_1545858,A silver car is parked on the side of the street. There are trees behind the car,dci
sa_1545860,A one way road that is split into three lanes with four signs visible less visible on the right side is another road that is going the opposite direction. There is a bridge below the highway above also,dci
sa_1545863,"A woman wearing a blue and white tube top and skirt is holding a black sign that says ""2 KIKI OPT"" with her hand on her hip. There is a car behind her and various people in the background, as well as a white umbrella.",dci
sa_1545864,A large square with a big cross like sculpture made of stone in the front to the right of it is a cathedral with a rounded top and a cross on top of it also. In the background there is a giant circus tent like building with another cross in front of it,dci
sa_1545865,"An aerial view from a distance of a large castle estate atop a hill, small town below, and river flowing nearby under a well built bridge. ",dci
sa_1545866,A large Christmas tree is on the ground. There are buildings lining the background,dci
sa_1545867,"A picture of a temple or building sitting near some trees with orange, yellow, and red leaves. The sky is cloudy, but you can see some blue.",dci
sa_1545868,"there is a golden carousel in the middle of a public square. there are people, trees, and a couple of large buildings in the background. it is daytime. ",dci
sa_1545869,Woman is standing on her right toes in a type of post in the background there are a handful of trees and plants visible she is standing on what looks like a stone patio,dci
sa_1545871,This is a restaurant with two point of service computers on the counter.  There are two white menus on the wall behind the counter.,dci
sa_1545873,A brick house is sitting to the right of the image. The trees around it are orange colored indicating it is likely in the fall.,dci
sa_1545876,"This is a waterfront in a city. There are three boats in the water, one of which is a passenger transportation vessel. The background includes a bunch of buildings that mostly form triangle shapes. They all are brownish in color and include window and accents on them",dci
sa_1545880,A large sky view shot of  large residential neighborhood with a lot of building visible all about five stories high. They all have red and tan roofs with a bit yellowish on the paint. In the back there are taller buildings and there is water in the distant back also.,dci
sa_1545881,"This is a busy market area. It has buildings on both the right and left. In the middle of the buildings is a festival area of sorts, it includes red and yellow lanters strung up between the buildings. There are a ton of people in the foreground, with some trees over the area. There are also shrubs and a line of vespa's near them.",dci
sa_1545883,the sun is setting on a man righting his bicycle on a brick road. there is a bridge in the background,dci
sa_1545886,The top floor of a building that has pink flowers hanging from a balcony railing.  ,dci
sa_1545887,Man in decorative blue shirt and apron in a boat with green and orange plant grilling ears of corn.,dci
sa_1545890,A narrow street crowded with people. There are stores on both sides of the photo.,dci
sa_1545891,A rack of parked rental electric scooters.,dci
sa_1545892,A business district beside a curving road over a body of water,dci
sa_1545895,A close up view of a seet of headphones They arw white and there also a volume controller they are wired headphones sitting inside a plastic case on a wooden desk,dci
sa_1545896,Dirt path surrounded by green reeds with two flags on both sides and a blue sky with large white clouds.,dci
sa_1545897,"there is a map sign of an island. in the background, there are a lot of paintings for sale.",dci
sa_1545898,Two buses that are driving the opposite way on a two lane road. On the right there is a train railway with an orange train on the rail behind it,dci
sa_1545899,A scene of a day in the daylight where there is a a Ferris wheel in the background with palm trees. There is a statue of a person swinging on a swing. ,dci
sa_1545900,A close up of water where there are three fish that are swimming. There is rocks in the background and the water is very light,dci
sa_1545903,A European style building made of yellow concrete and stone that is shown from the face under a blue sky. ,dci
sa_1545905,A room with a lot of pillars most gold but two of them green also. There are three boys kneeling on the floor and a man in the center of the room also. ,dci
sa_1546487,Some people in a gym or auditorium,dci
sa_1546488,"The picture is of a man who is dressed up for a pride event. He's wearing a unicorn horn on his head, while riding an inflatable unicorn. He has a palm tree shirt on and is walking in the street. Behind him on the left is a tree and on the right is a stone looking old building",dci
sa_1546489,A very tall green-glassed high rise building. A smaller commercial multi-floor building it at it's base.,dci
sa_1546491,"A brown US Air Force staff sergeants patch with four inverted chevrons, dark brown, on a khaki background. The patch is on a piece of desert camo fabric.",dci
sa_1546493,A black and white video game controller on a plain white background.,dci
sa_1546494,There are three escalators in the background. There are many turnstiles in the front.,dci
sa_1546496,"This is a picture of a military parade. There are a lot of men in brown uniforms, with fancy hats, blue hats and red sashes. They have white boots and are marching in the middle of the street. Behind them is another parade of men, which are in white uniforms with red belts and turquoise hats. In the background of the image are large trees, with spectators behind a fence.",dci
sa_1546498,"This is some sort of elevator lift. It's an enclosed plexiglass structure, with red doors that slide in sideways and a red roof. In front of it is a metal gate that prevents people from boarding without the elevator being safe. On the right is a control panel with buttons for administering the elevator. In the background are trees, mountains and a clear sky with the sun shining.",dci
sa_1546503,This is a large white building with a formal type architecture.,dci
sa_1546504,A city inside of a bright green valley that has a dark blue and green river running through it with the bright sun shining off of the water on the left and right sides of the river there is a lot of buildings that are full of brown and white also. Connecting the two sides of the city is a gray and black bridge connecting them,dci
sa_1546505,Scramble Crossings in a Japanese downtown during a cloudy day in summer where pedestrians walking across the roads in various directions. There are several high rise buildings in the back and there is a giant LED board on the left.,dci
sa_1546506,"A canal with several small boats in it runs next to a line of buildings, including a hotel. ",dci
sa_1546509,This is a city street that has heavy rain falling down on it and the surrounding businesses.,dci
sa_1546511,"Three long, rectangular river cruise ships in a body of water. There are several houses built upon a hill in the background.",dci
sa_1546512,"A green, white, and red small airplane flies through the white sky. ",dci
sa_1546514,There is a large castle on the right side. There are many people sitting and standing.,dci
sa_1546515,"This is a picture of a yellow taxi - the most common remembered version of them - with a New York City T sign on the side. It's the standard Crown Victoria car, with a a-frame sign on the top, which is white. In the background, there are some traditional NYC looking buildings. There's a square building on the corner, which has people sitting inside of it and people on the corner looking like they're waiting for a car. The taxi is passing through an intersection, and in the background on the street coming to the intersection are a bunch of cars. There are streetlights and signs on poles in the background too, with a few trees.",dci
sa_1546516,This is a stack of eight books on a surface near a sunny area.,dci
sa_1546517,"An older man wearing a face mask is walking down a cobbled street. Behind him you can see another pedestrian, as well as two young adults sitting on a granite stone border around a garden bed.",dci
sa_1546521,"a  pier with blue deck chairs and white beach umbrellas just into the greenish blue sea. In the left and center background are many mediterranean type buildings, while a lot of small boat are on the right",dci
sa_1546523,"This is the breakwater restaurant and cafe on ocean drive in florida. It's a large three-story white building, with blue accents around the windows, three large breakwater signs, two vertical, and one horizontal. In the front are some green awnings and green umbrellas that protect the people sitting in the cafe. Under that are concrete sidewalks and a concrete street, with a yellow curb. In the street are several cars, both right and left, with the building framed between them.",dci
sa_1546526,Two window washers cleaning a very tall glass building.,dci
sa_1546527,"This is a canal. In the water, are passenger transportation boats. There are four of them with glass roofs. They are yellow and the top looks to be constructed of wood. They're real low-slung to the water. n the background is a street, on the riverbank. This has a long line of cars and a bus on it. Behind that, and way in the background are buildings. They are all three or four stories tall, and include a ton of windows. They're all constructed of brick, which some of brown and some is red",dci
sa_1546528,A pile of French fries spread out over the center of the image. There's three sauce cups to the bottom left.,dci
sa_1546530,Two animals lying on the ground,dci
sa_1546531,An orange older-looking Brazilian stamp. ,dci
sa_1546532,"A pair of men wearing biker jackets and talking.  One of the men is holding a little boy who is wearing a black and white striped beanie while his mom looks on, smiling.",dci
sa_1546536,A woman stands at the side of a noodle food vendor in a retail area. ,dci
sa_1546538,"The picture is a man with a missing leg, but has a prosthetic metal one, standing in front of another, fully able man. The right includes a large pole with holes going all the way up it. On the left in the foreground is a large box with hand holes in it. In the background are a few people standing around, with a rope restraint in front of a much larger crowd. There are trees behind the people, and a blue sky with clouds.",dci
sa_1546543,"A vibrant coastal town or city on the ocean. Filled with buildings that are orange, yellow, and red hues.",dci
sa_1546544,"This is the skyline of a European city. On the left of the image is a pink building, with a decorative lightpole sticking out, and some white accent pieces along the middle. It has a domed entrance and three windows on the second story. In the center left is a ornate structure, purple and white. It has a large spire in the middle that has a turquoise top with a bell and ball at the top. To the right of that are three buildings, one is lime green and white, another is yellow and white and the third is red and white. they look similar. To the right of the image is another partial building that's pink and has the similar domed entrance and multiple windows. There's a sign instead of a light hanging off this one.",dci
sa_1546546,A display of star shaped lights hangs over a street. ,dci
sa_1546547,There are two large towers coming from a middle building. There is a building on the right as well.,dci
sa_1546548,An outdoor scene of a big multi-sectioned pool that is full of people swimming.  A big yellow building surrounds the pool.,dci
sa_1546549,It shows the back of a car. The car is black.,dci
sa_1546550,A group of giraffes and zebras occupy an enclosed area. There are buildings that can be seen along the background. ,dci
sa_1546551,"A smartphone sitting on the edge of a white table, with green carpet down below. ",dci
sa_1546553,A street view of a parade there is a float that is being pulled by a small blue tractor there are a ton of people on the sides of the road and a very tall green tree,dci
sa_1546555,People are walking down an alleyway that is lined on either side with buildings.,dci
sa_1546556,"The interior of a medium sized church. The church has high, curved ceilings and cream colored walls with white moulding.",dci
sa_1546558,A cluster of sky scrapers on the right side of the city and on the left side there are three sky scrapers also. In between both of the clusters there is a lake with the sky reflecting off of the left side of it. Close to the camera there is white buildings with four white poles and they are then connected by white tarps and white railings on the side,dci
sa_1546560,an elaborate sculpture of a mermaid is carved into the side of a large sand dune. there is a rope barrier in front of the sculpture.  ,dci
sa_1546561,"In the center of the image, there is a yellow sign for Fendi.  The Fendi sign is placed on top of a Fendi bag. ",dci
sa_1546562,The image shows the changing of the guards in Korea outside of a red building. There are men in red informs lined up facing a man in a red and blue uniform and a man in a black uniform.,dci
sa_1546564,"This is a picture of people standing at a conference. It's a man and woman in the foreground, with two men standing behind them and then multiple more people standing behind them. There are products on display in the background. There are also a lot of hanging signs from the ceiling, with advertisements. Near the ceiling are a ton of lights, with support beans in the rafters.",dci
sa_1546565,The top of a large skyscraper against the backdrop of the sky.,dci
sa_1546568,"This is a picture of a stall at some sort of fair. The items for sale look to be tribal. They include elephants on both sides. The remaining items are nick-nacks. The structure appears to be a kind of slum, with just a crude two by four structure, with different tarps over top. The inside includes some white cloth background. Many of the items are hung on the wall, but some hang from the ceiling, such as baskets and carpets or rugs",dci
sa_1546570,"This is a yellow door looking into a business. The door has three metal pipes on it - one is the handle and runs vertically where handles always go. The other two are horizontal and go over the window in the door. The top of the door includes a white sign with two arabic symbols on it. On top of the door, there are small windows that cut off in the image.",dci
sa_1546573,A river running alongside a town with attached buildings along the side,dci
sa_1546574,Plaza in between a couple of huge buildings there is a scaffolding set up made with black rails and bars in the center there are trees on the right and many glass windows also,dci
sa_1546577,There is a tall building with a lot of windows on the side against a blue sky. ,dci
sa_1546578,"This is a picture of a massive ship offloading cargo to a port. Coming out of the back of the ship is a semi truck, which is pulling a tank, which looks like it could carry liquit natural gas or oil or something. The back of the orange ship has a massive opening, with someone looking out. The ship is called the Jolly Arancione and is based out of Napoli. The massive ship is anchored with some massive ropes that come from the back. In the background are some containers, with a bunch of other industrial and shipping equipment. The boat is obviously in the water, with a massive concrete sea wall next to it.",dci
sa_1546581,"a hub of a ferris wheel with the sign, hubs, spoke and one car visible",dci
sa_1546582,Large cruise ship in front of large building in water near dock and bridge with people walking across,dci
sa_1546584,"A very large yellow, blue, and white docked cargo ship. There are two large stripped cranes unloading cargo from the ship.",dci
sa_1546586,The outside of a storefront. There are windows above it.,dci
sa_1546588,"A woman bends over a child in a stroller. In the background, there are a number of people and several white tents. ",dci
sa_1546589,A blue and white sea plane moves on the water next to several sailboats.,dci
sa_1546590,A shipping container ship sits in the center of a body of water. There are other boats and buildings along a port in the background.,dci
sa_1546591,A tall apartment building is seen under construction in a city with reflective glass windows. ,dci
sa_1546592,There is a brick building that has a tower in the middle. ,dci
sa_1546593,There are two women who are standing in front of four ballers those four ballers are also surrounded by plants and roses,dci
sa_1546595,A black and white photo featuring a pair of black sneakers and white socks worn by a man.  The shot is from the shins down and includes a blacktop background.,dci
sa_1546596,"A city street with cars parked along its sides and that are driving in both lanes. There are buildings on either side of the street, as well as buildings at the far end. ",dci
sa_1546597,A group of people stand in a long line on the grass.  Large clouds cover the sky above them. ,dci
sa_1546598,A man and two children on top of a hill. There is another hill in the background. The sky is mostly cloudy.,dci
sa_1546599,A large group of animal rights protesters with blurred faces are holding purple protest signs. There are some buildings in the background.,dci
sa_1546606,Two children wearing colorful outfits standing in front of concrete steps,dci
sa_1546608,"This is a corner is a narrow alleyway with a lamp under a brick half archway, the walls are smooth painted stucco.   There is a balcony with guardrail and slatted wooden doorway across the alley. ",dci
sa_1546609,"An open room with a dining table in the background, with a couch and desk in the foreground. Two men talk at right while a woman stands in the middle of the room to the right of another man.",dci
sa_1546610,There is an open sky with not a cloud in sight and it is not that bright either there is a manned vehicle attached to a glider also,dci
sa_1546611,"The picture is primarily of a Toyota van. It's parked alongside a sidewalk, near a road. It's white and includes headlights, a license plate, and windows. The van is modern looking. The sidewalk has a pole cut off on the right hand side. In the background on the right are more vehicles, parked in front of a fence and a larger brown building. Behind the van, above it, are overhead street lights. Behind the van are more cars parked along the curb line.",dci
sa_1546613,The skyline of a city during the nighttime can be seen along the background. There is a highway and parking lot in the foreground. ,dci
sa_1546615,Bicyclists are moving across a grassy area,dci
sa_1546616,A long pink hallway with lots of white lights that are on the left and the right side of the hallway. There are three people walking down the hallway ,dci
sa_1546619,A busy street a group of people walking away from the camera on the right sidewalk. There are storefronts on the right side of the street and there is a blue sign on the right side of the road,dci
sa_1546623,A bunch of people in animal costumes. There's an cartoony wall behind them.,dci
sa_1546625,A plane moves along the tarmac of an airport. Several other planes can be seen docked at terminals along the background. ,dci
sa_1546627,"It shows a white building with double green doors. In the front is grass and a tree, and there are a lot of bushes by the building. ",dci
sa_1546628,A rock outcropping above a crowded town,dci
sa_1546629,It shows a white snowy path going down in the middle. There are a lot of people and trees on either side. ,dci
sa_1546631,"the image is of the back view of a man sitting on a motorbike. he is talking to two individuals, one of which looks like a fellow rider. ",dci
sa_1546633,A close up of a phone and a laptop screen to the right of the phone it is sitting in the bottom floor of a house with windows in the front,dci
sa_1546636,A picture of a national park visitor center during the day. It is a brick building that is mostly brown and near some smaller trees/plants.,dci
sa_1546638,The rainbow colored metal exterior of a small building with a red window. ,dci
sa_1546641,Three farmers are out in a corn field during the day picking corn. ,dci
sa_1546642,A top down view of a building with tons of solar panelts on it and a highway with more buildings on the let and two skyscrapers visible also,dci
sa_1546644,"This is a vertical picture of a building. It's a gothic structure with some gargoils or something handind off the roof. At the pictures center is a large triptych glass window. The top of the window is ornate. The window area of the building is set back from the rest, with two juts of old stone sitting out. In the bottom left of the image is a tree branch.",dci
sa_1546645,"This is a tree that has fallen on a stone wall. The tree looks nearly perfect, but is on its side, with the stone wall under the massive trunk. The stone wall runs from the center of the image to the left. In the background are more trees, a building and a few vehicles in a parking lot. There's also a iron fence behind the wall. To the right is a street that curves just before the trees and in the foreground, there's another street, possibly a driveway",dci
sa_1546646,a horse and carriage are crossing an intersection. there are cars in the roadway in the background. there is a large building and palm trees lining the street. ,dci
sa_1546649,"A lobster shaped kite. The kite has a dark blue head, claws and tail. The legs are a bright lime green color.",dci
sa_1546654,"This is an airborne men's gymnast doing the horizontal bar in red tights and a white and green tank top.   He is  at in indoor location, the roof is domed with and interior support structure and the stands are empty. ",dci
sa_1546656,Three African American or Black individuals are standing in a field together where trees are shown in the background. ,dci
sa_1546659,There is a brick building that has a lot of windows in the front. There are different items in the windows. ,dci
sa_1546660,A Food stand where there is meat on skewers and people with hoods behind the stall also.  there are other stalls also and there smoke coming up from the grills also,dci
sa_1546661,People are walking across a paved surface to a light colored building near trees.,dci
sa_1546662,A snow-capped mountain range,dci
sa_1546664,"there are a row of pool door with a pair of chrome, circular door knobs. an indoor pool is visible through the glass doors.",dci
sa_1546665,This is an image of many people standing outside. There is a statue of a dog on a pedestal. ,dci
sa_1546668,A street with a left turn arrow in front of a stone wall and brown round building,dci
sa_1546669,An open field with a low os squares of yellow plants. There is a man picking the plants and in the distance there is a line of trees going from left to right ,dci
sa_1546672,A residential area where a housing development is. There is a yellow fence sectioning off homes with cars parked in an irregular sized parking lot. ,dci
sa_1546673,A large plaza that sits along the edge of a body of water. The skyline of a city can be seen in the background on the left. ,dci
sa_1546675,A statue in the middle of a plaza. There are white buildings behind it and a small row of trees on the other side.,dci
sa_1546680,An open lake or sea area with two expensive looking boats that are both huge are on. In the distance there is a hill across the water with a lot of buildings positioned among it and close there is a plant directly in front of the camera,dci
sa_1546681,A winter holiday light show featuring many varieties of lights hanging above a crowd of people that are walking to see them. ,dci
sa_1546683,An open bay where there are a number of boats visible to big red boats. The pier on the left of the image is gray and concrete. The sun is visible in the distance on the right side of the image it is bright orange and in the background is a large building,dci
sa_1546684,An open field with short green grass there is a person playing with a soccer ball and a dof to their left. On the outsides of the field are tall green trees also.,dci
sa_1546691,A silver Volkswagen and a Toyota minivan driving on a road in front of a business with a blue awning and yellow wording. ,dci
sa_1546695,Downtown area of a city where multiple buildings are located as well as traffic from afar. ,dci
sa_1546696,there are three apartment buildings next to each other along a street. there are cars parked along the curb. there is a large tree on the left. ,dci
sa_1546697,Castle style building under a blue sky that is gray and of very old architecture. ,dci
sa_1546700,It shows the outside of a dome shaped glass building with people outside and big buildings in the background.,dci
sa_1546701,"A black and white photo of large buildings with a lot of windows, lining a river.  One of the buildings has a restaurant at the bottom called COURTYARD.",dci
sa_1546703,It shows the outside of a city area with a water area to the left. There are a lot of big buildings and trees.,dci
sa_1546704,Long multistory building behind a manmade lake under a bright blue sunny sky with a painted section on its left.,dci
sa_1546705,It shows an ornate building with gold domes. There are building on the sides and a reflecting pool in the middle.,dci
sa_1546706,It shows a person on an ornate red and gold throne with other people reaching up to him. There is a cream building in the background.,dci
sa_1546708,It shows the top of a city in black and white. There are many tall buildings and mountains in the distance.,dci
sa_1546709,"This is a picture of some ruins outside a more modern building. There are a series of columns that are crumbled and many parts of the building that are on the ground. There is a brick wall thats on the left side, which appears to be held back by another wall. On the far left is a grandstand. In the back is a building with a bunch of windows.",dci
sa_1546711,"This is a picture of a city, an aerial. There is a tree top sticking up in the foreground, a river running behid it. Coming in from the right of the image and going towards the center is a major highway and there's an offramp that curves away and tucks under it. In the middle, on the back of the river, is a bunch of trees. Behind the trees, you see the city. There are larger buildings in the far back, and smaller buildings in the near front.",dci
sa_1546712,"This is a building on a river. The building is three stories with a large main floor. The second and third stories look like apartments, and it has a rooftop terrace The sides of the building are multiple floors tallers and have some crazy shapes at the top. In the front is a large cement wall with an orange railing along it. In front of that is a river, which has multiple long transportation boats on it.",dci
sa_1546713,"This is a picture of a horn player in traditional garb while sitting on a green step. In the background there are more musicians. Below the man is a green stool and grass behind him, while in front of him is some crushed stone. There are multiple green glass jars in front of the players as well as some music sheets on stands.",dci
sa_1546714,A large pen full of cattle with several people looking on. ,dci
sa_1546715,A train travels on a metal bridge which spans over a body of water .  The sky in the background is hazy and gray. ,dci
sa_1546718,"A stone breakwater meets the calm blue sea. On the land, in the foreground, you can see an old stone prison fence. Buildings, trees and a hill are visible on land in the background.",dci
sa_1546720,"This is a picture of a little girl in front of a blurry background. The girl is black, has braided short hair, and is wearing a yellow dress with orange flower petals on it. She has a small gold hoop earring in as well.",dci
sa_1546721,A small curvy mountain road with a hilly town in the distance. Beyond that are more forested mountains with clouds shadows on them.,dci
sa_1546722,Several planes are parked outside of a large airport with many windows. A number of runways are visible. ,dci
sa_1546724,"A gold and black monument in the middle of a park, depicting four men and a tiger.  It stands on a black and gold cubic pedestal with relief images on the side, and is surrounded by some black square monuments and a park filled with grass, trees, and a little pond.",dci
sa_1546726,"This is a painting of a photo of the Leaning Tower of Pisa and a large white government looking building, with lots of people meandering about.   It includes painted in photo film sprocket holes on the top and bottom. ",dci
sa_1546728,A close up of a car seat. The logo is in the middle.,dci
sa_1546729,"This is a picture of a road with a massive walkway in the middle. There's a green patch of grass median with trees, then to the left is a roadway, to the right is another walkway with trees planted in it, and then beyond that is more roadway. There are cars all over both roadways. There are trees all over the median, walkway, and in the background. There are buildings far behind those. There's a few lightposts and sign posts in the picture as well",dci
sa_1546732,"This is a picture of an old building, the bottom half is made of light yellowish tan stone. There are arched windows and an arched entryway, all with white aluminum accenting. The top is white painted brick, with three additional windows form the second floor. Atop the structure is a square with a triangle on it, with a clock in the middle. To the sides of the image are two trees, which cover the plaza area where people are sitting in front of the building - presumed to be a restaurant - at tables eating. The building has a few plants in front and two signs that say Corn Exchange Witney. The sides of the building include more buildings that look about the same.",dci
sa_1546733,A photography exhibit is set up at a mall. The mall has several stories and people are walking around. ,dci
sa_1546734,A residential area of a warm town or city is shown with trees and sidewalks present. ,dci
sa_1546735,A close up of a a brick wall with a wooden building above it. In front of the wood wall is a black type of sculpture with a guard standing in front of it,dci
sa_1546739,A photography camera sits on a shiny black surface that is reflecting the image of the camera. ,dci
sa_1546742,A street view of a sort of festival there is a child in front marching with a drum and behind them there are people in white uniforms. Around the street there are tall palm trees,dci
sa_1546744,A young male wearing a yellow t-shirt standing on a left turn lane on a road during a sunny summer day. Several cars are behind him and there is an ambulance next to him. ,dci
sa_1546745,A shot of a valley where the road going down is stone and a constant slope down. There are many buildings visible on the left and right side and there is also a giant forest area on the right with hills on the left,dci
sa_1546746,there is a large gathering of people in a public park in the middle of a large city. there are large trees and a sprawling downtown skyline are in the background. ,dci
sa_1546748,A large white structure is on the left. There is a red door on the right.,dci
sa_1546749,"A builing in Russian style, probably a church. Has various spires of different shapes with multi colored pinnacles or tops.",dci
sa_1546750,A hotel that has seven floors and a large pool can be seen on the right. There is a pool with seating around it on the left. ,dci
sa_1546751,"A giant crowd of people standing behind metal fences, watching a show that is happening off screen.  It is dark out and the crowd is illuminated by bright orange and blue lights.",dci
sa_1546754,A daytime scene of athletic men and women preparing to run a marathon outside.,dci
sa_1546755,"A black-and-white photo of a an outdoor seating area of a coffee shop or restaurant.  There are wooden chairs and tables with people at them, and in the background people walking towards it with brick walls and arches overhead.",dci
sa_1546756,A  street level view of a busy road on both sides of the road there are very large buildings with a brown building in the background also. On the right side is the sidewalk that is busy also,dci
sa_1546759,A side view of the Sidney opera house in Australia,dci
sa_1546760,There is a woman on a horse and there is another person next to them. It is a mountainous area with dark gray and tan mountains in the background with a bit white hill also.,dci
sa_1546761,The image depicts the small harbor of a costal city at night. ,dci
sa_1546762,A woman in jeans and a striped long sleeved shirt is sitting in a room with wooden walls.  There is a table where a lot of crocheted items are sitting.,dci
sa_1546763,"This is a picture of a pig that's gold. The pig has some sort of lay on its hands. In the background, there's a dalai lama sign that's blue and red with a picture, a green awning and a few buildings. There is a rock circle statue behind the pig to the left.",dci
sa_1546765,A blue white and red tent that is filled up with shirts of all colors. There are rods on the top of the tent that are gray also.,dci
sa_1546770,This is a collection of shoes in shoe boxes.,dci
sa_1546771,A group of people in an area next to a river enjoying bubbles with a city scape view.,dci
sa_1546772,"A marina sits at foreground with a large number of parked boats. In the background, a row of tall skyscrapers lines a clear sky.",dci
sa_1546773,"A game of beach handball on a sunny day. A man is diving with the orange ball in his right hand while three other men are on the fieid. There is a red and white striped goal and a sign in the background with writing that says ""De siempre la ballena azul con el deporte""",dci
sa_1546774,A person performing a ceremonial dance outside. There are many spectators watching in the background. A green canopy tent can be seen.,dci
sa_1546776,Many people are sitting or sunbathing on a crowded beach. A large building is visible in the background. ,dci
sa_1546777,there are two bulls with elaborate head dresses. there are a group of people surrounding the bulls. there are residential houses and palm trees in the background. ,dci
sa_1546778,An intersection with a blue green building at the center of it. There are street signs visible and a bright blue sky above also,dci
sa_1546779,"The image depicts a man parachute surfing in clear, brightly colored water. ",dci
sa_1546781,It shows a green racecar with a lot of writing on it as well as letters and numbers.,dci
sa_1546784,"This is a shelf of laundry detergent in the grocery store. It features a few different brands, mostly softlan. The shelf is metal and features different prices on it. On the top is a yellow sticky note that includes writing on it. The price strickers are on the shelf and yellow. The bottom shelf is similar products, but not the same brand or product name.",dci
sa_1546786,A crowd of people are standing or sitting in raised stadium seats at a soccer game.,dci
sa_1546787,"A black helicopter flying through the sky. Its nose is aimed downwards, and it's armed with a few different weapons.",dci
sa_1546791,A man on a small raft in the middle of an ocean or lake. ,dci
sa_1546793,A white building with a wooden door with an intricate pattern underneath a rounded archway has a sign to the right with the name Henryk Vogler on it.,dci
sa_1546795,The photo depicts some ancient stone ruins on a sunny day in an arid climate.,dci
sa_1546796,A close up of a person sitting on a brick all in between two walls there is a plant in the background and a bag on the floor that is blue,dci
sa_1546798,"A closeup of a Monopoly board shows game pieces, dice, Monopoly money, and the edge of a box. ",dci
sa_1546802,A bright yellow railroad truck sitting on train tracks on a bright sunny day. A tall hill with trees are visible behind the railroad truck.,dci
sa_1546803,A series of green wrought iron balconies,dci
sa_1546807,"The image depicts a large stadium full of people where a soccer game is taking place. It takes place at sunset, as the evening sun is shown shining through the stadium gaps and the sky is a hazy light blue. ",dci
sa_1546810,A dining area located in the interior of a building. There is an oval-shaped dining table in the center with chairs around it.  ,dci
sa_1546812,"On a street, a man and two women are going through bags of vegetables. There is a pink bicycle parked on the curb. ",dci
sa_1546813,"This is an old fort. It's constructed completely of concrete. It has two visible walls, with a slope off to one side of them, the left side. On the right side, it's a straight wall. Around the base is a solid patch of grass. Further back, it's dense, thick tree coverage. The tree coverage is also visible over the back of the fort. There's a stone walkway in front of the fort. The blue sky is radiant with a deep blue color and some clouds moving in.",dci
sa_1546818,"This is a cable car on Hyde Street in San Francisco overlooking the bay.   You are looking down a tree lined hill with cars on both sides and a street car in the middle, past the docks and out over the bay across Alcatraz Island to Angel Island.   ",dci
sa_1546819,"This is a bridge crossing through a swamp area. The swamp area features some beautiful vegetation. The bridge comes in from the left, then meets up with another and crosses the entire image to the right, exiting the middle of the right side. Below it is still water, which reflects the beautiful blue sky. On the back on the right is a dense forest. It has a water tower looming over it.",dci
sa_1546821,A close up of a bright white huge building. All along the bottom there are curved crosses inside circles. It is all along the trim of the bottom of the building.,dci
sa_1546825,A white window to the building. There is a door below.,dci
sa_1546827,"This is a large market that's selling clothes. The ground is concrete. The clothes are on racks outside, covered by turqoise umbrellas. The market is in front of a large white building that has a patio overhang on a second story. To the left of the image are stairs that take you up to the second story, with other shops under the stairs. The second overhang up the stairs has chairs and seats for people to sit. The left side of the building, above the stairs is a pink building. Behind this building is some incredible vegetation and much taller buildings behind that.",dci
sa_1546830,An ornate yellow thai style building with green roof sits facing an empty parking lot,dci
sa_1546833,A series of five men standing in a row and looking at the viewer. They're wearing traditional clothing.,dci
sa_1546834,"This is a game where three little boys are carrying spoons with something on them. It's a race for the kids to carry the item to the end of the finish line. They are walking on a concrete road. In the background are more kids, paying attention to what they are doing. There's a stone wall that's green and has some kids leaning against it.",dci
sa_1546836,There is a person down using a blue matchine to cut wood. On the right side there are stairs and a fan along with a lot of cut pieces of wood.,dci
sa_1546838,There are some large buildings in the background of an area of dirt.  The buildings are reflected in puddles in the dirt.,dci
sa_1546839,"A train that is gray, white, yellow, orange, and red is on the tracks. It is day time and there is a tree and a house in the background.",dci
sa_1546842,A white building is on the left side. There are signs and ads on it. ,dci
sa_1546843,This is a building that has an older type of architecture.  The building is tan and red in color.,dci
sa_1546844,A street with people in front of it wearing blue and gold they are in front of a blue restaurant with a blue hotel sign behind it.,dci
sa_1546845,This is a commercial airplane sitting at an airport on a rainy day.,dci
sa_1546847,An overhead show of a road there are two cars that are driving on it and there is another road to the left of it. There is a building behind the road with some plants in the area,dci
sa_1546849,A picture with a few buildings that look like homes/apartments. There is a road going down the right side of them and trees behind the houses.,dci
sa_1546852,An open field witha  lot of workings picking at the weeds of grass there there is a very tall tree line in the distance with very green trees there,dci
sa_1546853,"A serene, and majestic-like setting of a castle on a large plot of land.",dci
sa_1546854,"an enormous cruise liner is docked along a harbor. there are smaller boats surrounding it. there are large, rocky hills in the background to the left. ",dci
sa_1546855,A woman has three animals walking beside her. The area to her right is full of dirt.,dci
sa_1546856,Center of an alleyway with two buildings on the left and right side with a shadow in the center there is another building in the distance on the other side of the street also,dci
sa_1546858,Two homes sit behind a few dead trees in a snowy setting. A tree trunk rises in the middle of the image in a front yard with two smaller structures.,dci
sa_1546859,An urban street view of a brick building that contains a business.,dci
sa_1546860,"A white and blue bucket with a lot of fish inside it. Above the bucket of fish there is also a blue tarp,",dci
sa_1546863,A medical center with a wall of advertising in front of it,dci
sa_1546866,"The missile being pulled on a truck with a  lot of people looking at it or working on it, There is a big cell tower in the distance and it is a clear day",dci
sa_1546868,the scene shows a bus depot during a snow storm. the view of the buses parked is of the front. there is a bus stop on the left. ,dci
sa_1546869,Night time view of a brick walkway of a neon light Asian town with people walking and a car driving in the middle.,dci
sa_1546872,An open screen of a computer on top of another open screen,dci
sa_1546874,There is a church in the background and a plaza in front of it there are couple of stalls selling a variety of goods and the sky is a bit cloudy in the background also,dci
sa_1546880,"This is a picture of a chinese banner strung between buildings. In the background are three ornate buildings, green blue and red. They each have extremely decorative columns, doors that open like french doors, and arched windows above them. The visible portion is two upper floors.",dci
sa_1546881,Old gothic style church with red roof and tall clock tower turrets.,dci
sa_1546883,a man is putting a yellow shirt on a small tan dog. there another small brown dog. it looks like they're setting up a dog race. ,dci
sa_1546885,A small grass field with flowers that are close to the camera the grass is bright green with brown on the tops also. The lights in the center of the field are train lights and signal a white and red crossroads.,dci
sa_1546886,A large parade down a major thoroughfare being lead by a old red car and a procession carrying flags. ,dci
sa_1546887,White stone wall with white front steps leading to a forest green door. On both sides of the door is white railings with white plant pots and little plants with vibrant green leaves.,dci
sa_1546888,A harbor with several docked boats is beside a small village of houses,dci
sa_1546889,"Four people dress up as fools in a carnival celebration parade during day time, lots of people are watching the parade in the back. ",dci
sa_1546890,"The image is of an open left hand with a black butterfly in the open palm of the hand.  The background is blurred out, the hand is clear and in sharp focus. ",dci
sa_1546891,A brown two story building with a chimney on top there are trees behind it and wires in the front of it,dci
sa_1546892,A group of people in white clothes with them looking towards the right side of the screen. Some have their heads bowed.,dci
sa_1546893,A parking lot with an older style cars parked in it.,dci
sa_1546895,"A pagoda style Asian building with a decorative bulb on top is lit very brightly on a dark night. The stairs leading up to the building are lit with white light while the decorative stairs on either side of the stairs are bright yellow. In the distance on the left is another Asian style building. One that resembles something from Angkor Wat, and has a style similar to a temple with five levels, on a round building, and a brightly lit decorative bulb on top.",dci
sa_1546897,There is a biker in the front of the line and a red car behind them with a bike on top of it also there is another car in the back,dci
sa_1546898,Person in a pink shirt on google search page on their computer.,dci
sa_1546899,A group of woman standing with bicycles in a line waving to the camera. In the disance there is a giant white ruin with a lot of trees in the background on a cloudless day,dci
sa_1546900,The inside of a very busy restaurant there are tons of lights above  the the roof is open the tables are all brown and there is a light of natural light coming in,dci
sa_1546904,A scene of a taxi cab on the side of a street in a city. there is a person that is opening the passenger side door. ,dci
sa_1546906,a group of musicians playing in a public memorial to a small crowd of bystanders. ,dci
sa_1546907,A person taking a selfie behind them there is an open street and intersection there is a brown building on the left side along with a handful of buildings on the right side in the background there is a tall gray skyscraper also,dci
sa_1546908,There are a couple of people in summer wear that are standing on a brick area. there is a brown wall in the back and a yellow sign on the top right also,dci
sa_1546910,It shows a red Disney sign that is lit up.,dci
sa_1546911,It shows a shiny blue car behind some greenery and in front of a building.,dci
sa_1546913,"There are some yellow and tan townhomes together in the center, and a street with more buildings on the right. There are cars on the left. ",dci
sa_1546915,"There is the front of a yellow and white VW bus, and some people looking at it, amidst other cars.",dci
sa_1546919,A strip of open-air market shops,dci
sa_1546920,A close up of the corner of yellow building there is an intricate top of a stone pillar holding up the right end there is white trim on the wall also,dci
sa_1546922,A close up shot of a child that is touching a  brown and white cow in  background there is some more cows and a lot of tall palm trees also,dci
sa_1546924,A woman in white sitting at a desk she is writing in a book and there is a lot of things at the desk also the floor is brown ,dci
sa_1546925,There is an old wooden building that is falling apart.  It is light blue in color.,dci
sa_1546930,A statue of a person in armor. There's a pedestal under it with words.,dci
sa_1546934,People are walking near a paved area near a building with a yellowish glow.,dci
sa_1546935,A religious building stands in the background. There are many birds walking along a parking lot in the foreground.  ,dci
sa_1546936,A close up of a gas station there is a lot of gas pumps visible and also a large tank on the right side of the image. There are four different colored platforms and in the background of them image there are cars and people on bikes ,dci
sa_1546938,There is a body of water in the foreground. The shore has many buildings lining it,dci
sa_1546939,There are a ton of people gathered in a small plaza area behind them there is a row of twelve elephants with people riding on each of the elephants people are washes sashes and colorful skirts also,dci
sa_1546940,"This is a picture of what I assume is a government building with a large spire in the middle. It's is either a circular building or the fish-eye impact of the camera is distorting it. Behind it is a standard cityskape, in a busy downtown with people walking by and a street in front.",dci
sa_1546941,This is a building with a domed roof.  There is a body of water in front of it.,dci
sa_1546942,"This is an an Asian tourist city scene, it features two short heavy set people walking away from us pulling their roller bags, hers pink, his black and wearing backpacks.  There are many Asian people in the large open area in front of a large yellow stone building with many green canopies on front, in the background.",dci
sa_1546943,Red and white planes in a row,dci
sa_1546945,A cathedral building stands in the center of the image amidst a city environment. There are other buildings on the left and right. ,dci
sa_1546946,There is a big building with rounded tops and a lot of people walking in front of it. ,dci
sa_1546947,One red and one beige railbus parked next to each other in the middle of the road in front a complex that contains several billboards on the lower level. There are several buses next to the railcars and dozens of people wandering in the background. ,dci
sa_1546948,A sailboat with a large white sail is floating in the ocean near large rocky cliffs on a bright sunny day.,dci
sa_1546950,A distant view of a brown and tan castle There are five pyramid roofs visible in the image. There is a stone road that leads to it along with a lot of lawns visible also,dci
sa_1546951,This is a building with an older look to it.,dci
sa_1546952,It shows the silver hubcap of a tire. ,dci
sa_1546954,There are people on the ground. There are attractions in the background.,dci
sa_1546956,This is an artwork consisting of six panels.  The subject of the art are koi fish in a pond with lillypads.,dci
sa_1546957,There are two people swimming in the water on the outside. There is a person on the left. ,dci
sa_1546958,A red and beige stucco building beside a walkway,dci
sa_1546959,Two roads that is split by a center divider with a couple of street light there. There are three red and black buses in the image two on the right and one on the left also. ,dci
sa_1546960,A lighted up building beside the waters. In the background are more apartments and other tall buildings.,dci
sa_1546961,The shiny underside of a white airplane runs down the center of the image. The plane appears to be inside a hangar. ,dci
sa_1546963,Many buildings fill the image.,dci
sa_1546964,"A large passenger plane flying. The plane is red, yellow and white. It says ""VietjetAir.com,"" on the side. It has the landing gear down.",dci
sa_1546966,A big brown and white castle building on the left of the image directly in front of the image is four archs. There is a busy plaza to the right of the castle and a bright blue sky in the background also,dci
sa_1546968,Inside of a catherdral. Narrow chamber or hallway with very high acrhed ceiling leading to doorway and upper decoration.,dci
sa_1546970,An aerial view of a college football stadium with other athletic facilities surrounding it.  There multiple large parking lots and in the background are rows of houses.,dci
sa_1546972,A destroyed house on the left of a bridge the house white and green along with some brown . There is trees in the background and it is a bright but very cloudy day also.,dci
sa_1546976,There is a building with the label e-cigarette direct to the left of another store front that is closed and is purple. There is a person sitting on a bench in front of it.,dci
sa_1546977,There are three kids that are playing in the water there is the support beams of a pier behind the kid made up of a lot of different colors also,dci
sa_1546978,"An aerial view of a city downtown, complete with large skyscrapers, congested street traffic, and smoggy sky.",dci
sa_1546979,There is some colorful painting on the side of a gray brick. ,dci
sa_1546980,A woman is in the middle of the image. She is holding a fork in her hand.,dci
sa_1546981,Blue lightning bolt app image left of the name Social Bolt for Social Media Insights Social Bolt LLC.,dci
sa_1546982,An aerial view of the inside of a mall on the floor there are handful of people walking around. There is a light and sound system being held up above in the center of the mall and each floor is a bit like a circle. ,dci
sa_1546983,the side profile of the right of the statue of a man is visible. the arm is missing at bicep. the lower legs are also missing below the knee. ,dci
sa_1546984,A close up view of the grill of a silver car and the front of the car also.,dci
sa_1546985,Flag poles tilted out over the water,dci
sa_1546986,A large yellow crane sits in a construction area. There is a yellow building behind it.,dci
sa_1546988,There are a small group of people waiting in line outside of a plane on a nice day.,dci
sa_1546990,There is a black night sky and in the front of it is a large clocktower like structure that is illuminated with blue red yellow all over there is a large building in the back left also,dci
sa_1546991,The BTS sky train moving down tracks in the city. Tall multi-story buildings are visible in the background.,dci
sa_1546996,A red bikeway passes through a well-maintained green space with palm trees and some bushes in the foreground. In the background you see some luxurious buildings with unusual shapes.,dci
sa_1546997,Two men are leaning towards the right as they go around a curve on motorbikes in the snow.,dci
sa_1546998,A man in a desert area has taken his shoes off and is leaning his hands against the surface of the sand. ,dci
sa_1546999,Three people are standing in front of glass. There is a room behind them.,dci
sa_1547000,There is a red train with yellow and blue running in front of a large building on a clear day.,dci
sa_1547002,A pair of black and white Nike shoes have been set down on the seat of a chair.   ,dci
sa_1547003,Three people are sitting at a makeshift table with a pink cloth on it.,dci
sa_1547005,This is the back side of some kind of black motor vehicle near some plants.,dci
sa_1547009,This is a paved area where cars are parked on the side of the street near a building.  The building is tan with a red area near a window.,dci
sa_1547010,A close up of the back of a person hair they are balding and they are looking at a phone,dci
sa_1547011,a purple crown encrusted with jewels sits on a red pillow in the center of a glass display case. there are people visible through the case in the background. ,dci
sa_1547012,"It is the top balcony of what could be a church or theatre, right under the ceiling.   It is lavishly designed in white gold and silver. ",dci
sa_1547013,A woman holds a bouquet of white and purple flowers. A man wearing a blue suit is standing behind the flowers.  ,dci
sa_1547014,An old European town consists of brown and orange medieval style buildings and narrow streets sits by the sea with some forests. ,dci
sa_1547015,There is an empty street with a lot of different blue and yellow all throughout parking lot. In the background there is a very large blue and glass building. It looks two be three or four stories and it is very long,dci
sa_1547017,A sidewalk cafe is open on a lovely day. Both sides of the riverwalk are crowded with people at tables enjoying the day and having an al fresco lunch. ,dci
sa_1547018,A water side area that has a restaurant/cafe nearby. It's daytime and there is a harbor in the background.,dci
sa_1547019,A maintenance worker is behind a cart on a moving walkway,dci
sa_1547020,A fun fair with many different colorful rides. There is a large ride in the front and a large ferris wheel in the background,dci
sa_1547023,This is a white sphere like structure on a hill of dirt.  There is a roadway running toward the bottom of the hill.,dci
sa_1547024,"A line of small, yellow vehicles sit along the side of a road. Buildings can be seen in the background, and there are many people walking along the same street. ",dci
sa_1547029,A man is sitting on a cart that is being pulled through the street by a slender horse.,dci
sa_1547031,This image shows a number of decorative fan canvas roofs. The scene has buildings in the background and the sky peeking through openings in the canopy roofs.,dci
sa_1547032,There is a waterway with people on a pier on the left and a statue spraying water in the back. There is a building in the distance. ,dci
sa_1547033,"Lots of snow covered trees sit high above beautiful small, quaint European town buildings. The buildings sit on the waterway which is still running freely even though the trees are covered in snow implying it is a cold winter day.",dci
sa_1547034,"A building lies in ruin in the foreground. The roof of the building has broken off, leaving a large gap where it once was. ",dci
sa_1547035,there are two groundskeepers in a park raking leaves. there is a tennis court behind a fence in the background. there trees and bushes are neatly groomed. ,dci
sa_1547037,Two people in decorative ancient clothing performing in front of a group of people some in bright blue shirts.,dci
sa_1547040,A small plaza with birds standing on the surface can be seen in the foreground. There are a few buildings spread out across the background. ,dci
sa_1547041,"It is a view of a street lined with cars and trees, a big tall building is in back of image.  It is daytime, a small part of sky is visible and a few cars are driving on road. ",dci
sa_1547044,A group of people walking in front of a large pyramid,dci
sa_1547045,The side of a large building takes up the image.,dci
sa_1547046,A street that is close to the window it is bright gray and there is a white light on the center of it and a dashed white line behind the gray truck also. The truck is dark gray and the trim on the bed is black also. There are cables in the back of the image raised and there is a large set of trees on the left,dci
sa_1547048,There is a blue bridge in the distance that has a train going across it that is also blue. There is a giant lake that the bridge is running over also there are large white clouds in the sky and the sky is bright blue,dci
sa_1547049,a large piece of heavy duty farming equipment is harvesting wheat on a clear day. the wheat in the foreground appears golden. ,dci
sa_1547050,A large white building surrounded with a solid fence painted the same color next to a freshly paved street.,dci
sa_1547051,A close up of an olive stamp with a mark on the bottom left and a stone face that is looking left in the center of the stamp also,dci
sa_1547052,A river is in the front of the image with four boats on it. There is a large building in the back the sky is bright and it is cloudy also,dci
sa_1547056,A couple of buildings in a city. There are cranes nearby and one building looks under construction.,dci
sa_1547057,"A fancy scalloped edge Illustrated New Zealand stamp. There is some postmark or post office writing stamped across the top. At the top it says 40c New Zealand large Rock crab, clingfish. The top image is of a very dark red almost purple crab surrounded by a tan background. And the bottom one is a tan upside down fish.",dci
sa_1547058,A group of close buildings they are small buildings with older metal for the roofs on the building there is a large yellow statue on top of the roof on the center of the building there is bright green hills in the back ground,dci
sa_1547059,A big red fully inflated hot balloon stands by the edge of a lake with hundreds of people observing it on a lawn. There is a big observation tower to its left and a house to its right with a forest in the background.,dci
sa_1547060,People waiting for there turn to reach the ticket window.,dci
sa_1547061,A photo of two people who are sitting at a glass table eating. There are four brown chairs visible and also a longer brown chair. The wall in the back is brown ,dci
sa_1547062,"A group of boats sit along a shore. There are buildings in the background, on the other side of a body of water.  ",dci
sa_1547065,A shop called Edfringe shop which says join the alliance of defiance. And 70 years of defying the norm. The shop is a bright blue with some sort of pallet head person type of statue on the right and a pair of woman's legs doing a pirouette on the left.,dci
sa_1547068,An open harbor view there is a giant freight ship in the back filled with shipping containers and a couple of closer ships that are ferrying to that,dci
sa_1547069,A scene of a group of people that are standing on the cliff where a large rock is formed. They are enjoying a view of a mountain on the other side.,dci
sa_1547070,Red bricked castle with a blue sign on a bright sunny day.,dci
sa_1547072,A close up of a woman with a lot of green plants and white and pink flowers there also. There is larger plants in the back and larger purple plants there also,dci
sa_1547073,A downtown area of a small city where there is a tall apartment building to the right and a small building on the left. ,dci
sa_1547074,a large grey stone church with a cemetery in the countryside. ,dci
sa_1547076,An extremely busy road with loads of cars on it. On the left there are a lot of people walking. There is a large cran on the right of the image and a wall that is in the process of being constructed on the right side of the road also,dci
sa_1547077,"It shows a blue car in the middle of a grassy area. There are two other visible cars, as well as trees and water.",dci
sa_1547081,It shows a gazebo with a blue roof and a building in the back left. It is outside in grassy area with gardens. ,dci
sa_1547083,There is a man on a motorcycle that is stopped at a gas pump. ,dci
sa_1547084,"There is a man sitting in between a lot of vegetables, most of which are green. There is a step behind it and a tile wall. ",dci
sa_1547085,It shows a lot of people eating at tables at an outside eating area. There are a bunch of bikes in the front and buildings in the back. ,dci
sa_1547090,A close up of a woman in white with a blur skirt on she has a suitecase further back there are people sitting and standing with a silver pillar in the background also,dci
sa_1547092,"This is a structure where ships can dock. It is blue with pink with railing at the top, and there is a ship next to it.",dci
sa_1547094,"Two people are cooking under a string of lights and behind a car. A flat grill cooks meat in front of a man, while a woman places it on skewers.",dci
sa_1547096,Four men kneel on the ground surrounded by trees  The men are working with tools and looking at the nearby trees. ,dci
sa_1547097,There are multiple stone pillars on the left side of the walkway. The building is white with a lot of brown trim and the ceiling on top is long also. There is large hills and a lot of buildings in the distance ,dci
sa_1547098,A series of four buildings against an overcast sky. The building in the center has a small tower on top of it.,dci
sa_1547099,An entrance to a building the door is a revolving door and there is a lot of glass visible. On the right and the left there are trees also,dci
sa_1547101,there is a road that is flooded with water that leads to a temple. there are people on this road in the background. ,dci
sa_1547104,"There is a brick building with a tall tower. It is behind a fence, with green trees to the right and left. ",dci
sa_1547105,A close up of a bright yellow sign with a dinosaur on the in the distance there is trees with some light visible through a gap in the trees,dci
sa_1547106,A large group of people are standing around on a large plaza. The Eifel Tower can be seen standing in the background. ,dci
sa_1547109,The skyline of a city in the distance,dci
sa_1547112,There is a good size group of kids outside of a building dancing on pavement and above a set of steps. ,dci
sa_1547114,"It shows a market from the top. There are a lot of people and products out, as well as umbrellas.",dci
sa_1547115,Many trees are in the image. There is a broken down building in the middle.,dci
sa_1547118,"It shows a silver car angled toward the front. There are more cars in the background, as well as a green area and a big building. ",dci
sa_1547119,There is a large blue trash can in the center of the image. A large yard is in the center also with another yard on the right there is a person walking in the background and there are two small bushes ,dci
sa_1547120,A church with a dome and a tower,dci
sa_1547121,A long cement wall with a section of metal grating showing.  On the left side of the wall is a stone sidewalk with a pedestrian walking in the background.  Set far to the back of the scene is a red brick building.,dci
sa_1547122,"This is ancient stone ruins.  It is being restored or remodeled, and there are many people walking around. ",dci
sa_1547127,A close up view of a sandwich there is a hand holding it and there is a white background,dci
sa_1547128,It shows the ornate ceiling of a building with many designs.,dci
sa_1547129,A photo of two people  sitting on a bench. There is a purple background there and also a blue sign.,dci
sa_1547132,A bottle of a lemon flavored drink is held in a hand. Five vertical shelves hold bottles of other substances behind.,dci
sa_1547133,A crisscrossed beam ceiling in a stone building,dci
sa_1547136,There is a brown statue of a man with his hand raised up. There is water and a blue sky behind him. ,dci
sa_1547137,A pier located near the water with many rocks around. There are parked in the pier and cars on the side of the roads.,dci
sa_1547138,A crowd of protesters coming together to support beliefs they have in public. ,dci
sa_1547139,"A brown stamp with Arabic writing on it depicting three large sandstone statues of pharaohs built into the side of a pyramid in Cairo, Egypt. ",dci
sa_1547140,There is a small plane that is facing forward. It is white with blue propellors and there is a grass behind it and a fence in front of it. ,dci
sa_1547141,Some candles are on the ground. There are people's legs in the background.,dci
sa_1547142,A group of boats sit docked at a marina.  A number of buildings are located in the background behind the boats.,dci
sa_1547143,A multi-floor structure made of mostly thin beams. There's a close mirror like structure to the left of the people.,dci
sa_1547144,A van factory with rows of seats,dci
sa_1547147,there is a man in the center of an old town square that is posing for a picture holding right arm up and extending his index and middle finger. ,dci
sa_1547148,Two sides of a great stone white building. There are statues on the bottom and statues on the roof,dci
sa_1547150,People walking through a park-like area of greenery,dci
sa_1547151,A close up view of a table there are two tables in the back also with people at them on the roof there is lantern lights,dci
sa_1547152,An overhead view of a type of green house or a garden area there are people sitting on benchs on the left side and windows on the far end also,dci
sa_1547153,"An empty, grassy field is in the foreground. A river, with trees and buildings standing alongside it, can be seen in the background. ",dci
sa_1547154,A large cathedral church with four small Christian crosses on the top. There are trees in front of the cathedral. ,dci
sa_1547156,A daytime scene of a green caboose cart on the end of a train track. ,dci
sa_1547158,A side view of a brown wood home surrounded by green plants and trees on a bright sunny day. ,dci
sa_1547161,A well-dressed man and a woman are standing on a red carpet posing for a picture.,dci
sa_1547162,there are two rows of desks on the opposite sides of the white room. each row of desks have computer terminals. there are people visible at the computers. ,dci
sa_1547163,A bottom to top view of a large tower the sky above is very cloudy and very dark also,dci
sa_1547164,"Thisis a very ornate building, possibly Russian architectures. there are gold spires and multi-colored spires on it and there are cars and people surrounding the building. There is a plain looking building on the right and a few power lines overhead. It's a cloudy day.",dci
sa_1547165,There are two roads one road that is visible and close to the camera and another road in the back that is packed full of cars,dci
sa_1547166,A person typing on a laptop computer,dci
sa_1547167,A meetup of a lot of different cars manyof the cars have their hoods up and there is people walking around there. there are tents in the background and a tree close also,dci
sa_1547168,"A man in a blue shirt holds a phone sideways in his hands as if taking a picture. In the background a blurry, mountainous landscape sits under a blue sky and clouds.",dci
sa_1547169,A scene of an area where a large lagoon us running through with boats docked during the daytime. ,dci
sa_1547170,A woman in a long blue dress walks along a brick street in front of shops.,dci
sa_1547172,A close up of  a person at a fair there is rides in the background and a large brown wall also.,dci
sa_1547175,"This is a man spinning a clay pot on a belted flywheel, there are many exact replica clay pots drying behind him.   He has black hair, a salt and pepper beard and is wearing a green worn t-shirt with advertising on the front and blue pants.   ",dci
sa_1547176,there is a large art piece painted to the side of a building. the piece is mostly in black and white and has dream-like surrealist imagery. ,dci
sa_1547177,There is a woman working in a room with a lot of white pieces of to make toilets. ,dci
sa_1547179,Many people gathered together watching something. There are several rows of people in the background and a group of people in the front.,dci
sa_1547180,There are rows and rows of plants and some workers collecting plants from them. There are hills and trees. ,dci
sa_1547181,"There is a row of rental bikes on a tile floor. Behind that there is a grassy area with a lot of trees, as well as cars and big buildings in the background. ",dci
sa_1547182,It shows a church with a tan brick front and pink walls. There is a building next to it and behind it. ,dci
sa_1547183,A very large plane that is being pulled by a bus on the bottom. In the background there are more planes and an extremely large building also,dci
sa_1547186,A growing area of wisteria plants found in Japan that are colored in purple. ,dci
sa_1547190,"This is a picture of people on a train. The train goes from the left of the image to the right, where the caboose is. It's a tram style train at some sort of park, based on it not having doors and only sitting two people across. On the train are two women in the first seats, then two more women, then a man and two kids.",dci
sa_1547191,a pair of ballroom dancers are performing for a crowd. the male dancer is dipping the female. ,dci
sa_1547192,Buildings painted in several shades of yellow and gold are seen atop an arched bridge,dci
sa_1547194,A toad with a number of horse drawn carriages on it there are trees along the left and the right sides of the road also,dci
sa_1547195,Containers of vegetables line the wall. There are people around.,dci
sa_1547196,A close up view of a phone and a screen behind it it is zoomed in on a specific bit of text also,dci
sa_1547198,This shows a three story brick building near some trees and a paved lot. There are several cars parked near the building.,dci
sa_1547199,there is a hole in the ground that looks manmade - there is a circular pattern of set stones that look like this might be a well in a rugged deserted environment. ,dci
sa_1547200,A woman sitting is a field of crops.,dci
sa_1547203,An empty parking lot that has tesla chargers in front of each spot there are trees in the back and cars in the back also the sky is bright blue,dci
sa_1547206,A mounted red circle with a blue rectangle across it on a rigid background. ,dci
sa_1547208,The inside of a business or office building. Has bright vibrant colors with someone sitting at a desk looking at a computer.,dci
sa_1547210,There are cars parked in front of a building during daytime.  There are palm trees in front of building and bigger trees to left of building. ,dci
sa_1547211,Many people are gathered together. There is smoke in the air.,dci
sa_1547213,There is a brown bridge going over a body of water on the right and left there are bushes and trees and there is a tall building on the left also,dci
sa_1547214,several tourists congregate in front of an ancient Catholic church. there is a dividing wall along the right of the image.,dci
sa_1547216,A view at night of a small city on the water near a big lake side. ,dci
sa_1547218,Church with a flock of birds circling and trucks driving past. The sky is grey and there is a brick path leading to the church.,dci
sa_1547221,A close up of a jeep that is driving down a very muddy trail. There is a forest around it that us bright green,dci
sa_1547223,A plaza in between a great building there are people walking around a vehicle bright green signs  and it is night,dci
sa_1547225,A green old fashioned round shingle roof on a shady patio building. The building is a peach like pink color with an arched doorway and columns on either side of the doorway. And a garden area to the left of the doorway with shadows of the fence landing on the sidewalk in front of the doorway.,dci
sa_1547228,A close up portrain of someone carrying a flag there is a large tree in the background and another building on the right made of bricks,dci
sa_1547230,Run down dock with older boats a grassy area and murky green water.,dci
sa_1547232,A bright blue sky with clouds all throughout it. There is a woman climbing a rock wall ,dci
sa_1547236,There is an overhead view of a lot of people. Most are in long clothing and white caps.,dci
sa_1547237,It shows an outdoor street with people walking. There is a very ornate cream colored building that has three towers and a long wall with a lot of openings. ,dci
sa_1547238,It shows a tree bark. There is the image of a face carved into the middle. ,dci
sa_1547239,It shows a path in a park with a lot of people walking. There are a lot of trees with light pink flowers. ,dci
sa_1547240,"This is an old chamber that has ancient carvings of people on slabs, as well as other carvings. It is very weathered. ",dci
sa_1547241,A large statue is in front of of large temple.,dci
sa_1547243,"It shows a group people walking in the middle of a street, and one is holding a sign. They are on a city street and there are buildings, vehicles and people in the background. ",dci
sa_1547245,There is a tree line in the distance close to the camera is a bright grassy area on the center of which is a swing set with people around it,dci
sa_1547248,"This is a historic building, looks like a church constructed of brick, that has an arched porch on the front, with seven arches. It arches from post to post and from front to back. Above that is an arch with four windows in the facade. It's a tiered structure, where there are levels making it into a triangular shape. Atop the building is a massive circular structure, with arches around the entire thing and a metal domed roof. On the side is a massive willow tree. In front, there are more trees. Behind it are some modern buildings. In the foreground is a plaza with grey and tan pavers and multiple signs with people milling about.",dci
sa_1547249,It shows a huge transportation building with a lot of people walking. There is a glass roof and ticket kiosks. ,dci
sa_1547251,A marble statue of an angel holding a rod stands in front of a large old stone building.,dci
sa_1547252,"Cars and trucks drive down a road that is next to a green field.  In the field, there is a Colorado sign in front of a group of a trees.",dci
sa_1547253,A security guard stands on a sidewalk next to a food stand. ,dci
sa_1547254,A long concrete building with windows and a yellow-roofed extension,dci
sa_1547259,It shows a big boat with a black side and a lot of materials in it. It is on the water and there are four big blue structures behind it. ,dci
sa_1547260,People cooking and selling food beside a street. They have a small grill cooking food on the left. They have three full trays of food for sale.,dci
sa_1547265,A large lake is surrounded by trees. Two people are sitting on a small raft with paddles. ,dci
sa_1547266,Ground view of air traffic control tower and side of main building at the Mendoza Airport.,dci
sa_1547267,"It shows a statue of a person with hair and a leaf ringlet on her head, as well as clothing. ",dci
sa_1547269,It shows a city roadway with some big buildings in the background. It is twilight with some bright lights at the side of the street. ,dci
sa_1547271,An artistic picture of flowers. Some of the petals are dull and brown and the others have more of a pattern on them. It's all painted on a blackish background.,dci
sa_1547272,"A Kenya Airway's plane flies in the sky.  The plane is mostly gray, but has areas of red and green.",dci
sa_1547273,"An old but well-preserved building with ornate columns and arches sits atop several short staircases. In the distance, more modern buildings are visible. ",dci
sa_1547274,A medium sized building with two small towers on each side. There is a tree in front of the building. Another building can be seen on the right side.,dci
sa_1547276,"A group of people in a circle on a grassy patch of a campground, playing with a multicolored volleyball.  Behind them are set-up tents, and behind that rows of trees, and a few vehicles.  In the far background are mountains and sky.",dci
sa_1547277,People are organized in the street. Some of them have flags.,dci
sa_1547282,a large trailer is transporting a segment of off bridge on a highway. there are workers in the road surrounding the machinery.,dci
sa_1547285,The front of a store. There is a statue of a chef on a platform.,dci
sa_1547286,A sandy area on which a boat and box truck are parked,dci
sa_1547287,A view of a city with calm dark water in front. There is a giant white Ferris wheel in the center.,dci
sa_1547288,A silver truck is parked in front of some buildings in the background.,dci
sa_1547289,A view up of a yellow building there are little balconies on there and the sky is blue ,dci
sa_1547290,"A white sign, oval shaped with the ends squared off,with TWA in red letters. It is in front of some airport buildings and a deep blue sky with white clouds. ",dci
sa_1547291,A group of people are riding ATVs and have pulled up behind one another to form a line.  ,dci
sa_1547292,"A building comrpised of two layers, all in glass, sits on a dock over the ocean. European style buildings are on either side.",dci
sa_1547293,A corner view of an old tan colored fort in Abu Dhabi with tall modern skyscrapers in the background.,dci
sa_1547294,A sandy beach with blue water. There are mountains in the distance. There are many people in and near the water.,dci
sa_1547295,A march through a city street at night,dci
sa_1547296,A bridge spans the length of the image. There is a white boat in the water.,dci
sa_1547297,A closeup photo of the steering wheel and the front of a Renault car's interior. You can see the sun shining brightly through the windshield.,dci
sa_1547298,A person wearing a straw hat is pulling in fishing nets off the beach to land. ,dci
sa_1547300,A number of buildings are visible in a town on the side of a mountain. A bridge leading into the town crosses over a small stream. ,dci
sa_1547301,The finish line of a bike race where a bunch of people are standing around near a large tent. It is sunny and there are bikes all over the green grass.,dci
sa_1547302,The outside of a white and black/brown building. It has multiple floors and many windows on the front.,dci
sa_1547303,A baroque gallery with stores on either side and an arched glas ceiling,dci
sa_1547304,"A street scene with the road made out of hexagon street pavers.  Across the street are evenly spaced large planters with small trees inside, rows of e-bikes, and stores.",dci
sa_1547305,A small boat out in the water.,dci
sa_1547309,A person hangs from a rope. There are more ropes in the background.,dci
sa_1547310,"A magnificent structure with a three tiered (pagoda-style) roof made of rectangular green tiles with a colonade of many arches below infront of a placaz with trees, seating and many people.",dci
sa_1547311,"It is a close up view of a dirty yellow window.  The building around the window is yellow, dirty and black in some places. ",dci
sa_1547312,"Two sides of a white office building at an intersection in an American city.  In front of the left side of the building is parked a white mail truck, while a white box truck with red and blue graphics turns the corner immediately in front of the building.",dci
sa_1547313,This is a picture of a special collector's edition postage stamp from East Germany showing a couple skating with the Olympics symbol behind them.  ,dci
sa_1547314,three men in the same uniform are playing rugby on a grassy field. ,dci
sa_1547315,"In the background, there is a row of buildings behind a street with a bus an car visible. In the foreground, A signboard stands to the right of the back half of a vehicle with a red seat.",dci
sa_1547316,A shrine is in the middle of the image. There are trees in the background.,dci
sa_1547317,"The interior of a large, temple-like structure. There is a large altar in the background. ",dci
sa_1547318,Outside scene in front of a brown brick building under a blue sky. There are other brick buildings next to it wit a stop sign posted in front of a light post. ,dci
sa_1547319,"A yellow brick building with many balconies and a similar but smaller, lighter yellow brick buildinh are on a street with blue painted concrete curbs",dci
sa_1547320,A number of people ride motorcycles down a city street. ,dci
sa_1547322,There is a forest heavy mountain int he center and on its right a lot of very tall very large buildings it is an early day,dci
sa_1547324,A building is on the left side. There are trees beside it.,dci
sa_1547325,A close up of a woman picking leaves from trees it is a bright day with people in the background also,dci
sa_1547331,A memorial next to a building with candles and colorful flowers near words written on the sidewalk in chalk,dci
sa_1547332,"Two men, one in red boxing clothes and one in blue boxes clothes, are fighting in a boxing ring.",dci
sa_1547335,A single purple flower with a yellow center is seen sitting on a painted blue rail. The rail appears to have water drops all over it. A portion of the rail is dark brown.,dci
sa_1547336,"A sign reading UNIVERSIAL MUSIC in three dimensional white block letters on the red, black, and grey brick marquee of a building.",dci
sa_1547338,The sky is very clear and bright also the sun of out of frame off to the left also. The floor is stone and there is buildings all around,dci
sa_1547340,A large building of approximately seven stories stands along the corner of a city street. ,dci
sa_1547341,A group of people stand under a large tree that sits in the snow.  Mountains with snow on them can be seen in the background. ,dci
sa_1547342,Military solider in brown with rifle walking to the left in front of fog blanketed field with a bike and small building pieces. There is a man in black right of him in the background. ,dci
sa_1547343,A rocky boulder filled overhang high above a forest below on a very grey and cloudy afternoon. ,dci
sa_1547344,A view of a neighborhood above the sky is clear but a bit dark it looks to be later in the day,dci
sa_1547347,A stone wall has carvings in it. There are two large stone pillars on either side.,dci
sa_1547348,A square that is overlooking the sear there is a lot of people walking around taking pictures and sight seeing,dci
sa_1547350,Stands for a game that are nearly full of people there is a green field on the bottom,dci
sa_1547353,Joggers on a brick walkway in front of three skyscrapers,dci
sa_1547354,There are nice houses on grassy areas and then a beach to the left. ,dci
sa_1547355,There is a lake with many boats parked at piers in the distance there is trees and grass along with a clear sky,dci
sa_1547356,"A scene of metal recycling containers, each of a different color in an outdoor area. ",dci
sa_1547357,There is a tree with light pink flowers. It is in a parking lot in front of several buildings with shops. ,dci
sa_1547359,There are bronze pipes in a wood case. There are rocks on the left side.,dci
sa_1547361,A slice of shore and a sandy beach that sits below a cloudy sky and embraced by by a mountain.,dci
sa_1547364,There is a tent in the center of the image buildings in the back ground and a large crowd of people gathered in the square,dci
sa_1547365,There is a silver ceiling with a light ever other black line on the right is a subway,dci
sa_1547368,A long green bridge over a river,dci
sa_1547371,A bright blue sky with a lot of clouds throughout it and a bright river on the left around there are many buildings and a bridge,dci
sa_1547374,A memorial museum made of stone with a statue in front,dci
sa_1547375,"Ornate, intricate, building with lots of spires in the sky in a city the beige building is very old architecture Perhaps it is Gothic architecture. The spires are decorated with lots of swirls and leaf like shapes.",dci
sa_1547379,"There is a big white sign in the middle, and behind it there are cars and a building. ",dci
sa_1547380,Two rectangular objects are suspended in the air. There is smoke going across the left side of the image. ,dci
sa_1547382,A very distant aerial view over a city with a mountain range and rolling hills. ,dci
sa_1547383,A birds eye view of a small sea side city inside of a tall cement wall. There are more buildings outside of the cement wall.,dci
sa_1547384,The moon is red in the background. There are three towers in the image.,dci
sa_1547386,People racing bicycles down a grassy slope.,dci
sa_1547387,"A little kid kciking a soccer ball on a court, there are some others watching him in the background.",dci
sa_1547389,"a young man bundled up in scarf, jacket, and knit cap stands in the middle of the snowy road. the landscape in the background in covered in snow.",dci
sa_1547391,"A sleek black cell phone. The edges and rounded and beveled.the main screen has a map with a beige background on top, and a black bar on the bottom left. There is a black bar across the top, and a white menu on the screen below it.",dci
sa_1547392,A series of buildings with store fronts. There are several people seen walking around in front of the shops. Several palm trees are also visible.,dci
sa_1547394,A group of ATMS and people walking past them there is a white building an an escalator in the distance,dci
sa_1547395,People on ski's wearing in green helmets waiting to go down a snow slope.,dci
sa_1547396,A close up of a red stamp with a white border,dci
sa_1547398,A close up view of a bottle of wine. The label can be clearly seen. There appears to be a wine glass in the background.,dci
sa_1547399,There is a road running through a grass field area in the background there is a very large hill that is covered in green,dci
sa_1547400,A party or fair with lots of people around there is a couple of trees surrounding it and the sky is bright blue also,dci
sa_1547401,"It is a picture of a side of a blue building that is several stories high. The building features rectangular and curved windows, and surrounded by trees on both sides of the picture as well as a slim cypress tree around the bottom center.",dci
sa_1547402,"A big city with tall buildings and a lot of people walking along a wide bridge. The people walking are all wearing jackets, and most of the trees have no leaves anymore indicating the current season is autumn.",dci
sa_1547404,A construction crew is working with heavy equipment building overpasses. ,dci
sa_1547405,A table covered in magazines with two people sitting behind the table,dci
sa_1547407,A women walking on a wood dock close to the water.,dci
sa_1547408,"There are two jet skis featured in this photo, with one having one passenger and the other having two passengers. The photo is an entirety of a body of water, and apart from the waves and the jet skis, we only see a buoy near the two jet skis.",dci
sa_1547410,There is an entranceway to an ornate building with a curved entrance and a gold domed building in the back. ,dci
sa_1547411,"This is a picture of a postage stamp. It's set on a black background and has white curved edges, cut on perforations. The white stamp has a red square within. Within the red square is the word Posta Womana on the left, running vrom the top left corner to 2/3rds down the left side. In the middle are two horses, rearing, one in front of the other, with features coming from their top and back. They have blue cloths on their back and bundled around their legs. On the right, under where the horses are rearing is a circus working woman. She's got black hair with large white bloves that go up to her elboy. Her black boots fo to her knees and she has white tights on. She's got a short black bob cut. On the top right of the red spot is white text that says the price, 60 Bani.",dci
sa_1547415,There is a park with a lot of greenery and some water in the foreground. ,dci
sa_1547418,This is a scene of outdoor electronic or mechanical equipment that is hooked up. ,dci
sa_1547421,"graveyard with lined up tomb rows, all with placed reefs behind them, near trees. There is a town in the distance behind them.",dci
sa_1547423,There is a large lake to the left. There are trees and sidewalks in the middle.,dci
sa_1547424,"In this image, we see a mostly white internet browser screen on a blue background.  The browser is loading a website with the address ""abc.xyz"". ",dci
sa_1547426,A large bus is parked outside of the entrance to a building. A man in a suit is standing near the building. ,dci
sa_1547427,A scene of many different speakers mounted alongside each other with a building behind it. ,dci
sa_1547428,An ice area with Christmas trees on it and buildings  and light sin the background,dci
sa_1547430,There is a person who is sitting down in colorful clothing. They are in front of a lot of colorful products.,dci
sa_1547431,A large building in the back covered in windows in the far right there is a large half sphere building,dci
sa_1547432,An old man stands in front of a small bakery with a couple of bikes leaning against the bakery's facade. There is a jewelry shop next door.,dci
sa_1547435,A close up of a number of children working on arts and crafts in a white building with colors spread throughout it ,dci
sa_1547436,"A black and white image with a man sitting on a bench in front of a home. In the distance, a city sits on a hilltop under a sky with wispy clouds.",dci
sa_1547439,"This is a cream and turquoise colored Indian style, multi story, domed peaked temple with covered wooden outside switchback stairs.   It has scaffolding around the first floor as if it is undergoing renovations. ",dci
sa_1547440,A borough or small district part of a city with people walking around on the streets.,dci
sa_1547441,Many people are gathered together. Some of them have paint on them.,dci
sa_1547442,A highway runs by an urban landscape. Several large buildings are visible behind the highway. ,dci
sa_1547443,"A black-and-white image of the side of the Radio City Music Hall building, looking up its side.  In the background are more skyscrapers and they sky, with some wispy white clouds in it.",dci
sa_1547444,many people are sitting on a grass area with trees on the right and a roof on the left also,dci
sa_1547448,A brick street between several store fronts. The store fronts have many displays. People can be seen walking down the street.,dci
sa_1547449,"A body of water is in the foreground, and appears as a shade of green. Trees can be seen in the background, standing atop a hill. ",dci
sa_1547452,Several people are in a crowded pathway. There's a scissor lift beside the two closest people. ,dci
sa_1547453,There is a city street with tall buildings and double decker buses.,dci
sa_1547455,There is a tree on the right side. There are open arched walls surrounding it.,dci
sa_1547456,A religious display of flowers and candles before the statue of a woman,dci
sa_1547457,A straw man that has a watermelon head holds a flag in the foreground. There is a sign that indicates the area is an outdoor marketplace. ,dci
sa_1547459,"There is a big ""Burger King"" circle sign in front of a building with windows. ",dci
sa_1547460,a wedding procession moves forward through an intersection. a Navy band is leads the group of people. there is a large crowd in the background. ,dci
sa_1547461,"A young boy walks on a dirt path with scattered rocks.  To the left of the boy, there trees and shrubs.  ",dci
sa_1547462,"There are two girls standing in the center, and the left one is wearing a graduation gown. There are cars and people in the background. ",dci
sa_1547465,A man is in a wooded area cutting logs with a chainsaw. ,dci
sa_1547466,"A power supply unite with some blue led lights, there is a transparency to it and inside there are transistors and writing all over.",dci
sa_1547467,A stamp from the Republic of China,dci
sa_1547468,A castle on a large hill or island it is lit of bright with yellow lights and it has a tall peak,dci
sa_1547470,A black and white picture the sky is very cloudy there is a road close and a walkway touching it slightly further back also.,dci
sa_1547472,"A couple of buildings sit under a bright blue sky with a few clouds. A short, wide building sits between two taller buildings on either side.",dci
sa_1547475,There are church pews lined up facing left. There is sunlight coming through the windows.,dci
sa_1547477,A pile of records lie on a blue background. A string with triangular Union Jacks is on top of the records. ,dci
sa_1547478,An overhead view of a large complex of many buildings. There are trees throughout cactuses and in the distance a large body of water ,dci
sa_1547479,A crowd of people are standing in front of a cement gate. The sun is shining at the top of the gate opening.,dci
sa_1547483,A dark sky without any visible clouds there. And many buildings with peaks on it,dci
sa_1547484,There is a concrete slab close up. There is water and sand in the background.,dci
sa_1547486,A small girl wearing a necklace is looking into the camera.,dci
sa_1547488,A look inside of a stone cathedral with Renaissance style architecture. ,dci
sa_1547490,"city area with a tall church building with a cross over it surrounded by cars in a lot with a few people walking around. The sky is cloudy under the daylight and there are other buildings around the church, some over stairways.",dci
sa_1547491,A bright white sky and open water also  there is a large building in the center,dci
sa_1547493,"A building under construction with scaffolding in the background.  Towards the left side is a man standing on a scaffolding platform and looking to the right.  A bright orange metal pipe is running along a concrete beam, to the left of the man.",dci
sa_1547494,The road in the image is empty. There are buildings on the right side. ,dci
sa_1547496,Two kids are outside playing with a black bucket that probably has water in it. ,dci
sa_1547498,"There is a dilapidated boat on the back right, and a lot of garbage on the floor. ",dci
sa_1547500,A road with a roundabout leads up to a town building on a hill. A large church sits by the road. ,dci
sa_1547501,"A table lined with statues of animals and baskets of food sits in front of a statue flanked by two elephants. The walls of the room have long red, white, and blue drapes.",dci
sa_1547502,A metal gating leading into a building community there is brick buildings in the background,dci
sa_1547503,A phone screen takes up most of the image.,dci
sa_1547505,Students are sitting cross legged on the ground in a covered courtyard.  A person is standing up in front of the students and talking to them.,dci
sa_1547506,"A black and red payphone attached to a wood wall.  Above the phone is a black and white sign with the text saying, OJO SAMPAI KENANGAN MERUSAK MASA.",dci
sa_1547508,There is a double bus that has windows all around it and a red bottom. It is on a street and in the background there are tall light colored buildings and a lot of electric lines.,dci
sa_1547511,A pool boy holds a long pole in his hands. There is a woman lounging on a chair.,dci
sa_1547513,people leaving a building that is yellow and made of stone. it is a very bright day,dci
sa_1547515,A street of a city. In the center of it are rails for some kind of public transportation and there are trees along the sides of the street. Buildings are also on each side of the street.,dci
sa_1547517,A brown ramp going down with store fronts on the right of it . On the left of the ramp there is a large brown wall. The bottom of the wall is built of many small brown rocks.,dci
sa_1547518,A guitarist at a live concert performing outside under lights on stage. ,dci
sa_1547520,A conference room is full of people. There is a stage set up.,dci
sa_1547521,A large water fountain with dandelion shaped fountain dispensers. ,dci
sa_1547522,palace on the other side of a river with a bridge leading to it over raised stone brick walls clearly reflected in the water under a clear blue sky,dci
sa_1547523,A view of a dark brown castle like building with a square in front of it with a fountain in the center ,dci
sa_1547525,A clocktower located at the center of a city scene with rows of building on each side of the clocktower.  The city scene is framed by a stone arch.,dci
sa_1547529,Two women in costumes standing in front of a table with a blue gingham tablecloth,dci
sa_1547532,This image shows the changing of the guard in London. Guards in red and black uniforms are lined up in front of a cream colored brick building.,dci
sa_1547533,A condominium apartment complex with many balconies and surrounded by trees.,dci
sa_1547535,A large image with a stamp in it.,dci
sa_1547537,A bright white sign that is above a long white hallway,dci
sa_1547542,A large waterfall coming out of a dragon head statue.,dci
sa_1547543,"This is a picture of three people standing together, a man and two women. The man is on the right. He is wearing pink pants and a pink patterned shirt. The woman in the middle is wearing navy trousers, a brown belt and a white shirt. She has a red coverup on, with a black and gold sash. The gal on the right is also wearing navy trousers and a navy, teal, purple and gold shirt with flowers on it. In the background, out of focus, are trees and a car, with a roadway or parking lot in the near foreground.",dci
sa_1547544,Wood is burning. There are small flowers in the background.,dci
sa_1547545,a gandola is docked in narrow canal between two ond buildings. the water appears green and there is the gondolier is on the boat. ,dci
sa_1547546,A room with a single person in it there are two tables and a window in the back,dci
sa_1547550,There is a golden curved structure to the left that goes up. On the right it shows ground and mountainous land with buildings in it.,dci
sa_1547551,A long connecting bridge spans across a wide river. There are buildings on both shores and in the background you can see some mountains.,dci
sa_1547556,People walk around an outdoor mall. The buildings are painted light yellow with red roofs. ,dci
sa_1547557,A very busy gravel trail with a railroad track passing through it. It is surrounded by cherry blossom trees,dci
sa_1547558,This is a street with buildings on the right side.  There are palm trees between the street and the buildings.,dci
sa_1547560,A group of tents with people surrounding them are set up on the ground below large buildings. ,dci
sa_1547561,A family sitting on the sand with mountains behind them as well as clusters of trees,dci
sa_1547562,A person wearing a light green colored jacket is standing in front of a counter and being waiting on by a woman wearing a pink and purple top.,dci
sa_1547564,Three people are walking on a wet dirt road. There are two buildings behind them.,dci
sa_1547567,"A person climbing up a steep rock face.  They are wearing shorts, a t-shirt, and a blue helmet.",dci
sa_1547568,"This is a river being crossed by a long bridge, with a city and shipyard on this side of the river and a string of mountains on the other side.   The river is blue and running, the sky is blue with rain clouds on the left. ",dci
sa_1547570,There is a city street with a big building on the left side and a lot of people walking on the right side.,dci
sa_1547572,A dozen or so people in tie dye tshirts with colored powder in their hair and clothes run down a city street.,dci
sa_1547573,A dark blue cloudless sky with a large white building beneath it.,dci
sa_1547576,A picture of three young children/people in a desert looking area with sand/dirt. There is a pile of tires and other items near them in this location.,dci
sa_1547577,There is an old and weathered blue van parked. It is outside and there are trees in the background.,dci
sa_1547578,There is a shrine in the middle of the image. There are two statues on either side of it.,dci
sa_1547579,"The photo depicts people walking away from the entrance/exit of what appears to be an old, large Spanish style church or museum of some kind. ",dci
sa_1547580,This is a person wearing orange clothing stirring a white mixture in a silver colored metal container on a pink mat on a table.,dci
sa_1547581,There is a grass field at the top of the image bright green there there is a river below dark gray water with people bend down searching in the water,dci
sa_1547582,black and orange shoes sitting over a black draped table in front of a white wall with a black shoe box with an X on it to their right.,dci
sa_1547583,This is a blue and black bus with a sleek design.  People are standing on the side of it and there are buildings on the other side.,dci
sa_1547584,A dark very cloudy sky is above the sea is visible with small waves closing in on the beach and foam existing in the center of one of the waves there are women and men dancing on a platform.,dci
sa_1547585,a white and orange ferry is docked in a marina along a large building. there are some building visible in the background. ,dci
sa_1547586,A closeup view of a house is visible on the left side. Two rectangular houses are visible on the right. ,dci
sa_1547587,There are people walking past a cement area near a line of trees.,dci
sa_1547588,A view over a carefully manicured and well cared for garden.,dci
sa_1547590,A patient check in point. There is a touch screen computer screen on the left side and a white Kiosk on the right side. ,dci
sa_1547591,A person in the middle of the image is holding a yellow jug. There is another person behind them.,dci
sa_1547592,This is a rack of clothing.  The first shirt on the rack is gray and has a white and red Goodwill tag on it.,dci
sa_1547593,A person is at a fancy rounded white table. They have both hands on the table and there are several glasses at the table. The table mats are rounded with a beach theme on them.,dci
sa_1547594,There are stairs along the side of a building that is painted on the top and bottom.  There are people walking on the stairs and a restaurant is in the top right corner of image. ,dci
sa_1547595,A ski racer comes out of the starting gate building to start the race. The night sky is black in the background.,dci
sa_1547597,There is a metal grill that has a bunch of meat grilling on it. There is a man cooking it on the right and a bunch of people on the back. ,dci
sa_1547599,A man in a stands at a window of a building made to resemble a log cabin. There is a seating area tot he left and dense foliage in the background.,dci
sa_1547600,A brick street with pedestrians alongside a large orange pagoda ,dci
sa_1547601,In the background there is a large dark green forest it is a bright day and the sky covered in dark clouds. There is a pier surrounded by boats,dci
sa_1547602,The corner of a blue sedan is visible. It is parked on a brown floor with a black wall in the background. ,dci
sa_1547603,There are the remnants of a dead tree in a natural area. In the background the sun is near the horizon. ,dci
sa_1547605,Three people work around a fence. There are many sheep inside the fence.,dci
sa_1547606,"This is a skyscrapers enclosed observation deck with a red geometric design ceiling with clear hanging bubble chairs, shiny tile red floors and floor to ceiling windows with an amazing view of an oceanside city. ",dci
sa_1547607,A closeup photo of a man of average build with a blurred face running a marathon. Behind him you can see a wall of hanging vines.,dci
sa_1547611,"There is a person in an elaborate costume with pink, yellow, red and green and a lot of features. There are other people in costumes and buildings in the background.",dci
sa_1547612,the view is of the outside of an airport terminal. there is a the terminal building is on the right. a road goes vertically up the center of the image. ,dci
sa_1547615,This is a field with a dirt path running through the grass toward a metal archway in the distance.,dci
sa_1547622,There are a bunch of people in an exhibit with a bunch of demonstration machines.,dci
sa_1547623,Several electronic devices sit atop a counter inside of an interior room of a building. ,dci
sa_1547626,This is an older looking building with a steeple on it.  There are buildings on either side of it.,dci
sa_1547628,A yellow awning stretches across the image. There are buildings on the other side of the road.,dci
sa_1547629,"A patch stone or concrete street curves gently to the right between the old, crumbling stone mediterranean-style buildings.",dci
sa_1547630,A black metal water pump in a town square in the middle of a circular stone shape across from several buildings,dci
sa_1547631,A small child sitting on the side of a green dumpster. Garbage can be seen in the dumpster door. ,dci
sa_1547635,A stained glass window with a picture of a king.,dci
sa_1547637,This is a red and white cross on a black surface.,dci
sa_1547639,Many cars are parked along either side of a road. Buildings can be seen lining the background. ,dci
sa_1547641,There are four dome roofs. The sky is mostly gray.,dci
sa_1547643,A person wearing a black shirt and white head covering is working with white thread or yarn while a person with a pink top sits in the background.,dci
sa_1547646,There is a statue of a person with no shirt and a blue skirt playing a string instrument.,dci
sa_1547647,A large body of water with multiple tiny waves can be seen. There are trees visible in the distance. ,dci
sa_1547648,A twisted tree sits on top of a large rock. There is a blue sign on the right and in the background there is a lot of green foliage. ,dci
sa_1547649,An extremely busy city street filled with cars and people there are tall buildings on each side,dci
sa_1547654,A downhill paved road with grooves in it from top to bottom with stanchions and yellow traffic lines painted on it. There are several large homes on the right side of the road and a tree lined area on the left side. ,dci
sa_1547655,Sunrise on an open sea where there is a building built onto a cliff there is a pool attached to that building and close there is a grassy area ,dci
sa_1547656,This is a series of older looking buildings connected to each other.  There is a large slender tree trunk growing over them.,dci
sa_1547658,"A tall, barren tree in front of a group of buildings.",dci
sa_1547663,"The PBS logo is shown on a black background.  The logo has a person's head on the left and ""PBS"" on the right. ",dci
sa_1547664,A building that overlooks the sea the sea is dark blue with a handful of boats on it and the sky is clear,dci
sa_1547668,This is a two storied building standing behind a small garden of red and pink flowers.,dci
sa_1547669,This is a black and white image of people walking in an open area near buildings.,dci
sa_1547670,the view is of the interior of a crowded bazaar. there are rows of merchandise for sale on all corners. ,dci
sa_1547672,"A laptop is placed on a desk beside a wall and a window. The laptop is currently turned on, and shows the website of Discover Bank's homepage.",dci
sa_1547674,It shows two ornate panels with artwork - a left one with has a gold table with green pointed thing on top and a right one that shows a person sitting with their legs crossed and green and gold swirls around them.,dci
sa_1547675,Car on top of hydraulic lift in a garage.,dci
sa_1547677,A stone walkway in between stalls tents and stores it then runs under a large gate ,dci
sa_1547678,"A lot of people skating on ice. In the background, there is a large white building and there are yellow signs on the right.",dci
sa_1547679,Large sand colored gothic cathedral.,dci
sa_1547683,A park setting with gazebos and a lovely water feature as well as lush landscaping and shrubbery.,dci
sa_1547685,There is a street with cars and a sky with a lot of flying birds against the cloudy sky.,dci
sa_1547686,"Two walkways span across the image, with one elevated in the air and a person on each one. There is blue sky and trees in the background.",dci
sa_1547692,The landing page of a website is displayed on a computer monitor screen. ,dci
sa_1547693,Two separate roads are visible  full of cars there is also brush in the background,dci
sa_1547694,"A shiny black car sits in front of a large red sign. The sign says ""ARTA."" The car appears to be a race car. It has a Honda badge on the front.",dci
sa_1547696,A group of people who are looking at a man behind them there are trees and building there also,dci
sa_1547697,A large building of approximately fourteen stories stands along the center of the image. There are other buildings on the left and right sides. ,dci
sa_1547699,"A blow up white bunny sits on the top of concrete on an elevated platform. Behind it, there are tall buildings with one named MBK Center.",dci
sa_1547700,two three story buildings along a city street are connected. there is a white van parked along the front. ,dci
sa_1547701,There is a man on a boat holding a yellow net. ,dci
sa_1547702,A crowd of people who are marching they are carrying signs and there are buildings behind them also,dci
sa_1547704,A concrete obelisk,dci
sa_1547707,Many rows of golden statues it is a bright day and there are many large clouds in the sky,dci
sa_1547709,A blue and white plane is flying through the air. It has its landing gear extended. ,dci
sa_1547710,Wall made of different colored stones.,dci
sa_1547714,"This is a candy bar display. There are three different types of candy bar, one on the left with an orange, the one in the middle which is a Ma Bkaer Protein Flapjack Bar and the Original Giant Bar on the right",dci
sa_1547715,A dirt road has small fences on either side. There are large buildings in the far background.,dci
sa_1547716,A large body of water can be seen. There is a city across the water. Several tall buildings are visible.,dci
sa_1547718,A large mountain that has trees along its side stands in the background. ,dci
sa_1547720,A river is running through the center of the image there are boats all along it on the far left there is a road and buildings next to that,dci
sa_1547722,A bright blue sky with large clouds in the distance there are very many buildings and in the far back there is one singular large tower also,dci
sa_1547723,A close up of a woman in a costume there is a building in the background also,dci
sa_1547728,the view is of the front of a story building between two lamp posts on a clear day. ,dci
sa_1547734,Close there is a small grassy field there it is bright green. There are stone pillars and the sky is also foggy,dci
sa_1547737,Very early morning there is snow on the ground and the lake or river is frozen ,dci
sa_1547738,There is a stone road with cars driving on it buildings are around it and the sky is cloudy,dci
sa_1547739,Two small elephants in a pen eating from a pile of plants.,dci
sa_1547745,"A bear is enclosed inside a dirty cage with rusty green metal bars. The bear's facial expression is sad as it looks to the lower left, with some of the sunlight hitting the bear's fur.",dci
sa_1547746,There are people walking along a wide sidewalk with buildings on the side and in the back. ,dci
sa_1547747,It shows a person's hands as they are putting a white substance on a paper horse over a red sheet.,dci
sa_1547748,There is a tower outside of a building that has a cross on the top of it.,dci
sa_1547749,A narrow grassy lane with a stone wall on one side and stone buildings on he other,dci
sa_1547751,It shows an ariel view of some rocks on the top and a ledge on the bottom with old shoes and some random things. ,dci
sa_1547753,There are people and buildings in the background and a grass plaza area close,dci
sa_1547758,Sea is at the left edge of the image there is a beach area and many buildings line the coast ,dci
sa_1547759,A top view of a very large damn the damn dark gray and light gray with many railings visible on it ,dci
sa_1547761,A gray sign is on the left. There is a red fence on the right.,dci
sa_1547762,A view going up from the ground there are six skyscrapers that make up these areas they are glass skyscrapers,dci
sa_1547763,"This is a narrow window lined, walkway between multistory European style row houses.   They are all painted various combinations of yellow, tan and brown, with brown tiled roofs. ",dci
sa_1547764,Six small and one giant campaign posters together with underwear and plants hung around a metal fence outside an one story residential building.,dci
sa_1547765,A person wearing a hat dumps a pail of grapes on top of a surface.  The man is surrounded by green plants.  ,dci
sa_1547767,A forty-two story high rise building in Istanbul is on fire. There is thick black smoke on the left side of the building and a blue sky with a few small clouds on the right side of the building.,dci
sa_1547770,Two women are seen sitting on the floor making Lavash bread. The woman on the left is seen tossing the dough to the woman on the right,dci
sa_1547774,A blue train comes down the tracks in a European city.,dci
sa_1547775,"There is a row of shops on a street, including two open ones. There are a lot of products in and outside of them. ",dci
sa_1547776,There is a small pedal boat in a body of water. In the distance is a European town with gothic looking churches and a large blue sky.,dci
sa_1547777,Many large buildings are visible of different shape and size along with many posters and billboards,dci
sa_1547778,A bunch of stone brick buildings that all have a square shape. There's a person looking off to the left. ,dci
sa_1547779,A narrow river runs through the center of the image and curves to the left in the background. Buildings are on both sides of the river.,dci
sa_1547780,A photo of some nice old European buildings along a wide river bank. A stone retaining wall goes along the river bank and you can see a bridge on the left.,dci
sa_1547781,Futuristic skyscrapers in a city under a cloudy darkening sky during the daytime with a few vehicles and people roaming about.,dci
sa_1547783,People praying in fron of an altar with a statue and votive lights in a stone Catholic church,dci
sa_1547786,Runside there is a river that runs through the city and feeds into a large bay ,dci
sa_1547789,A close up of a building the street is on the bottom  and left of it ,dci
sa_1547790,Several tiers of a naval ship are visible in a closeup.  Sailors in white uniforms stand on each level. ,dci
sa_1547791,It shows two police officers in black sitting on two horses. They are on a paved floor looking out over the water.,dci
sa_1547792,Two monks in orange robes stand near a wall of rock. They stand on a deck with a wood fence next to some barren trees.,dci
sa_1547793,View of the side of a building looking up from below. There are two stories visible and probably a ground floor below. each floor contains a window with a balcony leading to what is probably an apartment.,dci
sa_1547795,A white building/structure with a tall peak/cupola sitting next to some trees. It has a yellow peak/cupola at the very top.,dci
sa_1547796,People are in a blue canoe on a lake. There are trees in the background and a structure right a brown roof to the top. The boat has an awning on the top of it.,dci
sa_1547797,The inside of a luxurious store the windows around it are  dark black and there are lights above,dci
sa_1547798,It shows a big gray building with a lot of dark windows and square shapes as well as silver panels that go diagonally and horizontally across the building. It is against a blue sky.,dci
sa_1547799,Two volleyball players are on the side of a net. There is a crowd of spectators in the background.  ,dci
sa_1547801,A domed and turreted building behind a grove of trees,dci
sa_1547802,A large green barge carrying shipping containers stacked on top of each other is moving through the water facing to the right. The sky is overcast and the background is foggy.,dci
sa_1547803,Seven people are on a stage. There is a tiger on the stage.,dci
sa_1547804,A well dressed couple posing on a blue carpet with men is suits holding umbrellas in the background.,dci
sa_1547805,There is a crowd of people in front of them there is someone dressed as a monster with curved horns,dci
sa_1547806,A second floor of a building with windows all around,dci
sa_1547807,"A stone statue of a lion is surrounded by the branches of a tree. In the background, several buildings are visible. ",dci
sa_1547808,"Bamboo steamers, colored plates, and red baskets full of bananas and snacks on a pink and purple flowered tablecloth",dci
sa_1547809,Two people are seen walking together side by side. Only the left arm and leg of the person on the left of the image can be seen. There are a row of bicycles in the background.,dci
sa_1547812,Many tents are lined up in long rows. They are all lit up.,dci
sa_1547814,"a gray, square-shaped signed is affixed to the side of a concrete wall. ESPRIT is displayed along the bottom. the sky is visible on the left in the background. ",dci
sa_1547815,A white sports building is in the background. A lady is looking at dresses on mannequins.,dci
sa_1547820,A large stone structure with a menorah on top of it and an entrance that is surrounded with jagged metal fencing placed on a short wall of stone. ,dci
sa_1547822,"A blue car travels down the road in front of a brown, two story-building on an overcast day.",dci
sa_1547824,A view of a dark cobblestone street that goes up hill towards the back of the image. There are multiple buildings visible in the background.,dci
sa_1547826,"A few students are on stage with blue caps and gowns. there are flower arrangements in front of the stage and a large white sign with gold, red, and black text on it behind them.",dci
sa_1547828,A young girl is sitting on a yellow bench and is holding a phone with both hands. ,dci
sa_1547829,A photo of three red Turkish Airlines self-service check-in kiosks in a big airport. In the background you can see eight kiosks with airline representatives.,dci
sa_1547830,There is a person speaking on a stage. There are about 14 people sitting in chairs watching him in an audience. ,dci
sa_1547831,The image is a black and  photo of the end of a street intersection in a busy city.  There are buildings along the left and right side of the long street in the middle.  ,dci
sa_1547832,There are a lot of people walking in an outdoor area in front of a tall structure that has 5 huge supports and an overhanging that has a statue of 4 horses and someone riding.,dci
sa_1547834,A statue of a person riding a donkey . The person is facing backwards on the donkey.,dci
sa_1547835,A Orange and yellow construction crane and large truck in front of a two-towered skyscraper with red and yellow brick and many windows,dci
sa_1547838,three Russian military jackets with accompanying hats are displayed. ,dci
sa_1547839,A stone wall leads to a stone tower in front of a heavily wooded area.,dci
sa_1547840,A close up of a casing or a wrapper of food ,dci
sa_1547843,A yellow building is on the right. There are trees in the background.,dci
sa_1547844,A Thai Airways Boeing 787-8 is facing to the right on the airport runway. A large area of trees are in the background and the tops of building can be seen behind the tree tops.,dci
sa_1547845,There is a road with many people walking down it as well as surrounded by trees,dci
sa_1547847,Several people are seen in a narrow blue canoe on a body of water. Houses can be seen in the background.,dci
sa_1547848,There is a brown two-story house with windows in white frames and a glass doorway. ,dci
sa_1547851,A white and tan building with many white pillars there are people below it also,dci
sa_1547852,Two Asian girls running down the street with buildings and tall trees in the background.,dci
sa_1547853,A person is wearing many hats. There are people in the background.,dci
sa_1547855,A yellow bus dominates the image. There is a woman inside the bus that is looking at the camera through an open window. ,dci
sa_1547856,"The Chrysler emblem is seen in the middle of a brown background.  Above the emblem, we see the words ""Chrysler"".  ",dci
sa_1547857,People holding a small hot-air balloon,dci
sa_1547858,Four rhinos are near a water hole surrounded by sand. One is laying down near the water,dci
sa_1547859,A view of a row of attached housing on a quiet street with short green grass across from the housing. The sky is mostly cloudy with a little bit of blue showing through in the top right corner.,dci
sa_1547860,A white room with green on the left in the center is a bright white coffin,dci
sa_1547861,There are a group of soldiers sitting in a truck with a tan fabric top and a green rail in the back. ,dci
sa_1547862,It is daytime with partially cloudy skies. The main focus is a pink-colored building with intricate designs at the top. It is rounded in the center with 2 squared off sections on either side.,dci
sa_1547864,Three older men and one boy fix the wire of a fence behind a railroad in what appears to be somewhere in a rural British town. ,dci
sa_1547866,there is a cathedral visible in the background at he end of a brick road on a nice day. ,dci
sa_1547867,"Soccer player in yellow jersey with number 10 on the left and an emblem with a soccer ball in the middle of swirling yellow, blue, and red sections with words in a white circle around. ",dci
sa_1547871,"Three people stand on a rock beside a body of blue water. There is a round brick building on the bank, along with trees and a rock and wire fence.",dci
sa_1547874,"20 to 30 people have come to visit a religious shrine. The shrine is a massive tan wall made from thousands of unique stones, all various sizes from 3 feet to 10 feet; none are the same and they look very old.",dci
sa_1547876,We are at a hill or cliff side with a elevated walkway and it looks to be the afternoon,dci
sa_1547877,There are about 12 penguins on the ground in a low pen on a snow covered ground. There is a line of people in the background looking at them.,dci
sa_1547878,"This is a soccer match mid action, it is between a team in white and red uniforms and a team in red and white striped jerseys and black pants and socks.  The pitch is green and grassy, the stands in front of us are packed and the orange and purple Fed Ex banner on the edge of the field is inescapable. ",dci
sa_1547880,A blue shiny sign that says Australian Government with a horizontal white line under it and Department of Home Affairs in white font. To the left there is an intricate crest on the sign. Part of the wall and part of the ceiling is visible.,dci
sa_1547881,"There is a modern gold building on the corner of a street, and a similar silver building behind it. ",dci
sa_1547882,A marble tombstone leaning onto a big tree. The tombstone contains an epitaph in black granite and it is written in Russian. Behind the large tree is a park with a bench. ,dci
sa_1547885,"The exterior of a tall building can be seen in the background. There is a tree on the left hand side, in front of the building. ",dci
sa_1547886,A photo of a building in an ancient Greek architectural style consisting of a central part and two wings. There is a statue of a Greek God on each side of the main building.,dci
sa_1547889,There are dogs on leashes being held by people who are standing on a gray ground. ,dci
sa_1547892,"Trees with purple flowers, green trees, and a few concrete buildings in the background.",dci
sa_1547893,A road that runs in front of a brown building the sky is dark and very cloudy also. ,dci
sa_1547894,This shows a black Sony Walkman cassette player next to a clear grey Yamaha cassette laying on a pine colored table.,dci
sa_1547896,The floor of the area is gray with white lines around it.  There are multiple people in the shop,dci
sa_1547897,a row of wind turbines are lined up along a hilltop. there are lots of daisies along the hill and a chapel in the center of the image. ,dci
sa_1547898,A boat has been put on display in what appears to be a museum. There is also a car on display to the right.  ,dci
sa_1547899,A floor view of an open arena filled with bright white dirt the walls of it are bright red,dci
sa_1547904,A bright blue sky with large clouds over heat there is a mountain top with buildings,dci
sa_1547906,An entrance to a building there are signs in front and a stone walkway,dci
sa_1547907,The image is an outdoor scene of a zipline in the air with a cable car attached to it.  The tops of trees are around the cable car and there are mountains and sky are in the background. ,dci
sa_1547908,A body of water it is brown and green the sky is bright and there are many clouds in it,dci
sa_1547909,Building with signs for  air conditioning service and other services.,dci
sa_1547911,The inside of a location with turnstile/gates on the left. There is a group of people on the right side behind a fence/rail.,dci
sa_1547912,The center of an arena  that is a race track it is a bright day above,dci
sa_1547913,"On the left is an introduction of a historical bridge in Spanish on a sign attached to a red pole, on the right is the bridge itself with cars and pedestrians on it in a sunny day. ",dci
sa_1547916,A close up of two cars looking at a street going a different direction with another car there,dci
sa_1547917,Many people are lined up in the street. There are buildings in the background.,dci
sa_1547919,Four egg rolls can be seen on a white circular dinner plate. There is a smaller round bowl beside the egg rolls. It is partially filled with a red sauce. ,dci
sa_1547920,"A woman sits on a restaurant patio next to the balcony looking out the archway overlooking a domed church. The trees are bare and the sky is cloudy indicating the weather is cooler. And the woman has the chair across from her pulled out, but there is no food sitting there yet.",dci
sa_1547922,There is trees in the background with people among them on the left there are dark red flowers and it is very bright out,dci
sa_1547924,A train station can be seen behind two sets of train tracks. There are people sitting beside the station. There are mountains in the background.,dci
sa_1547927,"A person is seen cutting down a log with a chainsaw. The area is filled with shrubs and weeds, and the other cut logs are seen behind the man.",dci
sa_1547928,A dark sky filled with clouds there there is some blue visible in the sky,dci
sa_1547929,A bright day with many buildings built into a cliff side there is bright blue water at the bottom of the cliffs,dci
sa_1547933,The inside of a mall there is a store front in the center and a large pillar to the left of it,dci
sa_1547934,Star Alliance planes sitting on a airport tarmac with a mountain in the background.,dci
sa_1547938,It shows a person sitting at a food cart on the sidewalk in front of a street. There are buildings in the background. ,dci
sa_1547939,It shows a statue of an animal carved with a lot of decoration and some curved panels behind it that also have designs in them.,dci
sa_1547940,It shows a display that features white horizontal structure with a sign and display in front of it. It is in a big industrial style building.,dci
sa_1547941,It shows a graveyard with rows of gray headstones with big crosses. ,dci
sa_1547944,A building surrounded by metal scaffolding,dci
sa_1547946,A close up of a display case filled with various foods,dci
sa_1547949,Senior citizen exercising on yoga mats in a small athletic court with shaded bleachers.,dci
sa_1547951,It shows an outdoor street with a big statue of a lion on the right side. There are buildings to the left and a yellow tram that looks like a train.,dci
sa_1547952,Bottle of bourbon whiskey on a black table right of a toy classic car within a blurred background.,dci
sa_1547953,A statue of a dinosaur sits on a patch of grass along a road. ,dci
sa_1547954,A body of water surrounded by buildings that are covered with lights,dci
sa_1547955,A red carpet is folded on top of another carpet.,dci
sa_1547959,It shows an shopping area with stores on both sides that have many different products on shelves and in displays.,dci
sa_1547960,A body of water can be seen in the foreground. There are buildings and trees in the background.  ,dci
sa_1547962,A man is using a driving simulator while a small child and another man watch. A video screen shows a racetrack and telemetry. ,dci
sa_1547963,A wood door is in the middle of the image.,dci
sa_1547964,the view of a commercial buildings on a snowy day. there is a road that goes across the center. ,dci
sa_1547966,The image depicts a close-up of what appears to be a multi-colored shiny curtain with different shades of pink. ,dci
sa_1547967,A photo of two men and a kid standing at a rocky shore by the sea. In the background you can see an island with a flat-topped mountain.,dci
sa_1547968,A portion of a large city can be seen. There are many different buildings. Some of the buildings appear to be skyscrapers.,dci
sa_1547969,A small stream of water flowing over a ledge of beige rock or sand.  There are some green patches in the sand.,dci
sa_1547971,A city street and many buildings can be seen in the foreground. The Eifel Tower is visible in the background. ,dci
sa_1547972,Over a brick wall with metal fences there are white tents then there are residential buildings all with brown roofs under a clear blue sky.,dci
sa_1547973,People standing behind baskets of food  along a village street,dci
sa_1547975,A four story brown brick building faces the water lined with small boats. The sky with mostly a bright clear blue with some thing clouds on the left side.,dci
sa_1547979,"A travel information sign in thai, English, and Chinese.",dci
sa_1547981,"A group of statues in a trench/gully. They are facing the right of the screen, and all are the same color.",dci
sa_1547982,A crowd of people walk down a narrow city street lined with businesses on both sides. Colorful flags and banners are hung above the street.,dci
sa_1547984,"This is a large brown with gold writing sign outside a a Buddhist temple in Chiangmai, Thailand.  The sign is bookended with sculptures of red and green Buddhist sculptures.",dci
sa_1547986,A black mesh frame behind small fir tree sapling,dci
sa_1547990,There is a building with three visible stories with gray railings in front of them. There are blue staircases leading up on the bottom and on the right side. ,dci
sa_1547992,"In a river partially filled with reeds and litter, two boys sit in canoes that have plastic bottles in them. ",dci
sa_1547993,"An ornate byzantine or byzantine romaneque style church, in different shades of brown brick or stone, with a bell tower and dome, on a city street.",dci
sa_1547994,many people in a inside market with a lot of screens and pillars with a pair of ladies selling eggs in the foreground,dci
sa_1547995,It shows a large body of water that has trees on the distant shore and very large buildings of a city in the background.,dci
sa_1547996,"A clothing flea market with different booths. It is outside, surrounded by buildings.",dci
sa_1547997,The top portion of a house can be seen. There are three decorative gold colored dragons on the top of the house. There are two visible windows.,dci
sa_1547999,"A grey bicycle with a green plastic basket on front and a green wheel cover on the back, locked to a metal pole on a city sidewalk.",dci
sa_1548000, A wide aisle in a store separates rows of shelves packed with goods. A wall of televisions is seen in the background.,dci
sa_1548006,"An airport terminal walkway with glass and white walls separating the entrance and exit.  A black sign with white, yellow, and green markings is hanging above the moving sidewalk in the center of the scene.",dci
sa_1548007,An open air farmers market with grey stalls covered by red canopies and orange canopies.  The ground is reddish brown bricks or cobblestones. People are selling fruits and vegetables.,dci
sa_1548008,It shows a dirt pathway through a grassy area that has some old buildings to the right and mountains in the distance.,dci
sa_1548010,The image depicts a guitarist with colorful makeup and clothing singing on stage with a black background and yellow and red stage lights. ,dci
sa_1548011,This image shows a view of a busy city street on a bright sunny day. People can be seen sitting at tables on the sides of the road and in bikes and open taxis on the going down the street.,dci
sa_1548012,A close up image of an image of a figurine.,dci
sa_1548013,About ten small asian boats in a greenish brown river.,dci
sa_1548014,A garden with the center a large marble like pole on a bright day,dci
sa_1548018,A small group of people are lined up outside of a red and beige city bus waiting to get on. A row of buildings are on the other side of the street behind the bus.,dci
sa_1548019,A train on tracks beside a row of buildings,dci
sa_1548021,Four people are in the photo. One of them is holding a microphone.,dci
sa_1548022,It shows some men in blue playing volleyball outdoors in a park. ,dci
sa_1548023,A crowd of people on the street in the back it is mid day the sky is blue and clear ,dci
sa_1548024,"A person walks alone along the side of a hill. A building, and the ocean, can be seen in the background.   ",dci
sa_1548030,Two tan buildings in the background and the sky is bright blue also the center is a plaza ,dci
sa_1548031,"It shows a very ornate wall with many carvings in it, including many carvings of people along with windows to the sides.",dci
sa_1548032,A close up of two women inside of a white room some plants and some leaves hang from the walls,dci
sa_1548036,It shows a wide suspension bridge through a forested area and some people walking along it.,dci
sa_1548037,Two animal fossils sit on top of a white desk.  The fossils are dark brown and yellow.  There is a gray space that surrounds the white table. ,dci
sa_1548039,A woman in blue crosses the finish line,dci
sa_1548040,It shows a woman sitting down holding a child and reaching for another one. She is in a grassy area with a lot of people and plants behind her. ,dci
sa_1548041,"A light dusting of snow is on cars and the street of a small area of the city. There are some apartment buildings, with cars along the street.",dci
sa_1548042,People marching in a parade,dci
sa_1548044,It shows an orange surfboard with somebody in the water on top of it. They are in a large body of water.,dci
sa_1548045,A large bronze statue of a horse rearing up its front legs and the back of a man to the left of the horse is on a stand in the front center of the image. Power lines are crisscrossed all over the sky and a row of attached buildings are in the background.,dci
sa_1548047,"There is a row of brown, white-tipped pointed objects that have green bottoms. There is a lot of small writing on the sides of the objects.",dci
sa_1548048,Mannequins that are dressed like ninjas are arranged into a display inside a building.  ,dci
sa_1548050,"A view of a forest at night with trees that are partially in shadow.  From the bottom of the scene there is a light being directed up into the branches of the tree, highlighting a colorful small bird perched on a branch.",dci
sa_1548051,Light blue sky clouds filling up the lower half of it completely. The sea is blue and calm water,dci
sa_1548052,A cloIn the background there are fans and stands and close there is a sitting area with sponsors ,dci
sa_1548053,"This is an open air sea food market, with many types of shellfish in trays with pricing cards on stacked milk crates and scaffolding.   There is a man in cold weather clothing with a clear plastic bag examining the different purchase options. ",dci
sa_1548054,An extremely crowd building on the left there is a staircase and there are multiple large stone pillars ,dci
sa_1548055,It shows a road with a red car closest and two green cars a little in the back. There are trees and a building in the background. ,dci
sa_1548057,A close up of a shelf in the background there is what looks like glass or bottles all blurry,dci
sa_1548058,Children inside a ramshackle house made of sticks and plastic,dci
sa_1548063,"A architectural building with a gray, cloudy sky. There are trees on the left side.",dci
sa_1548065,A young child is riding a blue tricycle,dci
sa_1548068,People are buying and selling things at a busy outdoor market in India. ,dci
sa_1548070,A close up of a tomato plant there is some water on the leaves,dci
sa_1548071,A plaza at night the sky is completely dark and there are trees placed around it,dci
sa_1548072,an airliner is set to take off from a runway. there are a row of boarding stairs along the bottom of the tarmac. ,dci
sa_1548074,A flooded city street with trees and buildings on both sides of it.   ,dci
sa_1548076,Many buildings on the waterfront in an open area. There are green trees around and the sky is cloudy.,dci
sa_1548078,A downtown area of a large city. There are many buildings and high rises as well as some green area. The city is spread over a large area. ,dci
sa_1548080,"A large group of people are walking along a city street. It is snowing, and there is snow already on the ground. ",dci
sa_1548082,"It is a street in an asian city, there are big buildings lining the street and people waling down the middle of the street. There are alot of signs with foreign language on them on the sides and fronts of the buildings. ",dci
sa_1548083,A busy city street,dci
sa_1548084,The sky is blue and clear of any clouds close to the camera is bright blue water with a boat on it,dci
sa_1548087,A bright sky with clouds here or there in the distance is land filled with large buildings,dci
sa_1548088,A fire station with a clock tower in front of modern skyscrapers in Canada. ,dci
sa_1548090,A road on the left with a single person surrounded by giant silver mechanisms also,dci
sa_1548092,a parking lot near a large canyon is filled with cars. there are people towards the trees in the background. ,dci
sa_1548095,"There's a statue of an old man posing while holding a shovel.  The building behind it have white painted walls, and antique-looking window frames.",dci
sa_1548096,A bright day with the sky being bright blue the picture is taken from atop a boat and beyond the boat is open water.,dci
sa_1548098,Yellow brick building parking lot with a white and blue banner on the sidewalk.,dci
sa_1548100,It is a bright day and there are multiple long boats that are on the water ,dci
sa_1548101,A close up of a large dinosaur skull in the background there are multiple brown surfaces ,dci
sa_1548104,It is a very bright day there is a mostly glass wall in the image with a bright red sign above the doors ,dci
sa_1548106,There is a person walking in a shopping area. There is a shop to the left but a closed one to the right. ,dci
sa_1548108,Two women in red walking away from the camera.,dci
sa_1548110,It shows a man sitting outside on the floor reading a newspaper.,dci
sa_1548115,"It shows a cityscape beyond a pool of water. There is a tall skyscraper in the center that reaches up to a point, and a circular building to the right and a lot of buildings on the left. ",dci
sa_1548117,It shows a wide dirt path with a lot of people walking and riding bicycles. It is bordered by grass and trees and leads to a big white building in the distance. ,dci
sa_1548119,A tan building with a four-story center and three-story wings,dci
sa_1548121,A top-down view of the middle section of an older motorcycle sitting on a paved surface.,dci
sa_1548122,"In this image, we see a picture of a smartphone's screen.  The smartphone is showing a page for ""Barratt Developments PLC"".  The page shows the top of a house.  ",dci
sa_1548123,A five story concrete and red brick building is in the background behind a large round concrete pillar holding up a large concrete slab.,dci
sa_1548125,"Side of a multi story white bulding with a slight leftward tilt . Building rises up across right side of image, left of building is blue sky.",dci
sa_1548128,This is a birds eye view of a large airport in Thailand. Tall buildings in a large city can be seen in the far background.,dci
sa_1548130,It shows a tan colored house with a green roof behind a black fence. ,dci
sa_1548132,"This is a parade where a group of ladies in red or teal shirts are carrying a person in a light tan shirt with embordered short sleeve cuffs and wearing a bamboo hat with red lanyards hanging from it , on a lashed bamboo pole chair.   There are mountains and a green valley in the background. ",dci
sa_1548134,Three men are working on scaffolding that rises up along the side of a building. ,dci
sa_1548135,A bottle of cleaner is on a shelf.,dci
sa_1548136,A ferry carrying people and cars,dci
sa_1548137,"The image depicts an old-looking beige, red, and blue bingo board with some damage on its edges. ",dci
sa_1548138,Street and buildings that are lit up blue by a lot out of frame there are multiple buildings ,dci
sa_1548139,A black Lada Samara race sedan driving on snow with a race event staff talking on his phone in the back between two small red flags. ,dci
sa_1548140,A bright day with a light blue clear sky there are three bridges in the image and a long walkway running under both of them,dci
sa_1548143,"There is a man in a uniform reaching down to hold a stack of orange cones. He is in the middle of a street and there are people lined against the edge of the street, and there is a building in the background. ",dci
sa_1548144,"A tan, white, and brown building with details on the roof and exterior walls. There is a street in front of it with yellow and white horizontal lines.",dci
sa_1548145,A crowd of protestors are protesting with signs in the Ukraine flag colors.,dci
sa_1548146,A room with a yellow wall on the right and brown on the left also there are multiple pieces of clay pottery on the right cabinet area,dci
sa_1548149,Two people walk along a row of an agricultural field. ,dci
sa_1548150,"the view of the front, exterior of a hospital is visible. there are three flags growing up the center. ",dci
sa_1548154,There are people in the background standing wearing black and green it is a bright day and there are two levels in the background also,dci
sa_1548157,A person is seen riding a motorcycle around a sharp curve on what appears to be a race track. There is a blue wall in the background.,dci
sa_1548159,Many skyscrapers are in the image. There are some trees at the bottom of the image.,dci
sa_1548163,A bright day with a city in the background there is also the base of a large tower and the sky is clear,dci
sa_1548165,A person riding a bike in front with two cars behind trailing behind. They are on a road and the area has some plant life and other people.,dci
sa_1548166,It shows a colorful statue of an elephant with painted feathers behind it and lots of hands coming out from it. In front of it there are a lot of silver platters that have different things in them. ,dci
sa_1548167,A jet parked on a runway,dci
sa_1548168,People are walking on a street. There are shops around.,dci
sa_1548169,A large plane is taking off from an airport near a city. Its blue with a yellow lotus on the tail. ,dci
sa_1548171,People are walking behind a fence down the street in front of the Notre Dame Cathedral.,dci
sa_1548172,There is a field with green plants that have pink flowers. There are a lot of people in the field and mountains in the background. ,dci
sa_1548173,A brown brick building with 3 rounded pillars at the top of it. There are several rounded arched windows and shrubs in front of them. The sky is clear and blue.,dci
sa_1548176,"This is a taped down artist sketch canvas, overlooking a dammed lake harbor with anchored small boat slips directly in front of us.   There is a four story hotel across the lake on the left, a concrete dock in the middle and the dam spillway to the right and a large clear sky above. ",dci
sa_1548179,There is a sports player in white and blue embracing a player in red. There are other players behind them. ,dci
sa_1548180,"Branches rise up along a wire fence in the foreground. There are red and yellow leaves on the branches, and more plants in the background. ",dci
sa_1548183,It shows a walkway next to a body of water. To the left of the water there are many boats and there are big buildings in the background. ,dci
sa_1548185,"It shows four people in the front, one of whom is standing and three of which are sitting on the grassy ground. There are two buildings in the background. ",dci
sa_1548186,A white building that has designs that look like flames along its roof. ,dci
sa_1548187,"An ornament or decoration that is white, blue, and has a bit of yellow it. Looks to be a small child/angel pictured in it with clouds around them.",dci
sa_1548188,People are walking down a wet brick street lined by old multi-story buildings. The sky is overcast and grey.,dci
sa_1548189,A plaza with a fountain in front of tall brown buildings,dci
sa_1548190,Two boats float in the water beside the shore.  A line of green trees is seen in the background.  The fronts of buildings can be seen on the shore. ,dci
sa_1548192,It shows an outdoor market where they are selling things and there are a lot of yellow and red umbrellas. There are people walking around and green trees and a building in the distance. ,dci
sa_1548193,It shows the inside of a terminal with a lot of counters and places where people can wait in line. There is a toy and game shop on the left. ,dci
sa_1548195,Four tall skyscraper buildings are set behind a dock that is bordering a light blue body of water.  The sky above the buildings is bright blue and cloudless.,dci
sa_1548196,Several runners pass what appears to be a finish line at a marathon. There are several orange cones on the right and left side.,dci
sa_1548201,The area is a big city full of tall buildings and skyscrapers. The area features a river and a curved bridge in the center.,dci
sa_1548202,A train station platform can be seen on the left hand side of the image. There are train tracks and trains along the center of the image. ,dci
sa_1548204,A crowd of people standing near a shallow pool of water with a few children playing in the water.  Behind the crowd is a row of stone buildings with tall windows and dark roofs.,dci
sa_1548207,A close up of a black board with lots of logos numbers and cities on it,dci
sa_1548208,Heavy equipment in a parking area of a construction site. There is an area of woods that surrounds the lot as well as a rock barrier. ,dci
sa_1548209,A man in a wetsuit riding a jet ski,dci
sa_1548213,The sky is very dark pitch black and there is a building in the front focus of the image ,dci
sa_1548215,A bit of a dark day it has rained recently as everything in the image is shining and wet ,dci
sa_1548216,Under a blue canopy tent there is a distribution event and people wearing different types of uniforms chatting with each other in a sunny day.,dci
sa_1548222,A bright day and a large cluster of trees or forest in the background,dci
sa_1548223,An aerial view of a grassland area the ground is rather uneven and there are trees placed sporadically around it,dci
sa_1548224,Thw building is white and there is a person close up who is looking upwards,dci
sa_1548227,A field of grass with a grid of paths forming rectangular grass blocks.,dci
sa_1548229,it is a dark day out and is raining or has recently raised there is a road running in between a number of buildings,dci
sa_1548230,"Large roof hanging supported by tan concrete pillars with the word ""coles"" in red.",dci
sa_1548233,There is a white wall full of flyers and it looks like it is a bright day out also,dci
sa_1548234,A street view of a busy street the sky is bright blue and no clouds at all in sight,dci
sa_1548235,A large statue of a man is seen in front of a blue sky. The sky appears to have some cloud cover.,dci
sa_1548236,A very bright day with the sun shining all over the area there is green everywhere of many different kinds ,dci
sa_1548242,A rather dark clear day there is a white building in the background and a crowd of people close,dci
sa_1548244,Large red brick building with clocktower on a stone street with a colorful bouquet of flowers.,dci
sa_1548245,A very  bright day there is a white building in the back and another white building on the left ,dci
sa_1548246,View of a hill with a tree in the foreground and a large mountain range in the background. To the left sits a white painted lodge with red roof and mountain behind it.,dci
sa_1548248,An alley between buildings with two people walking. The walls of the buildings are filled with decorative plants and shrubs.,dci
sa_1548250,It shows a row of colorful connected buildings in front of a bunch of umbrellas where people are standing and sitting. There is water in the foreground.,dci
sa_1548251,It shows a dock with two big white boats that are close on a big waterway. There is a distant shore that has more buildings. ,dci
sa_1548253,It shows a modern outdoor train on the left with a lot of people standing on the right. There is a big building in the background.  ,dci
sa_1548254,A colorful carnival hat with streamers,dci
sa_1548256,A group of men in white saris sit on a brightly carpeted floor under a colorful canopy. Their backs are to us as they look forward in the same direction.,dci
sa_1548257,A passenger jet at an airport hooked up to a boarding ramp.,dci
sa_1548259,"Two action figures are captured representing a fight scene in which a character is pinned down by another character ready to punch the first character in the face. There is a big white cotton sheet that is pushing against the character being pinned down, and some white particles are digitally added to the photo.",dci
sa_1548262,A thin strip of water with a sandy beach on each side and a white boat in the middle,dci
sa_1548264,There is a rectangular digital airport sign that has a listing of flights and their details. ,dci
sa_1548265,It is a bright day and there are multiple levels to this building the bottom is a garage area,dci
sa_1548271,"A farmer with a yellow straw hat digs into a muddy field.  The farmer is surrounding by muddy water.  In the background, there is a line of green trees.  ",dci
sa_1548272,Several students can be seen seated at long wooden desks. They appear to be in a university classroom with a projector screen in the front.,dci
sa_1548276,A very bright day the sky is bright blue and clear and in the distance there is a dark sea,dci
sa_1548278,The center of a football arena the stands in the background are light red and they are mostly filled,dci
sa_1548279,An area that appears to have been abandoned and unmaintained. There are trees with no leaves on them in the background.   ,dci
sa_1548282,A rather bright day and  with lots of different trees around the area there is a large building,dci
sa_1548283,Building front to a tourist information center with its sign showing that it is open. The building is surrounded by trees and other plants with powerlines going across overhead.,dci
sa_1548284,The side of a white building. It has a red roof and a black panel of windows going down one side.,dci
sa_1548285,"Two light blue outrigger canoes are parked next to a port, one of them is occupied by two fisher men. The port is located in a small village with a white house in the middle. ",dci
sa_1548286,A man is on a tree. He is holding a stick in his hand.,dci
sa_1548288,It shows a wooden building that has snow on the roof and a lot of red decorations hanging from it. It is in a snowy area with mountains in the background. ,dci
sa_1548289,"the side of a restaurant and residential building center is visible. the buildings have a reflective, mirror design. ",dci
sa_1548293,Two people standing on a city street and holding up a sign,dci
sa_1548294,A group of construction workers are working on a scaffolding that rises up along the side of a building.  ,dci
sa_1548296,It is a black and white picture that shows a very ornate building that has a rounded center and two parts that come out on either side. There is a large expansive ground in the front with people and some trees in the middle. ,dci
sa_1548297,Two people in old style costumes are seen chatting in the sun. There is a large brick building behind them.,dci
sa_1548298,A bright day there is a fence close and a city in the background,dci
sa_1548299,A very bright day the sky is covered in bright white clouds  ,dci
sa_1548301,A beach with light colored sand and blue water can be seen. There is a mountain on the right side and mountains seen in the distance.,dci
sa_1548302,A man wearing a black suit jacket over a black and grey striped sweater with the collar of a button up dress shirt underneath the sweater is holding up a smart phone taking a selfie in front of a black New York Comic Con wall.,dci
sa_1548303,It shows an aerial view of an area with a lot of trees and then buildings in the distance. In the background there are tall mountains.  ,dci
sa_1548304,"A badminton player is seen fist-pumping the air, presumably because of winning or scoring against the enemy. There are camera crew in the background as well as an umpire sitting on an elevated platform.",dci
sa_1548305,It shows a picture of a big RV that is driving on the road. ,dci
sa_1548306,A close-up of a free fly fishing app on an app store page. ,dci
sa_1548307, The painting is the fresco of Glory of St. Therese of the Child Jesus in the church Parroquia Santa Teresa de l'Infant Jesus by Francisco Labarta.,dci
sa_1548309,there is a row of buildings and shops along a street. people are walking along the street. ,dci
sa_1548311,A man wearing a suit and standing in front of a sign,dci
sa_1548312,A bright sky it looks early in the day there are a handful of buildings looking up at them also ,dci
sa_1548313,A beautiful green area with mountains/hills in the background. There are small buildings and houses at the base of this area.,dci
sa_1548314,It shows people interacting with a bunch of white and brown sheep. ,dci
sa_1548317,Many people are walking in a plaza. There are buildings in the background.,dci
sa_1548318,"A drenched woman with short dark hair and wearing a white halter top with a red bra, jean shorts, and sandals is posing in front of a red banner with a tiger and red symbols at night.",dci
sa_1548323,A tall concrete and cinder block entrance to a historic cemetery is in the center of the image surround by tall green trees. A wide multi-lane road is in front of the cemetery entrance. ,dci
sa_1548325,A large crowd of people are walking along a train platform. A train can be seen pulled up alongside the platform on the right hand side.  ,dci
sa_1548326,the old monastery sits in the background on a clear day. there are rows of grass and other foliage visible in the foreground. ,dci
sa_1548328,A woman is held up by two dolphins. There are more people and animals in the background.,dci
sa_1548329,A man standing in front of a moving subway train,dci
sa_1548333,A bright day and the focus is on a statue behind it there are some trees,dci
sa_1548337,A view of an open lake or a bay the sky is bright blue and there are some clouds there also,dci
sa_1548341,It is a bright day and the sky above is bright blue and covered in clouds,dci
sa_1548342,A large religious building stands along the background. There are plants and light posts in front of the building.  ,dci
sa_1548343,A bright day out there are multiple buildings in the image as well as a large street in the background,dci
sa_1548347,The day is bright and the sky is light blue and covered in clouds also. There is a small street surrounded by walking areas,dci
sa_1548348,The interior of a domed building,dci
sa_1548349,there is a grassy area with trees near the center with buildings in the background. there is a bridge over a body of water on the right. ,dci
sa_1548350,A bronze sign on a multicolored stone wall. It has a tree cutout on the left and on the right JARDEN des CINQ SENS YVOIRE cutout on the right,dci
sa_1548351,A very blue but very dark day as well the sky is completely covered in clouds,dci
sa_1548353,"A black and white scene of an empty store front with a large square sign on the right-side window that says, TO LET FOR FURTHER INFORMATION PLEASE CONTACT LUCY GARDINER ON lucyg@jacksoncriss.co.uk.",dci
sa_1548354,There is the inside of an ornate building with decorated walls and domed ceilings. ,dci
sa_1548356,A group of people are riding a horse-drawn carriage along a street. There are people boarding up the windows of a building in the background. ,dci
sa_1548357,A full size bed with bed and white striped bedding in the corner of a small bedroom of a boat. A large mirror is behind the bed and a small round open window is on the wall on the left side.,dci
sa_1548359,A bright day and a bright blue sky there is a large castle or a large temple as the focus ,dci
sa_1548365,"A group of performers are playing musical instruments, including bagpipes and a drum. A crowd of people are gathered around and watching the performers. ",dci
sa_1548366,A cave tour group with a row of people walking one after the other through a red stone cave that is lit up from behind.,dci
sa_1548368,The front of a building. There are steps leading up to it.,dci
sa_1548369,A red-haired woman wearing light brown velvet dress and standing in front of a sign that features a happy penguin character.,dci
sa_1548370,ancient ruins sit in a field of fresh-cut green grass. there are building visible in the background.,dci
sa_1548375,"It is an image of a big body of water with a small island in the middle of it, the water is viewed behind a rail and greenery behind the railing. The sky is in the background behind the water and island. ",dci
sa_1548379,a day that is not very bright the sky is very blue and it is an overhead shot of a city ,dci
sa_1548381,A very bright day out with a clear sky there is a large white building with a large yard in front of i as well,dci
sa_1548383,there are three children posing in front of their dwelling made of sheet metal. there is a dog on the bottom right.  ,dci
sa_1548384,Boats on a river surrounded by light green leaved trees with a large jungle mountain in the background.,dci
sa_1548385,A bright day inside of an alley or street with multiple storefronts out and about ,dci
sa_1548386,A darker day the sky is covered in gray or dark gray clouds ,dci
sa_1548389,A very bright day and a close up of a metal and a flag ,dci
sa_1548391,A very bright day out on the water in the area the sky is almost completely covered in thick clouds ,dci
sa_1548392,Five people in viking era clothing standing and talking.,dci
sa_1548393,A yellow building with a gray front is to the left of an alley lined with shops. A blue car sits outside the alley. ,dci
sa_1548402,There is a large grassy open area in a park and people on both sides standing and watching. There are trees on both sides. ,dci
sa_1548403,It shows two black boxes and a black phone case that are standing partially in front of each other. The surface is white and there is wood behind it.,dci
sa_1548404,It shows a large cream colored parking garage that has at least eight stories and is bordered by a street.,dci
sa_1548407,"A white, stone building sits behind a green lawn.  There are a few trees in front of the building.  The building has a brown roof and a dome.",dci
sa_1548408,"Here we have a park that is completely empty to visitors at the moment; there is some grass, a single tree, and a few small monument buildings.. This park has a set of large stairs on the right, leading up to the park, which overlooks a large city.",dci
sa_1548409,It shows a picture of a woman and a man in fancy dress on a brown ground in front of a backdrop that has repeated images that say Fox and a beach in the background.,dci
sa_1548410,Houses with snow drifts in their yards,dci
sa_1548411,"The picture is of a multi-level rotisserie chicken oven. There are four rows of chickens on skewers, with gears on the right that spin the chickens and have a cooking element on the back side. There's a clear window that protects them from the room they are in and a massive grease tray to collect fats.",dci
sa_1548412,"It shows a silver sign above a store that says ""Paperchase"" in cursive writing. There is glass behind it and a door under it. ",dci
sa_1548415,Boat and dock next to a large stone bridge. ,dci
sa_1548417,"Under a partially cloudy sky, an sign hangs on the side of a buildings. The sign is on an arched wall of the building above a red tree.",dci
sa_1548418,A city bridge with steel girders. Oncoming traffic and background buildings are visible.,dci
sa_1548419,A large crowd of women and a few men are standing on a street talking to one another.,dci
sa_1548420,"An old rusty, beat up looking car is parked in a parking lot with a for sale sign on its windshield.",dci
sa_1548421,A close up of the side of a building in the center of it there is a shield with a serpent on it,dci
sa_1548424,The day is bright and the sky is clear blue the bottom of the image is the center of a road,dci
sa_1548426,A blue car is in the road.,dci
sa_1548428,"The wall of a building on the outside of the building's staircase.  The wall is made of vertical rectangular walls running perpendicular to the overall wall, with logs inserted horizontally between them.  Seen through the gaps in the logs is a building's staircase with two people walking on it.",dci
sa_1548432,A large cream colored house can be seen surrounded by snow. There is a large tree in the background.,dci
sa_1548433,An area in a building white floor the center is a lot of stacks of  towels,dci
sa_1548435,"There is a building under construction that has a lot of unfinished sides. There is a road in front of it, as well as a blue fence, and the blue sky behind it. ",dci
sa_1548436,Three men and two women are outside working in a field with a tractor driving to the right behind them. ,dci
sa_1548440,"A triumphal arch can be seen standing in the background. It has a street wrapping around it, with some cars driving along the street.  ",dci
sa_1548441,Large stone building with tall archways. Four banners are hanging in the middle of the building.,dci
sa_1548442,A building full of people the building is on the darker side and there is someone speaking,dci
sa_1548446,Two cars are waiting for the people crossing the road. Behind the people is a rail car going across and to the right of it is a church building.,dci
sa_1548448,"Old apartment buildings whose ground floors are department stores form a shopping street in Europe, there are plants and benches set up in the middle of the street. ",dci
sa_1548452,"This is a dense major city skyline.   It is skyscrapers from side to side, yellow lit apartments with balconies in front, all blue, green and orange lit buildings filling the horizon. ",dci
sa_1548453,A ground view of tall multi-story building and palm trees. The sky is a sunny bright blue with no cloud cover.,dci
sa_1548454,It shows a person sitting on a chair outside of a glass enclosed room that has a bunch of people in it who are looking at their phones and at terminals. ,dci
sa_1548456,The outside of a large building. There are trees on the ground in front of the building. ,dci
sa_1548457,The image appears to be of a row of white lockers in some kind of indoor data center at a ground-level angle. ,dci
sa_1548458,A city skyline can be seen along the background. Tall trees line the foreground. ,dci
sa_1548459,a canal in an old city,dci
sa_1548460,An archway covered in white flowers and clear glass ornaments can be seen. There are trees in the background.,dci
sa_1548461,A close up of a very details painting of a number of people,dci
sa_1548469,A bicyle race with over 60 participants on both sides of the divider of a 6 lane road or highway.,dci
sa_1548473,"A white sign describing the wardroom of a ship called the Albacore, on a light brown wooden wall",dci
sa_1548474,"During a sunny day in the summer, tourists in summer clothes are wandering on a square with grass and flowers, they are surrounded with old buildings and there is a castle on a mountain in the back. ",dci
sa_1548476,A sprawling city sits at the foot of mostly black and tan hills.  The sky above the hills are dark and cloudy. ,dci
sa_1548477,A view of the clear turquoise ocean in the background from underneath a basic shelter made from bamboo and beach wood.,dci
sa_1548481,A brown hooved animal that appears to look like a horse. The animal is in some brush and grass on a dirty path next to a murky river.,dci
sa_1548482,One person is posing in front of another person who is holding someone in their arms.,dci
sa_1548483,"The focus of the image is on a woman in a long dress and robe at center. Behind her, buildings and trees line a street that another person is facing towards.",dci
sa_1548484,A large building in the foreground with ANTEKA above the main entrance. The building is two different shades of brown and has words in another language under several of the windows that make up the front. There are four cars seen parked out front.,dci
sa_1548486,People are on the sand and in the water at a beach on a bright sunny day. A pier with concrete tetrapod armor units stacked on top of each other near the end is in the background.,dci
sa_1548489,It shows a watery pathway with rocks under it that leads to a circular fountain. There are plants all around it and a bench at the very end. ,dci
sa_1548491,A large building is in the middle of the image. There are snowy mountains in the background,dci
sa_1548496,"A row of cars parked at an angle next to multi-story buildings on the side of a street.  The street is very steep, going down to the right in the picture.",dci
sa_1548497,There is a large brown building that has a big through way in the middle and a large section on either side that comes out. There are a lot of trees in front of it and a street in front of that.,dci
sa_1548499,A runndr cross the finish line at a race at the foot of a mountain.,dci
sa_1548500,"Several gondolas are travelling along the surface of a body of water in what appears to be Venice, Italy. ",dci
sa_1548501,A bright day out and are ais filled with many people there is a clothesline made out of bamboo,dci
sa_1548503,A plaza has a statue in the middle of it. There are homes and mountains in the background.,dci
sa_1548504,A girls rides a small brown horse with white nose in the snow near a rustic wooden fence. Another rider follows.,dci
sa_1548505,"An up-close picture of a vehicle, I think a motorcycle, and its various parts. There is a large Honda logo in the background.",dci
sa_1548508,A day of overcast in the background there is a lot of different buildings ,dci
sa_1548509,There is a ledge that has very old and weathered shoes that have flowers in them. To the left is water. ,dci
sa_1548510,A large seven story office building covered in dark tinted windows is on a corner lot with a divided four lane road in front of it.,dci
sa_1548515,Attached buildings are lined up on both sides of a narrow brick street. The night sky is a dark black and the street lights are on.,dci
sa_1548517,A scene of a person baking food in a kitchen setting. ,dci
sa_1548519,"A row of 20 orange and red bike racks line a side walk of an urban street.  There are four blue ""DIY"" bicycles clamped to the racks.",dci
sa_1548523,people walking and sitting in a plaza. The background has a large mountain that has buildings on the left hill.,dci
sa_1548524,"This is a sleek, shiny, black Kawasaki LS2 racing motorcycle helmet with a blue mirrored sun visor, sitting on some brown leaves and there's a black motorcycle with blue trim in the background, it's slightly out of focus. ",dci
sa_1548530,A person is holding up their left arm to the camera. They has a smart watch on their left wrist. ,dci
sa_1548535,A building that houses a store called Currys PC World,dci
sa_1548538,A large group of children are gathered together in a classroom. ,dci
sa_1548539,there is a line of people out the front door of a coffee shop. there is a bluegrass band playing on the sidewalk. ,dci
sa_1548542,A group of cars on a road traveling. There are a few cars and what appears to be a bus in the back of the group.,dci
sa_1548543,An outdoor small amphitheater made of stone blocks and wood beams. Its located in a wooded and mountainous area.,dci
sa_1548545,"This is a picture of a log cabin to the right of a modern concrete building, both of which are surrounded by a fence.  Between them is a glass area with a sign on top.",dci
sa_1548546,A large building is on the right. There is snow in the foreground.,dci
sa_1548547,A woman is seen walking in view with multiple people behind her n a public space. ,dci
sa_1548548,"A narrow stone and gravel walkway curves through the middle of a hill covered in yellow, white, pink, and blue flowers. A brick walkway is on the side of the hill covered in flowers.",dci
sa_1548552,"Various packages of different boxed wine, all from the wine cube brand, are presented on a white shelf in a grocery store. ",dci
sa_1548554,The front of a small airplane that is parked near water.  The front is white with a large red stripe bordered by black stripes.,dci
sa_1548559,Males playing floor hockey using roller skates.,dci
sa_1548560,A close up of a baby and a desk the background is blue,dci
sa_1548562,Small rounded buildings can be seen in the middle of a medium sized courtyard. The courtyard appears to be made of many tiles.,dci
sa_1548563,it is night on a bay  the sky is dark blue and the city bright ,dci
sa_1548564,A view of a graveyard with two white houses and a tree filled background.,dci
sa_1548565,A bright day out and a close up of a building with multiple colors and materials on it,dci
sa_1548568,"A scout troop, consisting mainly of boys but one girl, in a wooded area camping. They are lined up and dressed in their scouting gear. ",dci
sa_1548569,A state fair that is happening in a small town by a mountain side. ,dci
sa_1548570,"A shipyard with a container ship currently parked in the area. There are numerous shipping containers present in the area, with various sizes and colors.",dci
sa_1548571,A room  thaty is brown and white it looks like someone birthday,dci
sa_1548573,The insides of a room with a white sofa in the middle. There's a painting above and a brown door on the left.,dci
sa_1548574,A very bright day and sun shining through the ceiling windows there the building is very large ,dci
sa_1548575,A house shaped organizer if items is set up on a wall in a home.,dci
sa_1548576,A very bright building looks to be lit by natural light with two floors visible,dci
sa_1548579,A very dark day the sky is covered in dark clouds,dci
sa_1548580,A bright blue sky with many white and gray clouds are shown with a leafless tree. ,dci
sa_1548581,"A city with several skyscrapers in the background and a river in the foreground. A small boat is seen in the bottom-center of the photo, moving towards the camera.",dci
sa_1548583,A darker day at night with a very large crowd of people ,dci
sa_1548584,A scene of a running marathon race with two runners coming up stairs with an audience around them outside. ,dci
sa_1548587,A farmer is seen raking up straw in a grass field. ,dci
sa_1548589,A scene of a red and white trolley car of passengers in the city. ,dci
sa_1548591,It shows a statue of a man standing in front of a pillar with a big red flowering plant in front of him. On the back right there is a huge building with many glass windows.,dci
sa_1548592,A large twenty-two story brown building stands in the middle of a city surrounding by other multi-story buildings. The sky is a bright clear blue with only a few small white clouds on the bottom and sides.,dci
sa_1548593,A large group of small sailboats move through the dark water facing the front of the image. The sky is a clear blue.,dci
sa_1548594,Multi-story palace stone pillars and windowed walls and domes with elaborate designs. Two designs are within giant round symbols and there is a painting of a biblically accurate angel.,dci
sa_1548595,It shows a nighttime cityscape with water in front of it and huge modern well-lit buildings rising against the nighttime sky. ,dci
sa_1548596,Spectators are lined along each side of the road to watch a parade. Historic military three wheel motorcycles with red flags drive down the road as part of the parade.,dci
sa_1548602,It shows the entranceway to a covered building that has a vast tile floor and a lot of light posts on the left side. There is a long open entranceway and a staircase in the back and beyond that it shows the night outside.,dci
sa_1548604,One soccer team wearing red jerseys and another with white jersey are walking around on a soccer pitch.  There is a large metal structure behind them. ,dci
sa_1548605,People are riding motorcycles over a wide brick street next to a row of old buildings on the right side and behind them. The sky is mostly cloudy with a little bit of blue in between the clouds.,dci
sa_1548607,We are looking up from the ground at the top two stories of a traditional Japanese building.  There is a gray brick wall in front of the building. ,dci
sa_1548611,A young woman who is making a peace sign with her fingers,dci
sa_1548612,A waterside town on a gloomy day with intense waves.,dci
sa_1548614,It is black and white picture of a building. It was light colored with dark frames and has a lot of windows. ,dci
sa_1548616,The image depicts a cobblestone courtyard surrounded by buildings on a sunny day.,dci
sa_1548618,A brown wagon is in the middle. There are words and letters on the perimeter.,dci
sa_1548621,"A black-and-white postcard of a stone street in a European city, flanked by stone walls on either side, with trees in the background.  In the upper right is text describing what's shown.",dci
sa_1548623,This is an image of a person standing on a ladder talking into a megaphone.  People are gathered around to hear him speak.,dci
sa_1548626,A ground view of an elaborately decorated temple with a large gold buddha statue in the center.,dci
sa_1548627,"The brick walls of a building form a corner. In the foreground, the metal roof of a building is visible. ",dci
sa_1548629,A person who is wakeboarding over an obstacle,dci
sa_1548630,Small stone building in the style of a Castle with a roughly paved path leading to an entrance. Blue sky above and a stone railing on right side of walking path.,dci
sa_1548632,Many colorful learning books for children have been laid out across a table. ,dci
sa_1548633,A tire is at the top of the image. There is a machine hooked up to it.,dci
sa_1548635,A younger boy or girl wearing a terrifying clown mask at a crowded event.,dci
sa_1548639,"A textured surface is shown, looking very much like a landscape seen from high above. There are patches of white intermixed with patches of dark gray. The white is heavier in the right of the image compared to the left.",dci
sa_1548640,A throng of people in an open air market with stalls covered in makeshift canopies in North Africa or the Middle East.,dci
sa_1548641,"People are walking through a canopy to board a large white cruise, which is parked next to a smaller ship in a sunny day.",dci
sa_1548644,A historical temple or palace filled with intricate details in an Asian country.,dci
sa_1548646,"The image depicts a shipping port in what appears to be the harbor of an Eastern European country. It has a long brown walkway, a green ship, and a large white passenger terminal building in the background. ",dci
sa_1548648,A man wearing camouflage being hugged by a woman,dci
sa_1548652,A very bright day overlooking a large garen area,dci
sa_1548657,A few people are walking down a narrow alley.,dci
sa_1548659,a commercial airliner is in the air and set to land on the runway. there is body of water just beyond the runway. ,dci
sa_1548664,AmNav tug Sandra Hugh is parked in front of a huge black ship,dci
sa_1548665,A large white building with blue and yellow accents and lettering is in the foreground and there is a bridge leading to it from the left side. The front of the building is slightly slanted and says Wolmi Sea Train,dci
sa_1548666,"A brightly painted yellow, orange and pink lifeguard shack on a tan sandy beach.",dci
sa_1548669,This is a female with long brown hair wearing a crown of flowers on her head.,dci
sa_1548670,This is a man in a grey long sleeved shirt holding up some produce in a basket.  He is standing in front of a wall of ivy.,dci
sa_1548671,A white SUV hatchback parked on the grass with the driver door open.,dci
sa_1548672,Pedestrians cross a birdge on piers with white metal rails.  To the right are quaint green and white huts with gabled roofs.,dci
sa_1548673,"In this outside scene, there is a two layered weathered platform that has small pillars going around it with spheres on the top and a monument in the middle that has a pedestal and shows a cylinder shaped part coming up the top. There are green trees and bushes all around.",dci
sa_1548674,A large shopping center is on the left with several stores and restaurants and a large restaurant to its right. There are many people walking along the road out front and there is patio seating with large umbrellas outside of the two large buildings as well. In the middle of the two buildings there is a large bell tower.,dci
sa_1548679,"This is a street near a upper level walkway.  There are many cars parked on the side of the street, especially some yellow and green ones.",dci
sa_1548681,A McDonald's store front can be seen. There are two clear glass doors on the front and many large glass windows on the side.,dci
sa_1548682,A group of people are sitting in a long motorized row boat. There are red and white flags attached to the boat.,dci
sa_1548684,A bright and colorful tuk-tuk in a crowded area.,dci
sa_1548685,A bright day and a blue sky above there are multiple buildings around,dci
sa_1548689,"A white mosque with blue arches and dome, and white minarets white blue tops, overlooks a hillside.",dci
sa_1548690,An area near water with people standing on a pier/walkway. There are flowers on the side of the picture and what appears to be a swan/bird boat in the water.,dci
sa_1548691,A man walks through an outdoor market holding a shopping bag. The market is busy and has cloth canopies hanging up over the stalls. ,dci
sa_1548692,a large vineyard covers the entire bottom half of the image. there are buildings and mountains in the background. ,dci
sa_1548693,Buildings line the left and right sides of the alley,dci
sa_1548694,On the bottom there is a very weathered block wall and above that there is an extremely weathered house that has windows along the side. The sky above is blue. ,dci
sa_1548695,A bright day in a market area there is a close up of a stall,dci
sa_1548698,A red plate that has French fries and meat on it. The plate is surrounded by cup coasters.  ,dci
sa_1548700,The top of a Corinthian column holding up the corner of an ornately decorated building with a lot of relief artwork on its side.  In the upper left a clear blue sky is seen.,dci
sa_1548701,It shows a city street that has cars and red double decker busses on it. There are buildings and trees on the sides of the streets.,dci
sa_1548702,Looking up at a great ceiling the building large,dci
sa_1548706,This is a narrow alleyway between two run down buildings.  ,dci
sa_1548707,"A park with trees, walking paths and a fort wall. A tent like shelter is in the background.",dci
sa_1548708,A large blue and white backhoe digging in dirt.,dci
sa_1548709,Women are on stage in costume standing in front of a decorative piece of fabric with a blue circle with floral design on it.,dci
sa_1548710,"Cars and buses coming down a major roadway with buildings lining both sides of the road.  There are people, shops and trees lining the road.",dci
sa_1548711,"This is a large central birdbath style fountain in a retail mall, there are water streams shooting into the pool from around the perimeter and then running over the slotted lip of the fountain bowl.  There is a white blossoming tree in the foreground and on the other side of the fountain.",dci
sa_1548712,Two men taking a photo in a cornfield.,dci
sa_1548714,"A large, orange, metallic letter ""P"" stands on top of a concrete base. There is a concrete staircase going up the background.  ",dci
sa_1548715,An empty train yard,dci
sa_1548716,Many people are standing in the street. There are trees with yellow leaves on both sides of the street.,dci
sa_1548717,A large yellow pole in the middle of an area with tents and people. There is a monument and trees around the pole.,dci
sa_1548719,It shows a large terminal with a huge domed ceiling. There are smaller buildings within the building and a counter at the left. ,dci
sa_1548720,A view of the Colosseum in Rome in the evening with a shot of roads around it.  ,dci
sa_1548721,"A big bus is on the left end of the image, it is outside of a tunnel that is under a big building in the background. The building looks like a castle and the tunnel is dark with lights going down the middle of ceiling. ",dci
sa_1548722,"An image of a man standing in front of a red background. The man is wearing a jacket, a V-neck shirt, and a necklace.",dci
sa_1548723,A crowded room well lit and colorful,dci
sa_1548724,This is a sculpture in a room with mustard yellow carpet.  The walls have a blue hand white covering.,dci
sa_1548725,A person ordering something at the counter of a coffee shop,dci
sa_1548726,A woman is leaning on a wooden railing and is pointing a camera towards a nature scene. ,dci
sa_1548729,Woman sitting on the floor with a cat lying on the ground in front of her. ,dci
sa_1548731,A bright day out in the bay with many buildings visible ,dci
sa_1548733,a woman watches firefighters and their two fire trucks combat a fire behind a police line.,dci
sa_1548734,There is a winding road that has plants and trees around it. There is water to the left and there are hills that go up on the left that have trees on them.,dci
sa_1548736,"A large outdoor area that has a ground covered with gravel can be seen in the foreground. A wall, guard tower, and trees are in the background. ",dci
sa_1548737,A postage stamp from Madagascar,dci
sa_1548740,A bright day at the beach there are many people,dci
sa_1548741,"Two skyscrapers under a clear sky, both are with curtain walls and one of them has a silver tower on top. ",dci
sa_1548743,A bright day in the middle of a green part of the city the sky is bright blue,dci
sa_1548744,A rocky coastline can be seen along the foreground. A group of people are standing on the rocks on the left hand side. ,dci
sa_1548747,A close up of a bright stamp on a black background,dci
sa_1548748,A view outside where an island resort environment is seen.,dci
sa_1548749,there is a police helicopter on the ground in the center of a grassy field. ,dci
sa_1548750,A brown waterway winds under a bridge.  There are buildings on both sides of the waterway.,dci
sa_1548752,A bright day and a close up of a large building,dci
sa_1548753,An orange building with terracotta tile roofing.  In front of the building are full trees and a cement walkway.,dci
sa_1548754,A very bright day out and inside a type of villa,dci
sa_1548756,A scene in a park area where people are resting and relaxing on benches surrounded by many trees. ,dci
sa_1548757,A busy street scene with people riding motorbikes on the left side of the street and vehicles being driven on the right side of the street.  There is lush foliage next to the sidewalks on each side of the street.,dci
sa_1548758,The center of an alley with a crowd of people and colorful buildings on both sides as well,dci
sa_1548759,"A large brick building with several windows can be seen. There is a large sign on the front of the building that says ""SAFEWAY.""",dci
sa_1548760,"a Soviet-era, Russian stamp sits in the center of a pink background. the image of is of a soldier's portrait. ",dci
sa_1548761,A bright even there is a woman standing on a red carpet,dci
sa_1548762,A scene of a woman standing in the entrance way of a house with Asian writing on concrete posts. ,dci
sa_1548763,The inside of a building it looks like an art exhibit ,dci
sa_1548765,A bright day surrounded by trees the sky is blue with lots of clouds in it as well ,dci
sa_1548769,A building built on brick pavement. It has a red roof and a white fence with a red fence door. ,dci
sa_1548771,it is afternoon inside of a busy square the clouds are dark in the sky,dci
sa_1548772,People seen walking outside in a dry field with many trees to along the horizon.,dci
sa_1548773,Zoomed in view of rice in a bowl.,dci
sa_1548776,Road with a SUV passing a person pushing a cart past a large building.,dci
sa_1548779,A river is seen between hills with a bridge at the center. There are numerous hills in the background and the sky is filled with clouds.,dci
sa_1548780,It shows a statue of a woman in a long dress with a crown and holding a book and a sword. There is an ordinate background behind her that curves up to a point at the top and has different curved designs on it. ,dci
sa_1548782,A spider like robot with three legs and one red eye is standing outside of a row of buildings.,dci
sa_1548784,Large statue of a soldier sitting on a horse behind the statue is building with red tiled roofs. On the hill is a large stone castle.,dci
sa_1548785,A group of people stand to the left of a large white building with medieval architecture.  There are many windows and stone arches that can be seen in the building.,dci
sa_1548786,A skyscraper with a glass dome on top,dci
sa_1548788,It shows a family in a grassy area that is bordered by a white fence. Beyond that is a big paved area and there is a large building on the right. ,dci
sa_1548790,A close up on a building it looks bright out and there are other buildings in the reflection,dci
sa_1548792,A group of people play on a field in front of a hazy city landscape in the background.  There is a pull-up bar on the right side of the field. ,dci
sa_1548793,"Dozens of people swimming in a river or natural pool.  On the far bank is a forest of trees, and on the near side is a wooden bench with a person standing next to it.",dci
sa_1548795,Several boats can be seen in a body of water. The boats all appear to have several passengers onboard.,dci
sa_1548796,It shows a street with two big buildings on the right side and more streets on the left and buildings in the distance. ,dci
sa_1548797,A statue is in the middle of the image. There is text on the perimeter.,dci
sa_1548798,A square modern looking building on the water's edge. A metal chain link fence surrounds a boardwalk. ,dci
sa_1548801,This shows three young people in brown uniforms. They all have a red and white sash tied around their necks.,dci
sa_1548802,The image depicts what appears to be a children's kayaking class taking place in a harbor. ,dci
sa_1548804,"A group of three persons are sitting in folding chairs with a second row behind them. At right, three persons wear protective gear as they interact with the others.",dci
sa_1548805,A bright day at the beach there are hills in the background,dci
sa_1548807,There is a yellow train on the left of the image. There is a person waling on the right.,dci
sa_1548809,A narrow street can be seen at night. There are many shops and store fronts on each side of the street.,dci
sa_1548813,A group of singers and dancers on a stage.,dci
sa_1548814,There is a shelf that is filled with green figurines of Christmas trees with different ornaments on them. There is a shelf that can be seen underneath with more decorations. ,dci
sa_1548815,"An interior of an industrial building with stalls of different food-related products. People who are wearing business attires are standing, sitting, and walking in the area.",dci
sa_1548816,"A man rides a scooter down the street. In the background, a green delivery truck sits on the curb.",dci
sa_1548818,A close up of multiple archways different colors ,dci
sa_1548819,A bright blue sky and a well lit day there is a very large building in the center,dci
sa_1548820,"A large, circular pan has yellow rice cooking within it. There is a man standing behind the pan who appears to be the one doing the cooking.  ",dci
sa_1548821,A group of people on a street near some buildings and business. There's a person holding a sign and two people hugging in the middle of the picture.,dci
sa_1548822,A metal bin full of sports balls; behind is another rack of balls and a wall rack of athletic shoes. Red Puma shoeboxes are piled in front.,dci
sa_1548825,A bright day in the center of a large bay there are two cliffs in view,dci
sa_1548826,A black and white image of a vehicle driving up a road with a man and child on the left.,dci
sa_1548827,A room that is light bright with orange  ,dci
sa_1548829,The interior of the departures area of an airport. Numbered red marble checkin counters are visible as are many colorful signs.,dci
sa_1548830,"a panoramic, aerial view of a festival at a monastery shows a group of people on the sidewalk and in the public square.. ",dci
sa_1548832,A small golden statue is hanging on a gold chain inside of a store.,dci
sa_1548833,Several people can be seen walking on a street at night. There are buildings on the left side of the street and a street vendor selling food on the right side.,dci
sa_1548834,A large group of people stand in front of five tall pointed buildings.  The sun sits in the upper right side of the image and casts an amber glow on the picture.,dci
sa_1548836,Many ornaments hang from inside of the tent. There is a large building in the background with lights on it.,dci
sa_1548837,"There are lanes for cars and for bicycles in the foreground with several palm trees. On the other side of the street are large buildings with multiple levels and windows per level. People can be seen walking, cycling, and driving.",dci
sa_1548838,A bit of a darker day of overcast it looks early and the water is calm,dci
sa_1548840,A store front below some brick walls and windows.,dci
sa_1548843,A display of shelves inside of a store that contain bottles of liquor and snacks.,dci
sa_1548844,"This is the outside of what appears to be a museum in Russia. It's a four-story white stone building, with nine windows neatly organized in three rows. The top story has has 7 windows, which are similar but taller than the others. In the middle top is a large crest of sorts. Each side of the building has a full sign that has color and tells of the displays they have there. In front of the building is a row of stairs going up to it, with four trees on either side of it. The sides of the building have more trees. In front, there's a large plaza covered by snow with two people walking around in it. The background is some buildings, tan brick ones, with a large grey sky overtop.",dci
sa_1548845,There are many small clouds in the sky. There are buildings around an empty plaza.,dci
sa_1548846,The long wall of an elevated walkway is located in an urban environment. Tall buildings are visible in the background. ,dci
sa_1548847,Two people in heavy clothes with scarves around their head picking greens,dci
sa_1548848,Five people are walking down a small stream with a lot of green plants on their right and a stone walk path and buildings on their left.,dci
sa_1548853,A tall pink building in the middle of the image. There is snow on the ground.,dci
sa_1548854,"An inter section of two streets is seen with a lamppost and street signs at center foreground. Under a clear, blue sky, one street dissects tow rows of sidewalk-lined buildings.",dci
sa_1548857,It shows three scouts who are holding a brown and green pole. They are in a forested area. ,dci
sa_1548858,A white truck parked across several parking spaces behind a car with its hood up,dci
sa_1548860,"The metal front of a ship, the FAST LEVANTE, moored next to the blue ocean. A curved glass skyscraper rises in the background.",dci
sa_1548861,A hairstylist is cutting the hair of a male child as he sits with a back salon cape. The location is indoors and behind them is a muted-blue wall on the right and shelves on the left side with a person standing near the shelves.,dci
sa_1548864,It shows the front of an extremely ornate building that has a lot of carvings in it and towers at the top. ,dci
sa_1548865,"The inside of what looks like a church.  It has two large round columns next to a gold platform with a large black chair on it, and a podium at the front.",dci
sa_1548866,It shows the blue sky at the top and the tops of trees on the bottom. ,dci
sa_1548867,A vendor wearing a conical hat and flowered shirt is preparing  food for a customer who has their money in their hand and is watching the food being made. There is a large green plant to the left and a large white vehicle is parked in the background. Another woman stands on the rightmost side watching the food being prepared as well.,dci
sa_1548869,Some kind of fungus that is tan and white and brown in the center. It's growing in a spiral and there might be more than one in this picture.,dci
sa_1548870,Two people and a carriage on a street across from a brick tunnel,dci
sa_1548873,There is a building on the right side of the image. There is a black fence in the middle of the image.,dci
sa_1548877,A large ship followed by a tugboat coming into harbor,dci
sa_1548882,A large stone monument is surrounding by many green trees.,dci
sa_1548884,Some boats are hooked to the pier. There are buildings in the background shoreline.,dci
sa_1548885,Two bronze statues of men fighting each other with pipes with a sky in the background and a partial stone wall.,dci
sa_1548887,The side of an ancient structure is seen with two floors of archways. A fenced off area is at bottom right and people are seen in front of the structure and on the left side of its top floor.,dci
sa_1548888,A city street has people walking along it in the background. There are buildings lining the sides of the street.  ,dci
sa_1548889,"An aged white painted brick building with a white painted terracotta roof is shown during the day with a blue cloudless sky behind it.  There are four windows in the middle and there is a lower portion of the roof that makes the building an ""L"" shape to the picture's right. A spanish sign reading ""La Fabrica de Hielo"" is written in white lettering on a black background. There are wires under the sign that run over a large opening in the building. A lone white security camera is placed in the corner on the face of the white brick building. ",dci
sa_1548891,"It shows a street with a yellow car in between two buildings. There are cars parked along the street as well as bushes and umbrellas, and there are balconies on the building. ",dci
sa_1548892,A scene of a town center with a tall concrete cathedral and people walking around outside.,dci
sa_1548893,"A group of police officers are gathered in an outdoor area. There are buildings, people, and vehicles visible in the background. ",dci
sa_1548896,"This is the lined non slip bottom of a left cheap rubber sandal, often called a flip flop or shower sandal.   It is blue green, has a basic left foot outline and three black dots where the straps are secured through the base and a black strap can be seen over the edge of the side of the sandal. ",dci
sa_1548897,A bright day on a body of water there is a city in the distance,dci
sa_1548898,Left side wing and propellers of a fighter plane outside. ,dci
sa_1548899,Tiled train platform at night.,dci
sa_1548901,There is a person holding a yellow sheet over a purple sign in front of the Uber offices. ,dci
sa_1548902,"This is a picture of people at some sort of conference doing a dance. The two people are standing on a circular platform, with black and purple rings under them. They are looking at a tv that's showing them the dance moves to make, and are surrounded by people standing around. The ceiling is lit with green and multiple XBox signs. Avove the people is a sign for Dance Central 3.",dci
sa_1548904,A large stone walkway can be seen along the foreground. Buildings can be seen along the background.  ,dci
sa_1548907,A statue with a word etched in the front of the pedestal it is on.,dci
sa_1548910,A set of stone stairs and a fountain in a grassy area. There are many trees and a sidewalk that can be seen in the background.,dci
sa_1548914,A bit of a darker day at the bottom of a pole,dci
sa_1548915,"A large, military rocket launcher truck can be seen. There is a man sitting on the side of the truck holding a rifle.",dci
sa_1548917,People are seen checking out a red toy train on a table inside a room. ,dci
sa_1548921,A small city can be seen with many different buildings. There is a road in the front and mountains visible in the background.,dci
sa_1548922,A walk way from a parking lot above a road below with cars driving on it. The area is surrounded by rocky mountains. ,dci
sa_1548924,Rusted motor bike against a white wall with ornamental designs.,dci
sa_1548925,It shows an aerial view of a street with palm trees in between it and buildings to the left and water to the right. ,dci
sa_1548927,"It shows a statue of five men standing next to each other in traditional outfits and/or uniforms. There are six bouquets under them that include red, blue and white flowers. ",dci
sa_1548928,It shows a very weathered brick wall that has a cream colored portion that is carved into the middle. There is a redder brick wall on top of that to the left and right and a structure in the middle.,dci
sa_1548929,"A choppy river flows under a low bridge and through a Russian city.  In the background is a yellow building with white columns, some other buildings, and some trees.",dci
sa_1548932,It shows a Scrabble game with the tiles spilled out on the board and a stand with the word virus spelled out. ,dci
sa_1548935,It shows a pair of white sneakers with pink insides. They are on a black stand with a white brick wall in the back. ,dci
sa_1548936,"This image shows a person's hand shuffling a deck of blue, black, and white UNO game cards.",dci
sa_1548937,It shows a tile street that has a short rock wall on the right and then light colored buildings on the right of that. There are also buildings on the left and water in the distance. ,dci
sa_1548938,"This is a picture of two scuba divers providing life support to someone on the beach. They are both in wetsuits, as is the third person who is lying on a beach. Surrounding the people are a full circle of cameras from people at news organizations. Several are holding out microphones as well.",dci
sa_1548939,A group of men sit outside of a store selling fruit. One of them is sitting on a parked motor scooter. ,dci
sa_1548941,Multiple blue tennis courts are seen within a chain fence.  The courts are blue.  There are brown buildings behind the tennis courts. ,dci
sa_1548942,It shows an aerial view of a city with many buildings. To the right of that is a brown ledge and there are trees on the left. ,dci
sa_1548945,A man is using a paddle at the back of a small covered boat to steer it while three women and a young child are riding in in the front down a dark river. ,dci
sa_1548947,"A white boat drifts in the ocean.  In the background, we can see a line of buildings on the shore.  Mountains overlook the buildings.  ",dci
sa_1548948,"The image depicts a large golden white firework exploding in the dark, smoke-filled night sky. ",dci
sa_1548949,It shows a brick street that has lamp posts and brick buildings that run along the right side with many windows. ,dci
sa_1548952,A bunch of plants are on the left. There are green arches on the right.,dci
sa_1548953,A small table stands in between two chairs on the outside of a building. ,dci
sa_1548954,a car is parked alongside a bridge under repair. There is a tall skyscraper in the background.,dci
sa_1548955,A restaurant rests on the pier beside some ships in the background.,dci
sa_1548957,A woman smiles while drinking something through a straw in a cup with a Pepsi logo.,dci
sa_1548960,A bright grill hill area full of many layers,dci
sa_1548962,This image shows a close-up of the website of the Clydesdale Bank open in a browser tab on what appears to be a laptop or desktop computer screen.,dci
sa_1548965,Multiple people are seen outside in a field of grass with just pants on doing training. ,dci
sa_1548967,A very bright day in the center of a long walkway,dci
sa_1548968,A fence in the background separates two areas that have buildings around them. Birds can be seen flying in the sky. ,dci
sa_1548969,A bright day out in the center of a parking lot there are people on the left side of the area,dci
sa_1548971,"Multiple people are present in the photo  with a lot of them holding papers, and two people in the foreground shaking hands. Behind them are buildings and store stalls.",dci
sa_1548973,Outside in a scene of a downtown shopping district of a city. There are people shopping and walking along the sidewalk where stores are. ,dci
sa_1548975,A man wearing a green military hat and a green military vest over his civilian clothes is doing a pull up on a black and white bar stand while two men and a woman in military uniforms stand around him watching.,dci
sa_1548978,A city with many tall buildings can be seen. There is a small cluster of trees in front of the buildings.,dci
sa_1548981,A knight in armor and with a hauberk or tabard with a coat of arms on it astride his similarily caparisoned steed on a field of brown grass in front of a large bush.,dci
sa_1548984,a row of cone-shaped pine trees goes across the center of a hill. there are hills and more trees in the background. ,dci
sa_1548985,It shows a big building that is yellow on the right and tan colored on the left. In the foreground there are cars on the left and a grassy area on the right and there is a big building in the back right. ,dci
sa_1548986,Three round green bus stop benches with pillars and round roofs,dci
sa_1548987,The image appears to be a professional photo of an actor at the red carpet of an awards show. ,dci
sa_1548989,Planes are parked outside the building. There is a person standing under one plane.,dci
sa_1548990,A man is seen standing outside by a food cart where he is selling pretzels. ,dci
sa_1548995,"A spanish style white house with a fountain behind an arched topiary fence, in front is a sidewalk, lawn, and street.",dci
sa_1548997,A bright blue day with some thick white clouds on the left,dci
sa_1548998,"A colorful yellow, green, and red wall with cutouts in it, in front of an 8-story curved glass building.  Above them is a bright blue sky.",dci
sa_1549002,The head and neck of a tan and white cow is facing to the left side. It has a gray rope around its neck and nose and a green rope on its neck. There is wood and hay in the background,dci
sa_1549004,A black and white photo of a German soldier who is holding a pistol with both hands. ,dci
sa_1549005,This image shows an old concrete and red brick church building with a long outdoor hallway with an arched roof. The blue sky is visible in the top left corner covered in wavy white clouds.,dci
sa_1549006,A boy is carrying a tray on his head on a cobblestone street,dci
sa_1549007,A sign or plaque on a building for Notre-Dame des Blancs-Manteaux.,dci
sa_1549008,An abandoned red building that used to be a store,dci
sa_1549009,This is a four way town street. There are three buildings showcased.,dci
sa_1549010,"In this image, we see a top of a bronze statue holding its hands together.  Above the hands, we see a piece of wood in the shape of a rectangle. ",dci
sa_1549011,"The image depicts a tall, red and beige old European-style church and a grey statue of Jesus on the cross in front of it. ",dci
sa_1549013,There are seven flags on flagpoles. There are buildings on the sides.,dci
sa_1549014,a large canopy structure on the right of the image goes vertically along the center of the image. the structure is made of reflective triangular panels. ,dci
sa_1549015,Multi colored sky trams / two person cable cars over a street with people and a line of colorful snack stands,dci
sa_1549017,There is a building that rises high into the sky and has a lot of windows on it. ,dci
sa_1549018,A man can be seen pushing a small cart full of boxes on a driveway. There is a white delivery van behind him.,dci
sa_1549020,A white pickup truck hauling a trailer and driving up a hill running through an orchard or vineyard on a sunny day.,dci
sa_1549021,"A man holding a device in his hands is looking on something to the right of the photo, outside from view. Two other people are visible with a big mound of dirt on the right.",dci
sa_1549022,"A white cell phone and a gold coin sit on top of a computer keyboard. The cell phone screen displays a logo for ""BitGo"" and the coin is engraved with the same logo.",dci
sa_1549023,This looks like an advertisement for Monzo Bank on a computer screen.,dci
sa_1549026,A large brown brick castle sits in the background to the left behind a brick retaining wall with short green grass on top. ,dci
sa_1549027,There are stone structures to the right and in the middle. There are plants around.,dci
sa_1549029,People are gathered and walking around an outdoor art gallery in a tropical environment. ,dci
sa_1549030,"This shows a city with a lot of buildings on a shore, that leads to a waterway with several boats. There is another strip of land beyond it with more buildings and beyond that there is more water. ",dci
sa_1549031,"Three skyscrapers against a deep blue sky, descending in height from left to right.",dci
sa_1549032,A large red and green Japanese style building. There is a courtyard with grey gravel. ,dci
sa_1549033,Three people are lined up. The front person is holding a guitar.,dci
sa_1549034,A brown wooden flat building with a gray roof sits with water in front of it and has trees in front of it and vegetation in the background during the daytime.,dci
sa_1549036,A bright day on a sidewalk area ,dci
sa_1549038,It shows a line of people riding on camels that curves through the desert. ,dci
sa_1549041,A view of a Harley-Davidson motorcycle shop in a shopping plaza in the Bahamas. ,dci
sa_1549042,"A group of people in some stands of an area with yellow and light blue seats. There are people with red clothes, yellow clothes, and some with shirts off.",dci
sa_1549043,A cloudy day in the center of a way one street,dci
sa_1549046,"There is a gray jet on the runway, with plants and a big blue sky behind it. ",dci
sa_1549047,"A street is lined with pedestrians and sits between a body of water and another street. In the background is a row of buildings, a skyscraper and a church rising above the rest.",dci
sa_1549051,"In a parade during a sunny summer day, people dressing in green clothes are dancing in front of spectators.",dci
sa_1549054,"there are large, segmented pools of water in the center of a park square. people walk along the sidewalk. ",dci
sa_1549055,"This is a picture of a bunch of Asian people at a race. There are four people that are at the front of the picture, wearing the same white shirt with green shoulders and collars, a logo in the middle of the shirt and a race bib at the bottom. There are a lot of people in the background just standing around talking. The people at the front are all giving thumbs up or peace signs. Above them in the background is a lot of different trees, and a finish line that's orange and has some righting on it in red and a green logo.",dci
sa_1549056,A bright hot day outside in the middle of an alley ,dci
sa_1549057,A train driving down the tracks in an area with heavy vegetation.,dci
sa_1549059,A bright day in the center of a dirt area there is a large tree,dci
sa_1549064,Sofa chair's line the perimeter of the room. The floor is wooden.,dci
sa_1549065,"The image is a bunch of potted green plants outside, the pots are tan and filled with dark soil.  The edge of a shelf table with a big blue bin underneath is on the left of image, there are small containers on the top shelf over the bin. ",dci
sa_1549066,A large tortoise that is in laying in the center of a grass lawn and eating the grass.,dci
sa_1549067,People visiting a statue of Napoleon,dci
sa_1549068,A small group of children are gathered in a classroom. There is a clay creation on a tray in front of them. ,dci
sa_1549069,A BMW police motorcycle is travelling at speed on a curved road.,dci
sa_1549070,A bright day in the middle of a field with tents there,dci
sa_1549071,A bright day outside there are people and armor around along with bushes,dci
sa_1549072,A desert looking area with some people and various animals. It's mostly camels but I see something that looks like a bull as well.,dci
sa_1549074,"A woman in a red bathing suit is kicking a ball on a beach, a black fence is behind her and a man on top of a tall blue cone is behind her to the left. ",dci
sa_1549078,"A large building can be seen in the background, with two smaller buildings in a colorful courtyard. One building has a pointed top.",dci
sa_1549080,A stage in the center of a room with some people present,dci
sa_1549082,A bright day overlooking a large city area there is water and tons of buildings,dci
sa_1549084,A very large white building can be seen on a beach. There are many chairs visible with umbrellas sitting beside them.,dci
sa_1549087,A bright blue day on the water there are hills in the distance,dci
sa_1549090,A bright day on the street looking up at a castle ,dci
sa_1549091,"A large stone statue of a religious figure, holding a staff that has an ornate gold filigree element on top. Behind the statue are large white rectangular stones of a building.",dci
sa_1549093,A female soldier dressed in camouflage with a olive green net ski mask over her face,dci
sa_1549094,A brick walking path of a plaza with people walking and standing. The building architecture has a strong Chinese influence.,dci
sa_1549098,"It shows a large plant that has green, yellow and pink spiky leaves that come out from the middle and go all around. ",dci
sa_1549100,"This is a picture of a large metropolis. At the front of the picture is a tall round building, with individual triangular shapes sticking out, but all together forming a circle. Every floor is covered in windows until you get to the very top, where it becomes silver and has a spear on top with a ball on it. In the background, there are hundreds of other buildings and skyscrapers. There are trees growing between them, which hides nearly everything else at ground level. The picture is taken from a balcony of another building, which is partially visible in the bottom of the image. The balcony has round metal bars and a black platform.",dci
sa_1549102,Shelves of canisters of fish food,dci
sa_1549104,There is a person walking in front of a red car. There is a street behind him as well as several buildings. ,dci
sa_1549107,People stand on a balcony that overlooks a beach.  There are people walking on the beach and swimming in the water. ,dci
sa_1549109,"This is a picture of a tour bus in Monaco. The bus is a red double decker in the middle of a roundabout The roundabout has trees in planters in the middle, the planters are square with grey corners and brown sides. The background includes a handful of large trees in the middle, with a roadway going off to the left, under a bridge. On the left of the bridge are a lot of tall buildings. To the right is a harbor and large walkway. The back of the harbor is a lot of large buildings at the base of a mountain. The mountain is further back in the background, which is covered in vegetation. Above it all is a bright blue sky with no clouds.",dci
sa_1549111,"A gray dome can be seen. It has pictures of the ocean and a sea turtle on the side with the words ""KEEP THE OCEANS CLEAN!!"" visible in yellow writing.",dci
sa_1549112,There is brown grass on the shore. There is a body of water on the right.,dci
sa_1549117,A masked worker making adjustments to equipment,dci
sa_1549118,A white and blue hand blender. It is mixing dough in a white bowl.,dci
sa_1549119,A group of yellow taxis are parked behind a row of buildings in an urban environment. A light attached to a crane shines  down on the darkened area. ,dci
sa_1549120,Here is a view of a duty free city in a European area where people are gathered in selling products. ,dci
sa_1549121,It shows a wall that has a lot of different paintings on it. ,dci
sa_1549122,A child is moving along a pathway in a park. Many more people can be seen in the background. ,dci
sa_1549124,"This is a picture of a classroom. The child at the front is creating a paper craft. He's using scissors to cut the pink construction paper, that's made into a basket in his other hand. He's wearing the school uniform, which is a great sweatshirt and sweatpants, with red on the shoulders, around the collar and around the wrists. There are many children in the background, making the same things. In the foreground is a table with brown checkered paper over it. In the far background is a wall with shelves and footballs and toys on it, and to the left is a wall of windows.",dci
sa_1549125,"A red ship with a helicopter pad moves through a deep blue sea.  Around the bottom of the ship, we can see bluish-white water gurgling up. ",dci
sa_1549126,A long tunnel can be seen. The tunnel has two flat travelators on each side and two horizontal light bars at the top of the tunnel.,dci
sa_1549127,A statue of a person holding something is looking right.,dci
sa_1549128,There are a bunch of green leaves coming up and in the front a flower with pink petals. ,dci
sa_1549132,A palm tree locates on a court inside an abandoned castle made of bricks and stones. ,dci
sa_1549133,A child snow skiing under a bridge ,dci
sa_1549135,There is a long row buildings that have identical walls with windows and little roofs. In the middle there is a far larger building and another one at the very end.  ,dci
sa_1549139,A group of people out in the streets near some buildings. Many are holding their hands in the air and some have flags in their hands.,dci
sa_1549142,A pair of stone steps leading up past ivy covered buildings.,dci
sa_1549146,a giraffe in an enclosure of a wooden railing on one side and a metal rail on the other in some sort of zoo.,dci
sa_1549147,A one story concrete building stands in the background. There is a large field behind the building. ,dci
sa_1549148,"A pickup truck with a camper attached pulling a bass boat in a trailer, and two men in front of a body of water",dci
sa_1549149,"Under sunlight there is an old beige building with graffiti words around the entrance, there is a big tree to its right. ",dci
sa_1549151,four planes visibleat an airport,dci
sa_1549152,Empty concrete lots are seen outside in a field with informational plaques. ,dci
sa_1549153,This is the front of a stainless steel BOSCH Serie 4 Super Silence Dishwasher SMS46G105E.  It is an European model as the temperatures are in Celsius.,dci
sa_1549154,"The front of a Walmart is shown at night. A man is pushing a cart away from it on one side. On the other side, there is an inflatable Christmas tree. ",dci
sa_1549156,People in small blue rowboats on a lake in a park.,dci
sa_1549160,a drone floats in the sky just to the right of center in the image. there is a treetop visible. ,dci
sa_1549167,Two buildings with white stucco or plaster walls and sloped roofs next to the ocean.,dci
sa_1549168,An interior of a shopping mall. Hudson's Bay is prominently visible.,dci
sa_1549170,"A large, circular sculpture with an intricate design stands in an outdoor plaza. ",dci
sa_1549171,"The image is a big parking lot with two big semi trucks at the back end of lot, they are side by side and there is a tall crane behind the truck on the left.  A tall building with a glass front is at the right edge of image, to the right of the trucks. ",dci
sa_1549174,A modern storefront that is advertising watches,dci
sa_1549175,the front view the front of a large airliner traveling through a runway. there is a fences and trees in the background. ,dci
sa_1549176,"A seal with long white whiskers float in the water.  In the background, we can see snow on the ground.  ",dci
sa_1549177,"This is a plaza in what appears to be a European city. There's a brick walkway in the foreground with some large black bollards behind that. There's a waterway behind the bollards and a large green looking sculpture behind that with with a man holding a spear and horses n agony. Behind the sculpture are two buildings, one is orange and five floors tall with windows - on the right, and the other is four floors tall, pink and has windows on the top three floors. Behind and above it all is a beautiful deep blue sky.",dci
sa_1549179,A white building with two gold domes,dci
sa_1549180,A scene of a parked van outside in the forefront of a large mountain far in the back distance. ,dci
sa_1549182,A very crowded city of small colorful buildings with a much more modern line of skyscrapers all along the horizon,dci
sa_1549187,A view of hotels and casinos with lights on in Las Vegas. ,dci
sa_1549188,the front side of an old rectangular building with pillars going across the center is visible. there is a tower in the center of the roof with a spire. ,dci
sa_1549191,A woman is holding a flag pole in front of her. There is a banner directly behind the woman. ,dci
sa_1549192,It shows a view of a busy walkway with a lot of people and buildings to the left and right that have stores and restaurants. ,dci
sa_1549195,Several food carts parked on both sides of an empty street at night next to a light blue building. ,dci
sa_1549196,A train traveling through open fields with large mountains in the background.,dci
sa_1549197,Female students are shown speaking out at a school in Indonesia. ,dci
sa_1549199,An old concrete bridge stretches across the middle of the image with a large castle behind it on the right side. ,dci
sa_1549200,A toy airplane has been placed onto the ground of an asphalt lot.  ,dci
sa_1549205,A modern city nestled between the mountains and the water,dci
sa_1549206,Many people are gathered together. Some people are wearing all white.,dci
sa_1549208,A brick path straight down the middle with people walking towards the foreground. On either side of the path which is quite wide there are low raise hostas thickly covering the ground with tall trees sparsely but evenly planted and white light poles with round white globes on them at even intervals.,dci
sa_1549209,A street is visible with a white fence beside it. There are several trees and buildings in the background.,dci
sa_1549211,"A garden in front of the buildings of the government of British Columbia, Canada. There are many flowers and plants blooming around a plaza. ",dci
sa_1549213,A female child is seen riding on a tricycle near a large field. ,dci
sa_1549215,A woman with a flowered headband on her hair in a garden. She's dressed in a pink top. ,dci
sa_1549217,"An ornate church building with dark roof tops on the circular building sections and a brown rooftop on the square building section.  To the left of the church is a black fence, street, and a row of tall buildings.",dci
sa_1549219,Old home on a hill with tree separating a modern building with white letters on the side. To the right is a glass square building.,dci
sa_1549220, bright day inside of a walkway that is in between two busy roads,dci
sa_1549222,A bright room that is all brown,dci
sa_1549223,Religious man standing at a table with men on his left and right with a cross and red curtain under it.,dci
sa_1549224,It shows an aerial view of a city down below and then a waterway and a strip of green land and then more water. ,dci
sa_1549225,A bright white room with marble walls,dci
sa_1549227,A bright day in front of a wooden building,dci
sa_1549229,It shows a picture of a bright pink flower that has a lot of petals. There are a lot of leaves behind it. ,dci
sa_1549230,Stone wall with ornate design inside an arch. Above the arch is a wall made of bricks.,dci
sa_1549231,A bus is traveling down an uncrowded street,dci
sa_1549232,A bright day in an alley with stalls and buildings around,dci
sa_1549235,"In this image, we see two cars at the bottom of a yellow background.  Between the two cars, is the word ""Travel"". ",dci
sa_1549236,People walking between a variety of Asian stalls.,dci
sa_1549239,A bright room with a dark green christmas tree in it,dci
sa_1549241,A close up of camo and a patch,dci
sa_1549244,"Four cars are parked on a gravel lot. A building, and some trees, can be seen in the background. ",dci
sa_1549246,Open area with a statue of two lions and a man in a loincloth over a center pedestal in front of a stone column in front of four fenced steel columns. There are multi-story buildings surrounding the area and there is a lady walking in front of the building with roman designs right of the statue under the cloudy sky.,dci
sa_1549249,"A stone building, possibly a cathedral, with a domed top and multi-level roof. The building is surrounded by trees and the columns of another building are seen behind the trees.",dci
sa_1549250,A look at a woman in a red dress is seen outside near a docked boat. ,dci
sa_1549253,There is a large field of yellow flowers. There are people near a small shed.,dci
sa_1549254,"overview of a city highway and overpass near many buildings, one of which is shaped like a pyramid, from behind a window.",dci
sa_1549255,"The image depicts a large, older looking bank building in what appears to be a European town. ",dci
sa_1549257,A person is standing with their large black dog in front of a small white table with small bags of dog food samples.,dci
sa_1549258,"A street lined with cars and buildings, with two center red lanes",dci
sa_1549260,A man dressed in an ancient uniform is surrounded by quilts and banners.,dci
sa_1549261,"A group of four people are gathered together in a large outdoor area. Trees, buildings, and more people can be seen in the background. ",dci
sa_1549262,There is a design of a bull in the side of the plane. It is bordered in white and shows him with two horns charging. His tail and legs and face are visible. ,dci
sa_1549263,This shows a painted ceiling. The image is pointed up vertically at the ceiling and chandelier above.,dci
sa_1549264,A group of four women are gathered together in the foreground. Cars can be seen traveling along a street behind the group of women.  ,dci
sa_1549265,A brown brick building is under construction between two brown other brown brick buildings. It is a sunny day with mostly clear blue skies.,dci
sa_1549267,A building with a great deal of green trees and plants in front of it. Looks to be decorated for the holidays or possibly Christmas.,dci
sa_1549269,A row of ships  are lined up on a brick covered ground with other smaller boats grouped together in the background on the right side. The sky is light blue and mostly covered in white and grey clouds.,dci
sa_1549271,a runner wins a marathon by running through the finish line ribbon as the crowd in the stands cheer. there is confetti in the air. ,dci
sa_1549272,"An old muted-blue car is appearing in the foreground, with various shadows obscuring the direct sunlight on some of the areas of the photo. Two buildings are behind the old car, one having white painted walls and one having marble brick walls. ",dci
sa_1549273,Three statues are in the image. There are trees in the background.,dci
sa_1549275,A bright day in the center of an older building there is a temple like building in the center of the area,dci
sa_1549277,It shows an ornate building with a lot of curves and indents and two towers on the top. There is a large plaza in front of it that includes a fountain and some streets to the side. ,dci
sa_1549280,Outside near a building with multiple open red doors and Asian architecture. ,dci
sa_1549281,"A man is partially seen while he paints a multi-colored, striped vase. A tiled wall and other porcelain objects are seen at left.",dci
sa_1549289,A woman in a robe is seen carrying a large bag of crops on her head near a farm. ,dci
sa_1549291,A bright day in the center of an intersection there is a large building in the background,dci
sa_1549292,a tree with green leafy branches grows in the center below a U-shaped metal structure. the area is circular and a skyscraper is in the background. ,dci
sa_1549293,A man who appears to be a race car driver is standing in the foreground and is looking to his left.  ,dci
sa_1549294,"A large orange, brown, and yellow African daisy with a thick green stem and short oval shaped leaves is in the center of the image surrounded by brown and grey rocks and dirt.",dci
sa_1549295,There is a person throwing a ball in the middle of a dirt area with trees and a building in the background. ,dci
sa_1549296,"In this image, we see a stamp that has a drawing of a round cactus with a flower on top.  The stamp has the name of the cactus at the top.",dci
sa_1549297,"A white suv is parked in front of a building, the vehicle is facing left and it is on the left lane of a road. ",dci
sa_1549299,A little boy is standing on a dirt porch watching a woman.,dci
sa_1549300,A woman in yellow holding a baby in blue in front of a few men near a building in the background.,dci
sa_1549301,this is an airplane with a pilot visible in the window. It's the nose of the plane with a bit of the wing visible.,dci
sa_1549302,A large flag and pole in the middle of an area with trees and cars.,dci
sa_1549303,this is a picture of a hotel with a cloudy blue sky and trees.,dci
sa_1549305,A man and a woman are standing together in the background. There are colorful trees behind the pair. ,dci
sa_1549306,A group of people are sitting on dark couches in a large room for a funeral. A blue and yellow alter for the decedent is in the background on the right side of the image.,dci
sa_1549307,A lit walkway at light on the right there is a row of bicycles,dci
sa_1549311,"A seaside full of establishments and rides that prominently feature a Ferris wheel that appears to be the biggest structure in the area. In this clear sky day, the water is calm and several people are seen near the shore at a distance.",dci
sa_1549312,A ground view of tall skyscrapers covered in light blue windows with palm trees and small plants in the bottom . The sky is a bright blue with a thin layer of clouds on the right side behind the buildings.,dci
sa_1549316,A large parking lot of an airport can be seen in the foreground. An airport terminal building can be seen along the background. ,dci
sa_1549317,People are skating around an ice rink. There is a polar bear statue on the ice.,dci
sa_1549319,"this is a picture of a river and a city skyline in the background. there are buildings, ships, and a whispy cloudy sky. there is also what looks like a radio tower in the right part of the image.",dci
sa_1549323,A bright day looking at a large building there are people working,dci
sa_1549325,"A city skyline in the background under a night sky that looks bit pink, in front there is a large markets made of hundreds of colorful tents. ",dci
sa_1549328,A person can be seen lying on a piece of cardboard on the floor. The floor appears to be made of many cobblestones. ,dci
sa_1549329,Many people are seen sitting and standing outside near a public area with a railing and concrete buildings in the distance. ,dci
sa_1549330,A gray stone castle with two wings,dci
sa_1549331,A child is sitting on the floor and is painting on a piece paper. ,dci
sa_1549332,A view out in public where people are outside walking a street where many concrete posts and shoreside houses are. ,dci
sa_1549334,Here is a scene of a an outdoor area in a Scottish city with traffic flowing and people outside walking around. ,dci
sa_1549336,on the left of the image is a highway line close to the foreground. a view of the city below is seen on the right. ,dci
sa_1549338,A group of people pray in front of a shrine of golden buddha statues.,dci
sa_1549339,Rows of seats on a train; each seat has a poster of coffee on it.,dci
sa_1549341,A man who appears to be a pilot is waving from behind an open window in the cockpit of a plane. ,dci
sa_1549342,The inside of a large multistory room with many windows in the roof.,dci
sa_1549343,A close up of people in a well lit room that is yellow,dci
sa_1549345,A normal day inside of a forest area there are trees everywhere,dci
sa_1549347,A bright day in the center of a street the sky is light blue,dci
sa_1549348,A large group of people can be seen near a canopy tent. There is a large pile of bottled water in the front.,dci
sa_1549351,A bright day in the center of a garden that has a dirt ground,dci
sa_1549352,An area with a dirt and stone floor in the center a temple that is brown,dci
sa_1549355,"a mosaic of cut marble tiles in shapes -pentagon, arrow, and chevron shapes",dci
sa_1549357,"A griddle used for cooking, with cheese covered soft taco shells.  In the right-top corner is a rack of fully cooked tacos with cheese.",dci
sa_1549358,Outside view of a hotel building in public with many glass windows. ,dci
sa_1549359,"Two large red brick buildings, each with four windows on the top two floors.  There are Italian flags hanging from the top two windows of the right-side building.  To the left of the red brick buildings are other colorful buildings with more windows.",dci
sa_1549360,"It shows a rolled up leaf in the foreground, and looking through that, a stately 2 story white building. ",dci
sa_1549361,It shows a stand that has a lot of different types of fruit that are for sale along with baskets and signs with prices. ,dci
sa_1549362,"Marathon runners are seen running on the left side of the street going forward from an inflatable yellow arch. There are different commercial and residential buildings on the left side of the street, along with some power lines and trees.",dci
sa_1549364,Left and right row of buildings separated by a dry water canal in a hill side area.,dci
sa_1549365,It shows a woman in an orange floral dress who is holding curtains and looking out a window. There is a fancy brown wall and lights in the background on the left. ,dci
sa_1549372,Large gothic style building with a tall tower atop the tower is a flag. A statue with a blurred face is to the right.,dci
sa_1549375,A woman with a baby and a child who is sitting in a chair behind three other women,dci
sa_1549376,Group of men and woman drinking and having a party on a beach.,dci
sa_1549377,Three people are around a bucket of fish.,dci
sa_1549379,"A poster of a musical is seen posted on a gray electrical box. Another poster and another electrical box is on its right, with some smaller posters pasted on the wall on the left.",dci
sa_1549380,Two people are standing beside a large steaming pot.,dci
sa_1549381,A bright day out surrounded by classic cars,dci
sa_1549383,A close up on a lot of different pieces of porcelain ,dci
sa_1549384,A woman sitting on the floor cooking. A red bucket is in front of her.,dci
sa_1549386,A large bed with a metal headboard and foot board can be seen in the middle of the room. A sofa can be seen in the distance.,dci
sa_1549387,A man in blue is backpacking through a green mountainous area.,dci
sa_1549388,Two people are administering first aid to a man inside of what appears to be a cave. ,dci
sa_1549391,A woman in a black robe is standing with a group of men in black robes. There is a red wall in the background with a large black umbrella in front.,dci
sa_1549392,A bright day overlooking a large city and train in the center,dci
sa_1549393,A jeep is parked on the street in snow.,dci
sa_1549394,"There is a black plate that has a food dish on it, including a cream topping and cheese on it. It is on a brown wood table. ",dci
sa_1549395,The inside of a market area it is open and a street is on the right,dci
sa_1549396,A red gazebo at the end of a pier,dci
sa_1549399,A very dark night with a burning building in the background ,dci
sa_1549400,A large row of lights go across the ceiling. There are people walking around.,dci
sa_1549404,Palaces that are golden in color with very thin points that go up towards the sky. They are all intricate and full of luxury.,dci
sa_1549406,"There is a door like opening that shows the roof and sides of buildings. In the distance, there is land far below and a blue sky above.",dci
sa_1549407,There are buildings on the left side and in the background.,dci
sa_1549409,"An exposed building with short walls that do not go all the way to the roof. The roof structure is made of hay laid on grill frames, supported by blue metal rods and brick support columns.",dci
sa_1549411,It shows a walkway that has a lot of buildings on the left including a lot of restaurants. There are trees on the right and then a railing that leads to water. ,dci
sa_1549412,A bright day in a type of valley there is a river running through it,dci
sa_1549414,"In front of forests on a hill, there are dozens of spectators and participants of an off-road motorcycle race waiting behind metal portable barricades.",dci
sa_1549419,An interior of a building has white walls and red wood small tables in rows in front of a platform.,dci
sa_1549420,A bright day in the center of a group people with trees in the background,dci
sa_1549422,A man is using a computer that is located within a server room. ,dci
sa_1549424,A large picture of a saint is hanging on a tan wall behind two small tables covered in a white cloth with candles and another picture on top.,dci
sa_1549428,Here is a view of a downtown Asian city in a public shopping district with traffic on the streets. ,dci
sa_1549429,An view of two old buildings against a brick road.,dci
sa_1549431,Two signs are leaning against a high curb in front of a lawn and a big brick building.  The bottom of building is in image and the signs are on bottom left of image. ,dci
sa_1549433,It shows a stand that has a lot of clothing on racks and people in front of it. There are buildings on the sides and a big building in the back. ,dci
sa_1549435,A group of people marching dressed as soldiers,dci
sa_1549436,"There are long strips of fabric that have identical designs connected together. On the bottom there are light blue ones, in the middle and on the right there are brown ones and there is a lighter one by the top.",dci
sa_1549438,A very bright day overlooking a wind farm,dci
sa_1549442,A store that sells watches can be seen in the background.  ,dci
sa_1549443,There is a walkway that goes forward and to the right and that has trees on them. There is a building in the middle. ,dci
sa_1549444,Two off white mini Gucci shoulder bags placed on top of a round dark red table. A grey Gucci bag in in the top left corner.,dci
sa_1549445,"Red, white and blue bunting flags on several ropes tied to a tree trunk in front of a three-story building under a clear sky.",dci
sa_1549447,A group of five women can be seen taking a selfie together. There is a temple and a bridge in the background.,dci
sa_1549448,Cars driving highways leading to a city skyline in the back in a partially cloudy day.,dci
sa_1549449,There is a small fountain spouting water. There is a body of water on the right side of the image.,dci
sa_1549450,A woman is holding a bunch of flowers in front of a tall green hedge.  Leaves are behind the hedge in background. ,dci
sa_1549451,Three people jogging on a brick path that goes through the woods on a cool fall day. ,dci
sa_1549453,Two women are swimming in a large swimming pool filled with light green water while other people are sitting in chairs around the pool. Trees and tall hills are in the background.,dci
sa_1549455,Two couples are sitting on the floor of an open restaurant eating their food while looking out at a view of the mountains and cloud cover during sunset.,dci
sa_1549457,"A man in a blue jacket rides his bicycle down a road, alongside a construction ad featuring various people bending down.",dci
sa_1549458,A scene of an outdoor public section of a small city featuring multiple buildings and pedestrians on the streets. ,dci
sa_1549459,"A light blue car is parked on top of a rectangular podium. Several buildings, and a triumphal arch, can be seen in the background. ",dci
sa_1549460,An alley at night with buildings on both side,dci
sa_1549461,A moped is parked on the sidewalk. There is a large tree behind a tent.,dci
sa_1549462,A view outside in front of a castle building with white concrete.,dci
sa_1549464,Three men riding horses,dci
sa_1549465,The outside of a building with an unpainted dull gray exterior. ,dci
sa_1549466,This is a small Fiat 500 automobile that is advertising Napoletana Gelato.,dci
sa_1549467,A scene of an area of water with boats docked and an apartment complex seen in the background. ,dci
sa_1549468,A phone is being held in a hand.,dci
sa_1549469,A stone house with no roof is in the middle of trees.,dci
sa_1549471,A black and blue statue of a woman is standing on the edge of a balcony facing the front of the image. ,dci
sa_1549473,"In a medieval reenactment, two people in medieval armors are fighting with swords. Other people in medieval clothes are observing nearby. ",dci
sa_1549474,A ship sits near the dock on a calm sea. Behind it are buildings and above it a cloudy sky.,dci
sa_1549477,A large body of water can be seen with several small boats on the water. There are multiple tall buildings in the background.,dci
sa_1549478,A scene of attached houses together on a nearby town area with a street that has traffic flowing. ,dci
sa_1549479,A bright day in the middle of parade ,dci
sa_1549481,People walking barefoot down tiled walkway.,dci
sa_1549486,"A street scene with two sidewalks, both full of pedestrians.  On the right side there are cream colored buildings with many floors and windows.  On the left side there is a river and bridge.",dci
sa_1549487,A snowy front yard with kids playing while dressed in puffy jackets and beanies.  To the left is a log cabin and to the right is a black car.,dci
sa_1549488,A view of a large concrete building in the distance with a public park area where statues line a concrete wall. ,dci
sa_1549489,It shows a group of people walking with one holding up a sign in the middle. There is greenery in front of them and behind them. ,dci
sa_1549491,it shows a picture of a truck in a very rocky area with a weathered building behind it. ,dci
sa_1549493,"A group of younger people sit outside on grey cobblestone road listening to a man play an acoustic guitar, all next to the edge of a canal. A small group of people circle the guitar player as the rest of them sit nearby and converse with each other.",dci
sa_1549494,"This is a picture of a city square from above. In the foreground, you see a ton of people in streets and several tents on the roadway. Then there's a tight block of buildings - definitely in europe because the construction if all the buildings tied together in squares with streets between. In the middle, there's another street with awnings sticking out from them and people walking between them. There are many buildings in the background.",dci
sa_1549495,It shows three people who are in a watery area that has plants coming out of it. There is green land in the background. ,dci
sa_1549496,It shows a blue light on top of a gray surface. The sky is in the background ,dci
sa_1549501,A bright dday overlooking some buildings on the left there is a cannon as well,dci
sa_1549502,"A black Mercedes S560 with a convertible top is parked on the side of the road in a very nice little town. The town looks like it could be European, with small shops, villas, apartments, and flowers line the street.",dci
sa_1549503,A bright day inside of a city area there are cars beloew,dci
sa_1549504,Men and women relaxing at an event,dci
sa_1549507,A series of packaged stickers hanging on racks in a store.  They have price tags above them.,dci
sa_1549508,People are riding bikes in the road. There is a car parked on the side.,dci
sa_1549510,A man walks among a herd of goats.,dci
sa_1549511,"A very busy city with a lot of people walking, sitting, and standing. Cars, stores, and buildings are also seen in this area.",dci
sa_1549512,A dark night with two buildings brightly lit up in a square ,dci
sa_1549514,A room with a dark brown door and a light colored door,dci
sa_1549515,There is a bed in the middle of the image. There is a white curtain hanging on the wall.,dci
sa_1549516,"The group of tall, gray stone ramparts in this image are surrounded by green and yellow grass.  There is a stone bridge on the right side leading into a rampart.",dci
sa_1549519,A darker day overlooking a large city,dci
sa_1549523,A brick three-story building with ornamented windows,dci
sa_1549525,"This is a group of tables at an outdoor display on a brick pathway, being attended by lots of young adults, there's a Limebike in the foreview and what looks like university classroom's in the background.",dci
sa_1549527,A very bright day above a forest area eith a large building in the center of it,dci
sa_1549528,Three women are smiling for the camera from behind a table that has food on it. ,dci
sa_1549530,A guy with a blue shirt stands on a white ladder while another guy stands near the base of the ladder and observes his actions. The two men are in a large convention center being set up for an expo.,dci
sa_1549531,It shows a red golf cart in the middle of an expansive green field on a golf course. ,dci
sa_1549532,A cellphone on a desk with an app Police Scanner X available for download.,dci
sa_1549533,"A religious alter with a golden cross in the middle flanked by three white candles on gold candlesticks to each side.  Above and behind is a white-and-gold vertical rectangular carving of a holy person in robes, standing on white clouds with gold beams coming out of them.",dci
sa_1549534,A person in a blue jumpsuit and white gloves is sanding a long dark piece of metal.,dci
sa_1549535,"A man walking with two sticks, one in each hand. ",dci
sa_1549536,"A concrete plaza with stairs, blue and white flag, and fence overlook a crowded beach, ocean, and hotels.",dci
sa_1549537,A group of people at an outdoor market,dci
sa_1549538,"People competing in an athletic competition are at a corner of a road with cars behind the cones set up to separate the lanes. There is a red traffic light behind the competitors and pillars with red, white and blue flags to their right",dci
sa_1549539,A street vendor stands behind a stall in the foreground. More vendors and people can be seen in the background. ,dci
sa_1549545,Four green buses are parked in parking spots. There is a building in the background.,dci
sa_1549546,A view of a public town area with a road with a railing on one side and a public road on the other. ,dci
sa_1549547,The interior of an empty subway car in China. The car is parked in a station and its doors are opened. ,dci
sa_1549548,"A lighter color wall runs along the middle of the image with a shadowed field of trees at foreground. Behind the wall, a few buildings rise up at top left, while a hazy ridge of mountains provides a backdrop for the whole scene.",dci
sa_1549549,Many people can be seen sitting at small tables with purple chairs. A large blue umbrella can be seen over one of the tables.,dci
sa_1549550,A group of kids are in a circle with their feet touching and they are holding hands.,dci
sa_1549552,A red and white sign with text on it.,dci
sa_1549555,"A small, red Torri gate stands on the side of a road. A field and trees can be seen along the background.   ",dci
sa_1549556,A scene in a cemetery with erected headstones. ,dci
sa_1549558,It shows the inside of a store with a lot of clothing on racks and clothing on a mannequin on the left. ,dci
sa_1549560,A road that is leading leading towards a building.,dci
sa_1549562,A desolate landscape with old buildings in the background that look abandoned. ,dci
sa_1549563,"A woman walking down the sidewalk of a city street, away from the camera, and towards other people walking towards the camera.  On the left side of the sidewalk is a stone wall with graffiti on it, and on the right side is a street with cars, and buildings on the far side of it.",dci
sa_1549564,Many people are standing together. There are some people holding up signs.,dci
sa_1549565,Two buildings in front of a green hedge.,dci
sa_1549567,A bright day watching a very colorful demonstration the ground is gray and rock,dci
sa_1549568,Many people riding bikes on the streets of a city. ,dci
sa_1549570,Inside of a mall or a store looking at one singular store window,dci
sa_1549572,"Three men fishing, standing on rocks near the ocean",dci
sa_1549573,A statue is at the bottom of the image. There is a large brick building behind it.,dci
sa_1549574,"A road is featured in the photo with a sideway on the right with some light poles,  fence, and trees. At a distance, tall sandstone cliffs are seen obscuring a clear blue sky.",dci
sa_1549575,There is a street with many cars in it. There are buildings on the left and right sides of the street.,dci
sa_1549577,A view outside near a body of water with boats docked alongside multicolored houses on the side of a bay. ,dci
sa_1549578,It shows a big body of water that has small and large boats on it. In the background there is the shore that has a lot of plants and trees as well as buildings on it.,dci
sa_1549579,"A pathway runs between two fences lined with curved lampposts. Two rows of buildings sit on the edges of the image, which is seen through the links of a chain fence.",dci
sa_1549581,People in an airport terminal. There are four in the foreground (one facing backwards) and more in the background.,dci
sa_1549582,Several boxes of a contact lenses product are lined up along a store shelf.    ,dci
sa_1549583,"A shirtless man in a dirty street, pushing a sword into his own cheek. He's wearing a white headband around his forehead, and white pants with a black-and-white striped sash.",dci
sa_1549585,A woman with a beverage vending stand attached to the back of a three-wheeled pedal bike.,dci
sa_1549586,There is an ornate gray building. It has a parking lot to the left and stairs in front of it.  ,dci
sa_1549589,Sticky notes and paper notes are seen attached to a pin board on a wall. ,dci
sa_1549590,It shows a row of busses that are yellow with leaf designs along the sides as well as black windows. There is green grass on the ground and a big building to the left and the blue sky up above. ,dci
sa_1549591,"A water fountain on the left of the photo is built-in to the brick floor of what appears to be a town center. Surrounding trees, buildings, cars and people are scattered around the area.",dci
sa_1549592,A row of six porcelain sinks in a counter,dci
sa_1549594,Volleyball players are playing a game of volleyball.,dci
sa_1549597,It shows a big crowd going up sloping stands in a stadium. There are some big banner signs in the middle. ,dci
sa_1549598,A view of people walking up a hill over looking a ton of trees with a city background. ,dci
sa_1549599,A bright day in the center of a gate that leads to a large building,dci
sa_1549601,A staircase leading to a temple,dci
sa_1549602,"A statue of a religious figure on top of a brown stone base and surrounded by a red brick circular courtyard.  Around the courtyard there is a variety of greenery including trees, bushes and grass.",dci
sa_1549604,A group of people are standing in an outdoor area. Most of the people are holding water guns. ,dci
sa_1549605,It shows two women in white dresses who are walking in the front and holding hands. There are three more women walking in the back. ,dci
sa_1549606,A large black statue sits on top of a stone pedestal.,dci
sa_1549608,"Two tall skyscrapers rise up into the blue sky. A brown building at right has a flat front face, while the building at left  features curves and odd angles.",dci
sa_1549610,Here is a view of the top of a tower with electrical wiring and devices hooked up.,dci
sa_1549611,A museum with people in front of it.,dci
sa_1549613,It shows big wheels on the side of a truck. There are other vehicles around it. ,dci
sa_1549614,The image is taken from inside of a building and looking up. Multiple floors of the building can be seen through a large gap in the center. ,dci
sa_1549615,It shows a rainy outdoor area with a street and a big building in the background. There are shorter buildings to the right and planters in the foreground. ,dci
sa_1549616,The inside of a shop can be seen. There is a large display of wine in the front of the shop.,dci
sa_1549617,A digital speed limit sign with a red and white border is in the center of the image with a blue sky and tall green trees in the background.,dci
sa_1549618,A bright room with cars in it the roofs and gray,dci
sa_1549620,A green tree in front of some buildings and people.,dci
sa_1549621,A tall red arch towers over a brick plaza,dci
sa_1549622,A black and white photo of a fence and the inside of it as well.,dci
sa_1549625,A man stands at the top of a staircase and in front of a dark alley. The alley is between two buildings that flank the staircase.,dci
sa_1549626,A stone table with human bones on top as well as a few old pieces of pottery.,dci
sa_1549638,A large elephant can be seen inside an enclosure. There is a white building with a gray tin roof in the background.,dci
sa_1549639,The top of a round yellow building with a cone shaped brown tile roof is visible above a thick line of trees along the bottom of the image. More buildings mixed in between trees are visible in the background.,dci
sa_1549641,Here is a scene of a residential area of a town with a crosswalk where multiple concrete buildings are seen in the distance. ,dci
sa_1549642,A ship has many large containers on it of different colors.,dci
sa_1549643,A close up of a B-2 stealth bomber parked on a tarmac on a wet overcast day. A runway is visible behind the bomber surrounded by short green grass.,dci
sa_1549644,The upper part of the Leaning Tower of Pisa under a clear and sunny blue sky. There are six visible stories in the photo and the tower is leaning toward the left.,dci
sa_1549646,"This is a picture of a high jumper clearing a jump. The man is in a tank top, which is mostly blue, with red on the side and white strips separating the red and blue. He has high socks on and athletic shoes. He's in the middle of clearing the bar. He's in a large warehouse, with florescent lights in the ceilings and large rafters overtop. In the background, there are a few people waiting, watching him jump. There's also what appears to be a coach to the left, in a blue and white windbreaker and a cameraman taking a picture of him jumping.",dci
sa_1549649,A tall rock face that is jutting into the sky,dci
sa_1549651,A tall concrete building with many rows of small windows along the upper section and large arched windows along the lower floors.  There is a pink flowering tree to the left and a graveyard in front of the building.,dci
sa_1549653,"On a grass field with fallen leaves divided by a pony wall, there is two huge trees and several tomb stones surrounding them. ",dci
sa_1549654,A statue of a man on top of a large stone column.,dci
sa_1549656,People walking about in an open area in a city lined by palm trees and streetlights during the day under a cloudy sky. People can be seen sitting among big umbrellas near buildings on the side of the lined walkway.,dci
sa_1549657,A brightly clothed woman standing in front of a black sculpture in front of a decorated wooden door.,dci
sa_1549659,A vintage white car with large circular lights on either side of the center metal grill.  The interior of the car is red and black.,dci
sa_1549662,There are brick buildings on the left and right of the image. The ground is made of asphalt.,dci
sa_1549665,This shows a picture of the Astronomical clock in Prague. It has an intricate clock mechanism with two circles inscribed into the side of a tower.,dci
sa_1549666,It shows a group of people in suits and fancy outfits posing for a picture while holding up papers. ,dci
sa_1549669,An outside view of a busy shopping mall in a tropical setting.,dci
sa_1549671,A rectangular archway in rainbow colors is surrounded by different flags.,dci
sa_1549672,"A city skyline stands in front of a mountain range. Taller skyscrapers line the middle of the image, with shorter buildings in the foreground.",dci
sa_1549673,"A smartphone screen can be seen. The screen is black with a ""Google Calendar,"" app seen on the screen.",dci
sa_1549675,An airplane is on a runway.,dci
sa_1549676,"A large multi-color poster of a world map, hanging on a wall. There is an American flag next to it. ",dci
sa_1549677,"A playground in a park is seen with a child standing on a platform holding a bubble maker toy. The park has some trees in the background, filled with other playground equipments.",dci
sa_1549678,A large outdoor area with a stone floor can be seen in the foreground. There is a tall mountain that has trees growing on its side in the background.  ,dci
sa_1549679,A drum major dressed in white leads a band of flutists in a parade.,dci
sa_1549680,A cemetery with rows of crosses is surrounded by trees. A hill rises up in the background. ,dci
sa_1549684,This is a building with rounded roofs made out of dark colored glass.  The sign on the front of the building reveals that it is a mosque.,dci
sa_1549686,Blue Volks Wagon van. The side and back doors are open.,dci
sa_1549689,Cars are parked in the middle of the image. There are buildings in the background.,dci
sa_1549690,a Buddhist shrine sits at the bottom of a rocky formation. there are leafy vines hanging down the formations on the left. ,dci
sa_1549691,Many colorful buildings overlook a harbor with boats in the green-blue ocean.,dci
sa_1549692,A collection of green tropical plants in planters.,dci
sa_1549693,A gondola lift has a orange passenger cabin attached to it.,dci
sa_1549695,People walk near a subway station in a city. There are a number of large buildings off to one side. ,dci
sa_1549696,A large cityscape is against a blue and white sky with the sun glowing gold towards the bottom and landing docks on the water in the foreground,dci
sa_1549697,There are people standing in a paved open area near several light colored buildings on a clear day with a bright blue sky.,dci
sa_1549698,A green patina statute on a white stone pillar holding three stars.,dci
sa_1549699,A castle with large pointed turrets and an ancient look with a vineyard on its grounds under a blue sky. ,dci
sa_1549700,A small village can be seen by a body of water. There are many small houses seen next to the water.,dci
sa_1549701,Cylinder shaped neatly trimmed bushes. They are reddish brown in color. ,dci
sa_1549704,"An outdoor market in an old town.  Surrounding a tented merchant are old white buildings and an outdoor seating area of a coffee shop or restaurant, plus some trees.",dci
sa_1549706,A large fish market with neatly organized displays and bright colorful signs. There is a room where some people are sitting down and eating and two others are conversing in between the aisles of food,dci
sa_1549708,There is a body of water at the bottom of the image. There are houses in the background.,dci
sa_1549710,"A man riding a folding facing away from the camera on the left side, while cars driving toward the camera on the right side",dci
sa_1549711,A view of an outdoor clothing shop with people visible beside a green building. ,dci
sa_1549716,There is a large and ornate tan colored building with many windows with curved tops throughout it. ,dci
sa_1549718,A woman in a white booth at a trade show.,dci
sa_1549721,A concrete lightly colored church or cathedral is seen outside under a blue sky.,dci
sa_1549723,"A rectangular light-blue building with a clear blue sky above it.  In front of the building is a brick driveway, some grass and trees, and a brick walkway.  To its right is a stone wall and some more green trees and bushes.",dci
sa_1549724,Rows of trees with purple leaves stand in a large field of green and brown grass.  There are two parallel rows of trees in the middle of the image. ,dci
sa_1549725,Two girls are sitting on a tiled floor at the front of a building while a young boy stands before them.,dci
sa_1549727,A large cylindrical building,dci
sa_1549730,This is a little girl wearing a white dress with designs on it. The dress comes down to her knees and it is sleeveless. her hair is brown and she is wearing a headband. she is wearing white loafers.,dci
sa_1549731,People are walking in the street. Some of the people are holding a blue sign in their hands.,dci
sa_1549732,A four story brown building on a dusty road. People and cars on the street.,dci
sa_1549733,A large group of people are standing together and holding up signs in a form of protest.,dci
sa_1549734,A wreath and an outfit are hanging on the side of a white wall. ,dci
sa_1549737,"It shows a night scene with a big building with a domed top on the left, people at the bottom, a building at the right and fireworks at the top right. ",dci
sa_1549738,this is a beach scene. there is sand and water and a few houses scattered around. there is vegetation and cars on the beach.,dci
sa_1549741,A subway track platform running through a large city. The train on the tracks passes by large high rise buildings. ,dci
sa_1549742,A close up of a screen the background is dark blue,dci
sa_1549743,"A metallic fountain that has a clock on top of it stands in the foreground. People, buildings, and balloons can be seen in the background. ",dci
sa_1549744,"A cloudy sky overlooks a town that's filled with people, buildings and stores. The flooring of the town has circular stone blocks that provide a walkway for the people in the area.",dci
sa_1549745,A village can be seen along the top of a hill in the background. The area around the village is densely covered by trees.  ,dci
sa_1549746,There are a few cars parked on the side of the street in front of a long building.,dci
sa_1549747,A man wearing a cardboard box with a sign on it,dci
sa_1549748,Three women scrubbing a wet St. There are trolleys full of people in the background.,dci
sa_1549749,A darker day in a neighborhood with white buildings,dci
sa_1549750,"A room with low, arched ceilings is illuminated by a light source behind a central column. A flat floors spans the room.",dci
sa_1549751,two statues of Anubis stand side by side at attention in front of the entrance to an ancient Egyptian structure. ,dci
sa_1549752,A picture of an area between white buildings. It looks like a small path/alleyway or path for people to walk down. ,dci
sa_1549754,Railroad tracks and a road with a trip of grass in-between the two. ,dci
sa_1549756,A shipping port and view of the ocean.,dci
sa_1549758,A view of the ocean in the background with water crashing near a shoreline. Two people are seen walking on a paved path that is fenced off. ,dci
sa_1549759,A wall with many full papers and torn papers on it. ,dci
sa_1549761,A bright day inside of a field with a lot of people and some animals there,dci
sa_1549762,An outdoor patio area is seen with a sheltered concrete and stone bar. ,dci
sa_1549764,a group of people are walking mostly towards the east in the desert under blue skies. on the right just on the horizon is a large sand cloud. ,dci
sa_1549768,Several vehicles converging around a group of people,dci
sa_1549772,There are dozens of boats in a marina near an area of land that rises up above the blue sea.  Houses and buildings are standing out from the trees on the land.,dci
sa_1549773,A person wearing a white outfit walking across a field toward a pile of rocks,dci
sa_1549774,Two soccer teams are standing on a grassy field located in a stadium. People can be seen in the stands in the background. ,dci
sa_1549775,A colorful display of pumpkins,dci
sa_1549777,"This is a gray older model four door car parked on the side of the road.  On the opposite side of the car, there is a fence where ivy is growing.",dci
sa_1549778,Fishing boats pulled up to a dock,dci
sa_1549779,"A stone wall that has imagery of people and animals along the top half, and letters from the Greek alphabet along the bottom half. ",dci
sa_1549783,A TR-1 Temp launcher parked on a ground with other two military vehicles in front of a red building during a sunny day.,dci
sa_1549785,People are sitting outside in wooden chairs with purple material on them.  They are sitting in a paved open are in front of a brick building.,dci
sa_1549786,A scene outdoors of people leaving and boarding a pink ferry on the bay water in Thailand. ,dci
sa_1549787,A man playing an electronic piano at a concert,dci
sa_1549788,There are open windows on the inside of a building.,dci
sa_1549790,Two men are riding on carts that are being pulled by bulls. A crowd of people on the left hand side of the image are watching the event unfold.  ,dci
sa_1549792,The view from the ground looking up to the roof over an outdoor stage.,dci
sa_1549793,A square surrounded by old brown and yellow European buildings. The building in the middle has a bell tower.  ,dci
sa_1549799,A fishing harbor can be seen. There are several boats seen in the water and many buildings visible in the background.,dci
sa_1549801,A bright blue day in the center of an outlet mall,dci
sa_1549802,A view inside a room with multiple people looking through organized boxes of paper books and novels. ,dci
sa_1549806,A large tower and buildings in the back there are some trees around as well.,dci
sa_1549807,A scene of a two people driving a car on a road looking over a mountain range with many green trees. ,dci
sa_1549808,A brighter day looking at a group of people. There is a stall on the right covered in envelopes,dci
sa_1549809,A religious celebration can be seen taking place in a street. There are white buildings visible in the background.,dci
sa_1549810,A group of people trying to check in for their flights at set of three kiosks in the airport. ,dci
sa_1549811,A bright day on a raceway the sky above is blue and clear,dci
sa_1549813,A scene of a historical site featuring old century buildings on green grass lawns.,dci
sa_1549815,A store front for a LaCoste store. ,dci
sa_1549816,A scene of a protest by humans outside of a concrete building area. ,dci
sa_1549817,A scene indoors of a business storefront where salespeople are selling cosmetic products. ,dci
sa_1549818,A view of a U.S. Air Force camouflage uniform with metal dog tags and an American flag patch on top. ,dci
sa_1549821,A painting of a woman wrapped in cloth of a gray color is seen next to a concrete post. ,dci
sa_1549822,A scene looking into a cafe in a France with tables outside and a red border of the outside of the cafe. ,dci
sa_1549827,Line of terminals to pass through to exits 1-4 within a shiny hallway with a person visible in the background looking at a sign. ,dci
sa_1549828,Two people float on the surface of a large body of water.  Gray cliffs appear above the water in the background. ,dci
sa_1549831,A man in a pink shirt wears a multi-colored scarf around his neck as he stands in a sports stadium. ,dci
sa_1549834,"This is a picture of a streetscape. In the foreground, there are some purple flowers sticking up directly in front of the camera. Just behind that, you see an intersection with a stoplight that's currently yellow. There are people on the right side that are walking on the sidewalk. In the background, you see a lot of cars parked along the left side of the street, which the cars are facing the camera. Behind those are buildings that run far into the distance. There are more street signs and other traffic signals in the background as well.",dci
sa_1549835,A bright day on a bay there is two boats in the frame and a large building in the background,dci
sa_1549836,City street with a brown apartment complex on the right and a office building on the left.,dci
sa_1549837,Looking back along the side of a passenger train that's rounding a bend in the track.  People are looking out the windows and doors and a green hill with trees on it rises above the tracks behind the train.,dci
sa_1549838,A large monument with several statues attached to it sits outside of a large building with a dome. Many people are walking by. ,dci
sa_1549839,There is a glass roof on the left. There is a mural on the wall.,dci
sa_1549844,A view of a body of water with lots of ships on it.,dci
sa_1549845,A black and white photo of large buildings. ,dci
sa_1549846,A dark night over a bright lit up city,dci
sa_1549852,A bright day looking at a stone entrance,dci
sa_1549853,Exhibit hall with different colored animal figurines and two people looking at the exhibit. ,dci
sa_1549856,A small manmade lake sits in the center of the picture between two rows of connected buildings. Boats are lined along either side of the waterfront. ,dci
sa_1549859,"People crossing a crosswalk on a busy downtown street in a city.  Tall buildings line the sides of the street, and cars and buses drive down the street between them.",dci
sa_1549862,There is a body of water that is reflecting the lights of buildings across it.  It is night time.,dci
sa_1549866,"It shows tan colored buildings that have blocks on the side. There is a parking lot in front of it that has parked cars parked in a row, as well as plants and trees around it.",dci
sa_1549867,"In this image, we see a large mountain in the background that is towering over a smaller hill in the foreground. There are trees on the smaller hill. ",dci
sa_1549868,Two boys posing with a bicycle. ,dci
sa_1549871,The front outdoor entrance of an outlet mall called Design Village.,dci
sa_1549872,A bunch of white buildings with a large domed one near the middle with a flat elevated piece of land behind it and green trees in front of it.,dci
sa_1549873,A building with a Volvo Logo on it. There's also a Volvo sign next to it. The sky is dark blue and there is a tree next to the building.,dci
sa_1549874,"The Basilica of Santa Croce in Florence, Italy. It has two low buildings on either side, with many tourists viewing it in front, and it is set against a cloudy blue sky.",dci
sa_1549876,This is a memorial statue with three different parts to it.  There are words on the stones making up the sections.,dci
sa_1549879,"A side of a yellow castle is featured in the photo, with its pointed archway at the bottom, a turret, glass windows, and ornate carvings. There are shrubs in the foreground and a clear blue sky in the background.",dci
sa_1549880,Outdoor scene with more than dozen people walking on a public paved walkway near a dock and bay of water. ,dci
sa_1549881,It shows a bunch of men in yellow uniforms in a long boat. There are more boats to the side and back of them with other people and a lot of plants in the background. ,dci
sa_1549882,Two men are stacking sandbags. There are sandbags being raised by a crane.,dci
sa_1549883,Newspaper stand on a city street surrounded by multi-floor buildings.,dci
sa_1549885,a red train sitting on its tracks while people walk by on a wooded pathway with a railing. ,dci
sa_1549886,The corner of a building with metal sides is shown in a closeup view. There is a white sign with an Amazon logo on it attached to the left wall. ,dci
sa_1549887,Two people walking two asian elephants down a dirt road.,dci
sa_1549889,A congregate of people are seen outside in a town center in front of concrete buildings. ,dci
sa_1549890,A bright day amongst a group of people it is hot out,dci
sa_1549891,"In the background, we see a line of buildings and boats on the dock.  In the foreground, we see a large calm area of dark water.",dci
sa_1549895,A large group of people facing away. Most of them are wearing yellow shirts.,dci
sa_1549896,A young man is standing in between another man and a woman with his arms around them and his hands resting on their shoulders. They are inside a building standing on a red carpet.,dci
sa_1549897,"A green house with white trim and a black roof in the snow, in front of trees.",dci
sa_1549898,A body of water is on the left of the image. There are buildings all along the background.,dci
sa_1549899,"A man sitting on the flat top of a triangular wooden cart with wheels, being pulled by a white and grey donkey.  The cart is on a patch of tan dirt, in front of a black asphalt highway running left to right, in front of a desert community.",dci
sa_1549900,In a forest there are trees and vines all over a moist earth ground.,dci
sa_1549901,Multiple bikes at a red light in the road of a city with lines of cars and people on the side of the road under an overcast sky. There are yellow signs on the side of the road after the light and the buildings on each side of the roar are multiple stories high.,dci
sa_1549903,A view of a man eating beside a parked vehicle and sign.,dci
sa_1549905,A brown sand beach studded with footprints. Two palm trees are to the right and ocean to the left.,dci
sa_1549906,a woman holding a microphone singing on a stage,dci
sa_1549907,"This is a picture of a handful of children lined up for school graduation. The young children are probably 5 or so, all dressed in graduation caps and gowns. Their gowns and primarily bright blue, with white stripes down the chest, and a red accent on the 'hood'. The hood also has white around the collar. The hats are the same blue color with a red tasle and white around the lower portion. In the background are three women wearing the same yellow suits, with white shirts and orange accents, and a few onlookers. The background is a parking lot of cars with trees further back than that.",dci
sa_1549910,A fountain with gold statues of women all around it,dci
sa_1549911,A view of a residential area in a small city. There is a road in between surrounding houses and brick buildings. ,dci
sa_1549913,The front of a house. The yard has dug up spots in it. ,dci
sa_1549914,People are lined up outside of a large grocery store under a overhanging roof. Stacks of blue pallets and a line of shopping carts are to the left of the people in line.,dci
sa_1549915,"Two rows of three seats that are facing each other on a ferry.  The seats are orange or grey, with little grey rings on them.  Behind the seats are two windows looking out of the ferry, and under them is a brown carpet.",dci
sa_1549917,It shows the front of a building that has many windows with purple awnings. There is a large curved entrance in the front and a wide sidewalk going across it.,dci
sa_1549918,A woman sunbathes in a grassy outdoor area. There is a wall with a swampy area at the bottom of it on the right hand side of the image.  ,dci
sa_1549919,A bright sky with a large plane in it,dci
sa_1549921,The inside of a modern looking restaurant. It has a lunch counter displaying different food and drink choices.,dci
sa_1549922,A bright area filled with chairs some people sitting in them,dci
sa_1549924,A ground view of a castle covered in a tan colored brick with small windows. The sky is a bright blue with two large thick white clouds in the middle.,dci
sa_1549925,A line of buildings with several closed store fronts can be seen beside a street. There are a large amount of power lines seen in front of the buildings.,dci
sa_1549926,A bright day in an alley with shops and restaurant stalls there.,dci
sa_1549928,It shows an outside seating area at a restaurant and windows that show the inside seating area in the building. ,dci
sa_1549929,A red brick building that is adjacent to a gray brick building.,dci
sa_1549933,Many people are gathered in the street. Some of them are holding instruments.,dci
sa_1549934,An old couple standing next to a wall with an open window of a room in a stone building with two visible pillars in front of houses behind it. There is forested area behind the back houses behind the front room the couple is standing in.,dci
sa_1549935,A white popcorn machine is placed next to a metal shutter with brown picnic tables to the left of it. Everything is covered in rain water.,dci
sa_1549938,"A cylindrical structure feature city names on top and bottom sections of the structure, where the center section shows numbers that are in gold font. At the very top of the cylindrical structure is a metal sphere that resembles a solar system with the sun at the center and planets orbiting around it.",dci
sa_1549940,A tree-lined street in front of a tall white building,dci
sa_1549941,A ground view of a tall crisscrossing interior modern staircase. The sides of the staircase are white with black stairs in the center.,dci
sa_1549942,"There is a sculpture that has a rectangular base with a rounded gold part on top. There are short walls with engraved writing all around, then plants beyond that and a big building in the distance. ",dci
sa_1549943,stone walkway lined with trees with many people going along it within a city during the day between the road and a waterfront. There is one car in the road and the waterfront is blocked by stone railing with streetlamps lining it.,dci
sa_1549944,"A large crowd of people are gathered along the side of a hill. Most of the people are sitting, and there are large trees that are providing shade. ",dci
sa_1549945,A grassy field has many tall trees in it. There is a man standing in the field.,dci
sa_1549946,The perspective is in the middle of a road between two tall buildings with a white building in front and blue sky above the white house.,dci
sa_1549947,A scene of an Art Deco style city area with multicolored buildings in the distance of a skyscraper. People are seen walking around on the pavement. ,dci
sa_1549951,Two raised overhangs are seen over railings with lines of wheeled carts next to them. Large poles support them and a similar structure is seen at background attaching to a building.,dci
sa_1549953,"A large outdoor plaza can be seen in the foreground. Buildings, cars, and a few people can be seen in the background. ",dci
sa_1549956,"In front of a four story yellow and white building on the right and one red and yellow building in the back, the ground and cars parked there are filled with snow.",dci
sa_1549957,a flower stand with people standing around. it looks like a market because there are items on hanging on the walls in the background.,dci
sa_1549958,A woman is sitting on a green blanket in a grassy field looking down at her phone. A black and yellow bike is parked next to her and a group trees are behind her.,dci
sa_1549960,A bright day looking at two large buildings and a statue,dci
sa_1549961,A person appears holding an active smartphone in their hand with a ring on their thumb. ,dci
sa_1549963,A man is sitting down on a sidewalk. There is a bus travelling along a street in the background. ,dci
sa_1549965,A ship is in the middle of the water going to the right and there are buildings to the back and to the right; the sky is clear and blue and the water is a murky blue color with ripples on it.,dci
sa_1549968,"A sleek, modern building behind a line of trees",dci
sa_1549969,An Archway with a design resembling art on the inside. There are also words/names on the inside of the wall and arch.,dci
sa_1549970,A close up of a tennis court and a bag that is on it,dci
sa_1549972,A darker day out on what looks like tarmac the sky is cloudy,dci
sa_1549974,A black airplane with two engines on a large upper wing,dci
sa_1549976,A red rubber track circling a green circle outside a grey venue which has the Olympics logo hung outside. ,dci
sa_1549977,On top of a hill overlooking a neighborhood bright green grass,dci
sa_1549982,A group of young children sitting on the steps in front of a building.,dci
sa_1549984,A clean sidewalk that makes way to a man made pond. There are palm trees and other greenery all under a blue sky.,dci
sa_1549985,A lobby that looks to be for an airport it is bright and carpet for the flooring,dci
sa_1549986,A white aircraft with the nose pointing to the bottom right is in a field with very short green grass. The sky is mainly clear with a few stray clouds.,dci
sa_1549987,This is an open area where people are standing.  There is a stone wall and buildings of a tan color surrounding it.,dci
sa_1549988,"Two people are kite surfing in a big body of water, a boat is sitting in the water to the left of them.  There are mountains in the background and a clear sky. ",dci
sa_1549989,A bright day in the center of a concrete or rocky road.,dci
sa_1549991,"A little girl wearing a bright pink shirt with white lettering, a baseball camouflage hat and camouflage pants with a bag around her neck is holding a blank metal detector in her left hand to the ground.",dci
sa_1549993,Two red tractors can be seen sitting side by side. There are dark storm clouds visible in the background.,dci
sa_1549994,A girl sitting at a desk painting a picture,dci
sa_1549995,Three people can be seen looking toward a large cluster of trees. They are standing behind a metal barrier.,dci
sa_1549996,A drive through window at a restaurant can be seen. There are many cars going through the drive through.,dci
sa_1550000,Here is a view of people walking in Washington D.C. close to the the Washington Monument during the day outside overlooking the large pond in front. ,dci
sa_1550003,Here is a man seen smiling wearing a gray baseball cap with a green and black shirt. ,dci
sa_1550005,It shows people walking in an outdoor market with tents next to them and a building in the background.,dci
sa_1550006,"This is a picture of two guys changing clothes to play a sport or run. The guy on the left is bending over, putting things in or taking things out of a black bag. He has blue shoes on and a red wind suit with white on the side. There's a blue clothing item on the ground in the background. There's an orange clothing between the guys, and the guy on the right is putting shoes on. He's wearing black shorts and a grey pullover. There are a smattering of clothes spread out around him, as well as two black shoes. They are sitting in a field that's shortly mowed. In the background, there is one tree real close, with more trees in the background to the left. There's a building in the far background with a water tower.",dci
sa_1550007,"This is a picture of a display at a space museum. The main part of the image is a large graphic of the patch for the Apollo 7 mission. The middle of the display is the world, with blue ocean, green land, and the roman numerals VII on it, which is 7. Arcing around the world is the names Shirra, Eisele and Cunningham, which are the astronauts that went on the mission. The top features a part of the space shuttle, with a burn trail going in a circle around the world. This is mounted on a large metal round item, anchored with rope. In the background, there's a large metal structure holding the display up.",dci
sa_1550008,"A large building with a flag on top stands on the side of the street. The building has light green paint, gold accents, and a number of white pillars. ",dci
sa_1550010,A woman in a tan colored dress and gold head covering is standing alone in the courtyard at the bottom of the image facing the large Blue Mosque. A crowd of people are walking in the background closer to the Mosque.,dci
sa_1550011,a bright day out looking into an alley with bikes in it ,dci
sa_1550012,The outside of an Asian temple is guarded by two huge dragon soldier statues at the entrance door.,dci
sa_1550014,A close up of a train and the area around it,dci
sa_1550015,A train has pulled up to the train station. There are people in the station.,dci
sa_1550016,A large Marriott hotel stands at the end of a city street. The ground is covered in snow. ,dci
sa_1550017,A busy area with small stalls on each side of it,dci
sa_1550018,A group of people participating in a reenactment of a Medieval fight at a Renaissance Fair.,dci
sa_1550019,A harbor on a rocky coast. There are white buildings going up the hill and sailboats in the water.,dci
sa_1550020,A blonde woman with her face blurred out poses in a golden sequined dress.,dci
sa_1550021,There are three people in the foreground wading in water and harvesting crops growing in the water. They have conical hats and colorful clothing,dci
sa_1550022,A bright blue day very cloudy as well there is a large castle below,dci
sa_1550023,A colorful house rests on the side of a hilly street.,dci
sa_1550026,Two boys can be seen standing side by side. They appear to both be holding a small bag of toys.,dci
sa_1550029,A set of railroad tracks spans the length of the photo. They are surrounded by green grass and farm equipment in the background.,dci
sa_1550030,"This is a shoulder length blond middle aged woman in a gray sweater and mom jeans in a green fall scene, holding a pink IPhone. ",dci
sa_1550034,Boats are sailing in the water. There are people on the boats.,dci
sa_1550037, A tourist taking pictures of their surroundings overlooking a town in Greece.,dci
sa_1550041,A cyclist riding a road bike on a highway in front of a beautiful mountain scenery. ,dci
sa_1550043,An elderly man is seen outside near a public road attending to many pigeons that are around him. ,dci
sa_1550049,A large reddish-brick building with arched windows and turrets in front of a large plaza with people.,dci
sa_1550050,Five cars parked in front of a neighborhood supermarket,dci
sa_1550051,A bright day in the center of an enclosure with a gate large,dci
sa_1550052,A street vendor that is selling oranges has people browsing the selection.  ,dci
sa_1550054,Here is a birthday party scene in a room inside a building with a display setup that has many balloon designed decorations. ,dci
sa_1550056,Two long Asian style boats about to have a race.,dci
sa_1550058,This is a stamp with brown rectangles on it.  There is the word Helvetia at the bottom written in red ink.,dci
sa_1550059,A figure in white coat and latex gloves holds a thermomenter and vial of vaccine.,dci
sa_1550061,"Boats are in a big  body of water, there are alot of boats, some are close and some far away, big rocks are in the background. The sky is cloudy and the top part of the rocks in background are covered in mist, the whole scene looks blue and a little dark. ",dci
sa_1550064,A photo of an impressive neoclassical building inspired by Ancient Rome architecture. On each side of the roof there is a sculpture of a goddess in a chariot drawn by four horses.,dci
sa_1550067,A close up of a lot of packages,dci
sa_1550068,This is a red carpet walkway leading to a large old building.  There are statues lining the walkway and people are standing and walking there.,dci
sa_1550069,"Two boats with white awnings covering them are facing to the right and slightly down on bright blue, clear water. In the background, there are a lot of green full lush trees and a clear blue sky.",dci
sa_1550073,"A city skyline from above on a sunny day, there are dozens of skyscrapers in the middle while buildings in the background are shorter.",dci
sa_1550076,A blue NYU banner hangs from a brick building above a sidewalk.,dci
sa_1550077,People are walking in the streets near a row of older looking buildings on the left.  There are trees lining the road on the right.,dci
sa_1550080,"In this image, we see a large flag in the background of the image.  In the foreground, we see a gold bitcoin standing on its side. ",dci
sa_1550082,A small square sign sticking out of the side of a building indicating a business.,dci
sa_1550085,A bright day in the center of a tropical or jungle like climate. ,dci
sa_1550086,People are gathered for what looks like a wedding dressed in formal clothing with one feeding another in the foreground with a wreath of flowers left of them,dci
sa_1550087,There is a line of buildings on a street that intersects at a corner.  The building at the corner appears to be a business.,dci
sa_1550088,A partial image of a black computer keyboard. The middle section of the keyboard is pictured fairly close up.,dci
sa_1550090,Two women are standing next to a moped. There is a building behind the women. ,dci
sa_1550091,A white stone chateau.,dci
sa_1550093,People taking pictures of a monkey in a rain forest.,dci
sa_1550094,This is a hillside park scene overlooking a University type arrangement of buildings.   There are many people sunning in the grass and walking on the bench lined pathway that goes up the hill. ,dci
sa_1550096,There are two white signs in the middle. There is a control panel with some buttons on it in the bottom left.,dci
sa_1550100,A bridge overlooks a snow and ice covered river.,dci
sa_1550103,A silver sedan car is travelling along an asphalt road. There are vehicles going in the opposite direction in the background.   ,dci
sa_1550104,A person riding a motorcycle is seen on an empty parking lot with a lot of scattered traffic cones. There are trees behind a cement fence in the background. ,dci
sa_1550105,A heavily congested highway with four lanes on each side,dci
sa_1550108,"A plaza with a tall, round structure that looks like a big Gazebo. It's not a gazebo but has a similar shape. There are buildings in the background and people beside the large structure.",dci
sa_1550112,A field with some spaces that are barren sits in front of a a very old building with 2 sides that are rounded. The sky is partially cloudy and there are a few people walking.,dci
sa_1550113,A close up of two mugs the wall behind is silver and white,dci
sa_1550115,A sky view of a small grey stone castle surrounded by a small village. A green valley surrounded by tall green mountains is in the background.,dci
sa_1550118,The corner of a large tan colored building can be seen. It has two ornate metal balcony rails visible.,dci
sa_1550121,"The main focus of the image is the top of a white-colored tower. The sky can be seen in the background, appearing as a light blue color. ",dci
sa_1550123,A city street with large buildings and a large tree.,dci
sa_1550124,"A wide asphalt road in a big city filled with cars, busses and pedestrians. Commercial buildings are seen in the background.",dci
sa_1550125,It shows the front of a curving yellow chair. ,dci
sa_1550127,It shows a brown classic car sitting in a grassy field. There are people in the background as well as white tents with pointed roofs. ,dci
sa_1550129,A bronze statue of a man sitting on a throne can be seen within an arched opening.  ,dci
sa_1550130,There is a picture of a purple postal stamp that shows a picture of a bus on it. ,dci
sa_1550131,Four carved structures lined up in a row ,dci
sa_1550132,It shows a large white boat with many levels and many windows on a large blue waterway. There is a shore in the background with houses and trees and a gray cloudy sky up above.,dci
sa_1550133,A gray building has a lot of glass windows at an angle. It has the title AIR ARENA. There are brown and grey bricks in front of the building.,dci
sa_1550134,This is the back side of a green vehicle that is parked on the side of a street.  There is a building across from the vehicle where people are gathered.,dci
sa_1550136,A white airplane with colorful stripes flying in the sky with landing gears out.,dci
sa_1550137,This is an industrial area with buildings that are gray and some having yellow markings on them.,dci
sa_1550138,A view over a city with many areas of trees growing and buildings standing near an ocean connected to a mountain range in the distance. ,dci
sa_1550139,A very dark night lit up by a bright flame,dci
sa_1550140,A bright day with a dark gray street in it and a building on the right,dci
sa_1550143,A crowd of people outside of a tall fence it is bright outside,dci
sa_1550145,A scene of a marching band walking down a street where storefronts are located. ,dci
sa_1550146,A very bright day focusing on a large buildings entrance,dci
sa_1550148,People are walking down a brown brick sidewalk facing the front of the image. There is a row of buildings on the left side of the image and a street lined with cars on the right side of the image.,dci
sa_1550149,"Five people are sitting on the floor of a religious center and facing a cream colored brick wall.  There is a large green and white sign with the text, TAMU HARAP LAPOR, in the center in red text.",dci
sa_1550153,Men marching in a protest about guns,dci
sa_1550154,A bright day on a hill there is a large wooden building on the left ,dci
sa_1550155,A man and woman in fancy cloths pose while dancing.,dci
sa_1550157,A close up of a man completing a race,dci
sa_1550158,A blue awning is in the middle of the image. There is a building in the background.,dci
sa_1550159,Several people can be seen standing outside of a restaurant store front. There are two large gray umbrellas visible.,dci
sa_1550162,A bright picture of people in a celebration there is a crowd and buildings in the back ,dci
sa_1550163,Two tall skyscrapers can be seen against a blue sky. There is a row of trees in front of the two buildings.,dci
sa_1550167,A large tan stone three story building with arched windows and a large arched doorway with a wooden double door.  In front of the building is a concrete driveway.,dci
sa_1550168,a woman dressed casually is talking on a phone outside of a souvenir stand. ,dci
sa_1550169,A group of children sitting at long wooden desks eating a meal out of tin plates.  The room kids are in is painted white and green with green window shutters.,dci
sa_1550170,A view of a town center with multiple concrete building with glass windows are seen. There are people walking around the public space. ,dci
sa_1550172,Outside view of a residential area of houses and a paved street. ,dci
sa_1550174,It shows a group of people walking in some sort of parade. The closest people are wearing white shirts and white hats along with jeans. ,dci
sa_1550176,It shows a waterway with many different boats in it. In the background there is a mountain that has many buildings on it close to the shore. ,dci
sa_1550180,There is the front of a building that is cream colored and has black writing on it. There is a window above it and a gray wall underneath it. ,dci
sa_1550183,It shows the ruins of an old building that has gray walls and pink pillars. There are other gray walls that are in disrepair and there are people who are walking around it. ,dci
sa_1550184,Three ducks sit on top of a moss covered roof. The slope of a mountain rises up in the background. ,dci
sa_1550185,A bright day in a parking lot looking at two buildings,dci
sa_1550187,It shows a tile ground with a green pillar on the left side. There are garbage bags to the left and right of the pillar and a rolled up green blanket on the right.,dci
sa_1550190,There are buildings on the perimeter of the image. There is a Christmas tree on the left.,dci
sa_1550191,A very quiet setting on a one way street.,dci
sa_1550192,"A set of stone stairs going down, away fro the camera, with many colorful bushes growing along its side.  In the background of the image are many apartment buildings, and the sky is bright blue on a sunny day.",dci
sa_1550193,A bright day in a type of plaza area a man is painting and trees are in the background ,dci
sa_1550194,"There is a basket on its side with many mushrooms pouring out. There is green grass on the ground, as well as dried leaves.",dci
sa_1550195,A bronze statue of a man in a military uniform on a monument located in a park surrounded by trees. ,dci
sa_1550198,A building is destroyed. There is debris everywhere.,dci
sa_1550199,A photo of a large pile of multiple big natural gas pipes. In the background you can see some leafless trees and rooftops.,dci
sa_1550201,"A group of children play with toys near a standing fan. Behind them, rows of plastic chairs are lined up with people sitting in many of them.",dci
sa_1550203,This is a tall building with glass windows on it.  The camera is looking up at the building.,dci
sa_1550204,A bright day looking into a a street with cars driving away from the photo point,dci
sa_1550205,An old airplane can be seen abandoned in a field. There are many trees seen in the background behind the plane.,dci
sa_1550206,There are several two story houses standing on the top of s small hill.  There is a grassy area at the bottom with many yellow wildflowers.,dci
sa_1550207,"It shows a waterway that has a bridge on the left and a wall to the right. There are many buildings around it, including some tall buildings in the top right. ",dci
sa_1550209,A shot of a crowd full of people in a bright room ,dci
sa_1550211,A blue tram can be seen traveling on a straight track in the street. The street appears to be very busy.,dci
sa_1550212,"A skyscraper with the a blue ""Postbank"" sign towers over a smaller building to its lower left.  The sky in the background is a mixture of white clouds and blue sky.",dci
sa_1550213,A group of men and women wearing traditional costumes are performing a dance in front of a crowd at a festival. A row of buildings are in the background.,dci
sa_1550214,Man in a dark room looking at a map under lamplight. ,dci
sa_1550215,A brick building the underside of the building is visible and dark and the sky is light blue ,dci
sa_1550217,A group of people huddled around an area there are trees in the background bright,dci
sa_1550218,"There is an overhanging that has woven sections alternating with gray beams. There are lights, fake flowers and pinwheels on it. ",dci
sa_1550219,A group of travel trailers on a concrete lot with tall light poles surrounding them.,dci
sa_1550220,People are on motorcycles lined up in a row. ,dci
sa_1550221,A bus driving beside a small black car on a multilane road. ,dci
sa_1550222,This is a person involved in some kind of competition.  The person is wearing a white outfit with a number on the front of it and there is blue smoke obscuring the person a bit.,dci
sa_1550223,A grocery store checkout lane has items on its conveyor belt. There are magazines along the left side of the checkout lane.  ,dci
sa_1550224,It shows people playing a racquet game over a net. The court is green and there are stands in the background with people sitting in them. ,dci
sa_1550225,An open area or plaza with a large triangular/cone like structure with a star on top. There are small fountains throughout the plaza and people are walking around.,dci
sa_1550226,"In this image, we see five lines of sentences in Russian.  The Russian words are in white on a blue and white background. ",dci
sa_1550227,"During a rainy day, people are walking on a bridge which has a statue on it with umbrellas in an European city with grand church building in the back. ",dci
sa_1550228,"A brown building with a sign that says ""WESTIN"" towers over a shorter J.P. Morgan building.  The J. P. Morgan building has many windows on the front and the right sides. ",dci
sa_1550230,A hotel called Mandalay Bay with rocks and palm trees in front of it.,dci
sa_1550231,A large white boat sails through the water under a large bridge. Many buildings are visible on the hills that are located on the far side of the water. ,dci
sa_1550232,There are people walking down a sidewalk at night time.  There is a red stone building to the left of the people.,dci
sa_1550233,It shows a walkway that has a variety of buildings on the right side. There are people walking along the sidewalk. ,dci
sa_1550234,"Two fighter jets are flying above ground. Behind the fighter jets is a grass field filled with trees, houses and a road in the middle.",dci
sa_1550235,A woman in a black jacket and long plaid skirt is posing next to a motorcycle that is parked between two buildings.,dci
sa_1550237,A tripod is out of focus on the left. There are rocks in the background.,dci
sa_1550239,It shows a pile of hard hats. They are mostly white and yellow and have a lot of weathering. ,dci
sa_1550243,The Oscar Niemeyer Museum which looks like a giant eye shaped building on a smaller cubical building outside during a dusk time. ,dci
sa_1550244,"A grey helicopter flying in the air, facing up and to the right.  The picture is taken during the day and the helicopter is flying against a white sky, above and to the right of a green and yellowish-brown tree in the lower-left corner of the picture.",dci
sa_1550245,A scene outdoors of a public space with a cafe in a town center. ,dci
sa_1550246,"City with bright, colorful buildings. There is a walkway with a few people in front of the buildings. ",dci
sa_1550248,A European town that is a tourist trap with a large church at its center. There are lots of people in the area. ,dci
sa_1550250,A domed mauseoleum or chapel in light brown brick with a yellow dome surrounded by trees. ,dci
sa_1550251,It shows a street that curves around that has big buildings on the sides. ,dci
sa_1550253,A bright day in the center of a large city there is a road going left with a tour bus on it,dci
sa_1550254,"It is the inside of a club with people dancing, two people sitting at a table and a dance on a stage on the right.  ",dci
sa_1550255,A large blue boat travels on a body of water with a tugboat by its side. Along the shore a tower rises out of rock and trees line the background.,dci
sa_1550257,It shows a waterway with a dock. There are boats and elaborate buildings in the back such as one with a domed roof. ,dci
sa_1550259,"An empty outdoor stadium where the track is partially covered in snow, being used for cross country skiing. ",dci
sa_1550260,A road under construction with a grey van parked on it. There are two construction vehicles that are yellow and two people in green safety vests on the road. On the left is a domed building and a large palace like building behind it.,dci
sa_1550263,It shows a yellow helicopter flying in the air in front of a big blue sky with clouds and a tree.,dci
sa_1550266,A large statue is in the middle of the image. There is a building on the left.,dci
sa_1550270,The Universal Studio Japan sign is sitting under an arch that has 15th on it and colorful pieces surrounding it. It is during the daytime and there are multiple people on the walkway. There are trees in pots on either side of the sign.,dci
sa_1550271,A double decker bus is parked next to a white truck at an intersection and the urban skiline is in the back.,dci
sa_1550272,An historical stone building with much of it bathed in bright sunlight. A large sign stands in front of an arched entrance which explains the history of the building and behind the sign stands two people talking. The sky has a few puffy clouds dotting a blue sky. ,dci
sa_1550274,Most of the image has dark gray squares with a light gray criss-crossed design on the ground; there are buildings to the back and left and right of the walkway where a lot of people are gathered and walking. The sky is cloudy and there are some green hills on the left.,dci
sa_1550275,"It shows the top of a sign that looks like a tree and has a brown sign that says, ""Evergreen Gables."" There is a smaller sign with an ""M"" below it. ",dci
sa_1550277,It shows a natural green area with a lot of grass and plants. There is a big traditional style building in the middle in the back and more buildings extending to the left. ,dci
sa_1550278,A couple is sitting inside of a bus looking out of the window as it crosses a busy intersection. Another bus is in the background next to a line of buildings.,dci
sa_1550279,A view outside in a town center where a long paved concrete walkway is seen with many people around near storefronts. ,dci
sa_1550280,"""An interior of a store with people looking on the notebooks on display on one of the aisle of the store. Signages with prices, as well as the ceiling with reflective mirrors are also seen in the photo.",dci
sa_1550281,"A man is sitting next to trailers parked on an outdoor market in a Mideast country, behind him is a food stand and people are wandering on the street. ",dci
sa_1550282,This is a walkway between two sets of buildings.  Vendors are set up under covered areas near the buildings.,dci
sa_1550284,Rows of old attached multi-story buildings line both sides of a grey brick street. A group of people are walking down the street. ,dci
sa_1550285,People are walking down a stone walkway between buildings.,dci
sa_1550287,It is daytime and people are walking in the street with primarily white flat top buildings on either side. There are hills in the background as well as a monorail in the skyline.,dci
sa_1550289,"The image is a view of a street with buildings along the street, and lights hung up between the building down the street.  A bus is blurred on the right end of image. ",dci
sa_1550290,a white wall is covered with colorful graffiti ,dci
sa_1550292,This is a view of the top of a tall multi-story hotel building. It is black and grey and has a large green Holiday Inn sign on the top.,dci
sa_1550298,A group of people who are each carrying baskets are picking something from green plants located in a field.  ,dci
sa_1550299,Two market stands selling flowers in a public park.,dci
sa_1550301,Several people can be seen standing in front of a preacher wearing a long gray robe. There are trees in the background.,dci
sa_1550302,Two women wearing plastic devil horns on their head posing for a picture.,dci
sa_1550303,A cup of iced coffee in a black cup from Burger King,dci
sa_1550306,A bright day overlooking a plaza filled with people ,dci
sa_1550309,A close up of a crowd of people on a street ,dci
sa_1550311,Sunset over a river there are building in the background,dci
sa_1550313,"A black car with yellow trim around the wheels, parked on a cement driveway with white lines around it.  There is a crowd in the background.",dci
sa_1550315,"It shows a small bowl that has white beans in it, and then a lot of beans and nuts on a cloth around it. ",dci
sa_1550316,"It shows a body of water with many white birds in it. There is a gray fence that goes around it, with many people around it, and buildings and trees in the background. ",dci
sa_1550317,A night scene of a street with traffic moving along one side and military personnel standing on the sidewalk to the right.  There are skyscrapers in the background.,dci
sa_1550318,Two fish heads on a table that is smeared with blood,dci
sa_1550319,The inside of an old stone building has arches in it.,dci
sa_1550320,Four young women walking on a downtown street,dci
sa_1550321,"It shows a large brown brick building with many windows going across it. There is a tile floor on the ground, as well as some orange cones and a few vehicles.",dci
sa_1550322,Two large buildings are connected by two stone ledges.,dci
sa_1550323,It shows the side of a blue plane. It has dark writing at the top. ,dci
sa_1550325,It shows two big tan buildings with windows all around them and slanted gray roofs. There is a small yellow plane going up in front of them. ,dci
sa_1550328,"It shows a blue sign that has curved sides and white writing on it, and there is a smaller red sign on top of that. There is blue sky and trees behind it. ",dci
sa_1550329,It shows signs that are above a store as well as the side of the building with writing on it. ,dci
sa_1550331,Boats line up along a dockside while tall cranes rise below a cloudy sky with shades of pink.,dci
sa_1550335,There are many fruits and vegetables on display for purchase.,dci
sa_1550339,The entrance to a building it is mostly glass,dci
sa_1550343,"This is a mechanical airport luggage pickup carousel, with a crowd of people standing around waiting for it to start up and bring them their bags.",dci
sa_1550344,An item containing Coca Cola bottles. The crate or container it is in is red and has white writing on it.,dci
sa_1550345,"A key cutter wearing a fur hat is standing to his stand outside in the winter, there are other people hanging out as well. ",dci
sa_1550347,A bright day in the center of a large building outside is visible with cars parked,dci
sa_1550348,A statue of a horse in a rearing stance with a male rider is featured in the photo. A blue sky with clouds appear in the background along with a yellow house and leaves of trees.,dci
sa_1550349,It shows a streetcar that is blue and red and is in a very snowy area. There are poles and wires all around it and a building in the background. ,dci
sa_1550350,An extremely large white sitting Buddha statue dressed in ornate golden clothing.,dci
sa_1550352,The inside of a train car. People sit on the train's seats.,dci
sa_1550355,Two women sitting inside some type of traveling vehicle.,dci
sa_1550356,A close up view of a building looking up at it,dci
sa_1550357,"Two people looking at a kiosk that is full of clothing, toys and other items for sale",dci
sa_1550360,Three chefs wearing black t-shirts are preparing food in a kitchen.,dci
sa_1550361,Packages of cheese are on display.,dci
sa_1550363,"A large red, gray and white hotel",dci
sa_1550364,A brown grasshopper is situated on a dirt ground.  Green grass can be seen in the background.,dci
sa_1550365,The image depicts multiple large ships parked at the edge of a sandy island with very clear bright blue and green water surrounding it and rows of people sitting under umbrellas. ,dci
sa_1550367,"Person wearing a orange vest, and yellow hat on a bicycle they're holding up two fingers. Behind them is a person in a multicolor shirt walk wing their bike.",dci
sa_1550368,"It shows a street that has buildings on the opposite side as well cars, streetlights and lamps. ",dci
sa_1550372,"The heads of a group of people can be seen looking up at the ornate, decorated long hallway ceiling of an art museum.",dci
sa_1550373,"A view of a downtown city, with various skyscrapers and buildings stretching for miles.",dci
sa_1550375,A picture of a green landscape with houses and mountains seen in the distance.,dci
sa_1550376,A close up of multiple stalls selling food,dci
sa_1550377,A man with a carnival mask and golden clothing poses for the camera. People are in the background with a tall building with archways in the background.,dci
sa_1550378,"Several panels that are located on the underside of a train carriage can be seen. Two of the wheels of the carriage, and train tracks, are also visible. ",dci
sa_1550380,Notice board with maps and advisories in front of a hill with the sun shining on it.,dci
sa_1550382,A dirty street in a third world country filled with people and shops.,dci
sa_1550383,A large group of people are walking on a raised grey tile walk path with a clear railing. Tall skyscrapers are in the background and the sky is a light blue and mostly cloudy.,dci
sa_1550384,There are six people in shallow water picking plants out of the water.,dci
sa_1550386,"A tall, light gray skyscraper building can be seen. It has a row of windows on the side of the building.",dci
sa_1550387,Several large dark gray-colored stone statues can be seen standing on the top of a concrete structure. A large tree top can be seen in the foreground. ,dci
sa_1550391,"A woman in a white dress is swimming and submerged on a body of water, that looks to be a swimming pool. Sun rays that are reflecting on the woman and the bottom of the swimming pool indicate that it's daytime. ",dci
sa_1550392,A guard who is wearing a blue uniform is sanding in front of a guard post. There is a statue in the background. ,dci
sa_1550394,An overhead shot of a large city with a very large building on the right side of it,dci
sa_1550396,A man skateboarding in front of a gold building,dci
sa_1550397,"The logo of Banco Bradesco, which is a financial company in Brazil on a red tile wall which is part of a white wall outside in a sunny day.",dci
sa_1550398,a green military vehicle driving on a blacktop road near two white buildings. ,dci
sa_1550404,A suited up man holding a microphone is standing in front of a wall plastered with posters of band members in silhouette style. ,dci
sa_1550406,A busy street can be seen. There are several buildings with store fronts on the left side of the image.,dci
sa_1550407,"Three people sitting on a log, bridging across a creek.",dci
sa_1550408,Several trucks parked or driving on a street in a slum in a South Asian country. ,dci
sa_1550409,A bright day in a staircase leading down to a street buildings on both sides. ,dci
sa_1550411,A view of a city with buildings on the outskirts and boats seen being driven across the water with some docked. ,dci
sa_1550413,A street can be seen in the evening. There are many buildings visible on both sides of the street.,dci
sa_1550416,A view outside near a public street on a concrete tiled walkway where a pair of electric scooters are parked near a tree. ,dci
sa_1550419,"There are a bunch of people in a plaza who are holding signs and seem to be at a protest. They are outside, and there is a building on the right and trees on the left. ",dci
sa_1550420,A man in a military outfit sitting on top of a grey horse that is standing on green grass.  In the background is a forest and people dressed up in military costumes.,dci
sa_1550421,There is an ariel view of many tents that are different colors and that are in rows. In the background there is a cityscape that shows many large buildings. ,dci
sa_1550422,There are many wheels of cheese sitting on mats on the concrete ground in front of a street filled with shops.,dci
sa_1550423,A street intersection with a van driving away from the intersection.  A row of buildings is lining the left-side street.,dci
sa_1550424,A close up of an apple iPad screen turning on. A man's left hand holds the black iPad.,dci
sa_1550425,Man in a turban and sweater leaning on a metal pole behind the man is a large white building with gold tops. To the right is a group of people under a tent that has a gold top.,dci
sa_1550426,The side of a rocky hill with greenery and shrubs scattered throughout.,dci
sa_1550428,It shows a gray-haired man wearing black who is sitting in a chair and holding a microphone. ,dci
sa_1550429,"The top section of a hospital building. The words ""St. Thomas' Hospital"" are written in black letters across the very top of the building.",dci
sa_1550430,"There are a group of people is blue matching shirts riding on bikes. Most of them have pink sleeves under them and white helmets, and there are trees and buildings in the background. ",dci
sa_1550431,A large building can be seen with many people walking around in front of it.  The building is very long.,dci
sa_1550433,A crowd of people walking together carrying their flag.,dci
sa_1550436,Woman in a blue vest cutting the hair of a woman with a purple cover over her. The floor is tile and the wall is yellow with two mirrors and plants in two separate white pots.,dci
sa_1550437,Three stucco buildings under a bright blue sky,dci
sa_1550439,A wall mounted sign of a black cross that says farmacia above a red awning saying the same. ,dci
sa_1550440,"A ground level view looking up at a red, green, and gold colored European church with domed tops and pillars.",dci
sa_1550441,Packets of ramen are stacked together.,dci
sa_1550450,A bright day in a hill and forest area with two people there,dci
sa_1550451,Altar area in the interior of a stone church with three stained glass windows and a painting behind it. There are two other paintings to the sides of the altar and two doorway areas blocked off by black and gold iron bars.,dci
sa_1550453,A weathered brick wall with two rows of rectangular openings,dci
sa_1550454,A group of women wearing white or pink dresses are standing a long a road and one is holding a flag.,dci
sa_1550455,A gray stone bust on a red pedestal,dci
sa_1550461,It shows a very large indoor area with 3 little cars on the left as well as a deflated bounce house. There are 3 chairs on the right and a wood structure on the left.,dci
sa_1550462,A bright ay in a yard or farm area there is a pig lying down,dci
sa_1550463,Tall four-story stucco buildings lining the side of a street,dci
sa_1550464,A plaza area with a bright blue sky and birds above,dci
sa_1550465,"A person in a hazmat suit is seen leaving a blue train. A security guard is behind him, with other people visible further down the train station.",dci
sa_1550466,People are outside looking at plants and one person is taking pictures of rows of sunflowers that are on the bottom of image. ,dci
sa_1550467,Two vehicles can be seen driving side by side. The vehicles can be seen driving through water on a street.,dci
sa_1550468,There is a big waterway that has a boat going across in the foreground and a large bridge going across in the background. There are more boats on the water and a large hill on the right side that has trees and buildings on it. ,dci
sa_1550469,A three story beige mansion under a blue sky with a square in front of it.,dci
sa_1550470,It shows the water flowing against the shore and making a lot of waves. There is a pathway that comes out over the water that is shaped like an anchor.,dci
sa_1550473,A group of children are sitting in the back of a convertible car. There are buildings and vehicles in the background.  ,dci
sa_1550474,It shows a pink purse that has a Louis Vuitton logo in the middle and a gold chain hanging down. It is on a brown Louis Vuitton box that has a blue ribbon around it and there are other boxes all around it. ,dci
sa_1550475,A marina with sailboats and cruisers tied up,dci
sa_1550478,There is a white pillar that is coming up on the side of a building. The roof and upper wall of the building is visible and against a cloudy gray sky. ,dci
sa_1550479,The back of a truck is in the middle of the image. There are chairs and tables on either side.,dci
sa_1550481,There are people spread out across a rocky area that has water going down it. Trees can be seen across the background. ,dci
sa_1550483,The photo depicts a statue of a man sitting holding a stringed instrument.,dci
sa_1550484,An aerial view of people lounging on a patio dock on water with furniture present. ,dci
sa_1550488,A scene outside of an outdoor curbside market where people are selling clothing and other accessories. ,dci
sa_1550492,A shining razor blade with its brand name and the country where it is produced is placed on a black surface with its paper wrapper. ,dci
sa_1550493,"It shows a waterway that goes down and curves with walls that border it on both sides. There is a building on the left, followed by trees and more buildings and trees on the right, including a tower.",dci
sa_1550494,A road can be seen with red and white lights of moving cars streaking across it. There are several buildings in the background. ,dci
sa_1550496,A young girl wearing a graduation gown is waving her hand in front of a sign.,dci
sa_1550498,A man stands in front of a red backdrop.,dci
sa_1550500,A man and a woman are walking towards a KFC restaurant in the background of the image. The edge of a pizza restaurant is on the right side of the image behind a black vehicle.,dci
sa_1550501,People holding a gold bowl and standing in front of a chain link fence,dci
sa_1550502,Dozens of pavilion boats are parked on a shoal with yellow leaved trees in the background. ,dci
sa_1550504,Two men are inside of a store that has many different colored string lights within it. ,dci
sa_1550505,A large white sign is in the middle of a pile of rocks.,dci
sa_1550507,A crowd of people marching in side of and to the right of a street ,dci
sa_1550509,A scene outside in the evening of a shopping district with many people walking around on a paved public space.,dci
sa_1550511,A black gear shift with indicator lights on the top of it.,dci
sa_1550512,A view of a person riding on a brown horse in the middle of a very lush area of plants and trees growing around. ,dci
sa_1550513,"There is a huge mountain the background under a clear sky, and in the middle there is a construction worker climbing a crane tower.",dci
sa_1550514,A bright day in the center of a street area filled with people,dci
sa_1550515,A close up of a crate of bottles,dci
sa_1550516,A group of people surrounding a flame and propane ,dci
sa_1550517,A large statue of a man can be seen. A slightly pointed white building is visible in the background.,dci
sa_1550519,"A big white building is on a short hill in the image, it is nighttime and there is a big tree on the left side of the image. ",dci
sa_1550522,"Two sides of tall buildings are next to each other, with one having hexagon shaped windows and walls, and the other having blocky walls that have different shades of white and gray. The buildings is taken at a diagonal angle, where a small gap between the building is seen around the center of the photo.",dci
sa_1550523,A bunch of cars parked beside a white fence with a blue wall behind it.,dci
sa_1550527,a large statue of Buddha lit from below next to a large temple to the right of the statue,dci
sa_1550530,It shows an ornate statue of three people on a ledge that slants up at both sides. There is a triangular section under them and a curving piece over them with more carvings.,dci
sa_1550531,"This is a picture of a beach. In the foreground, from the bottom left corner rising to the right is an engineered stone wall constructed of concrete square blocks. Behind that is the ocean that goes up to the beach. In the background of the beach are several buildings, some of them are quite tall, intermixed with a ton of trees. The far, far background has a few mountains in the background. In the sky are a few clouds, with a hazy white color over the clouds that transitions up to a bright blue color.",dci
sa_1550532,"A round wooden sign with the logo of a goat head and the name, COSA VOSTRA PIZZERIA & RISTORANTE is prominently in the front.  There are buildings on both sides of the scene.",dci
sa_1550533,Three lanes of vehicles stopped at a traffic signal,dci
sa_1550534,A colorful truck with a large open back,dci
sa_1550535,"A small ferry boat on with the name, MISSISSIPPI, at the top front.  There is a bridge and city in the background.",dci
sa_1550536,"This is the roof of a church. It's taken from the viewpoint that someone was laying on the floor looking up to the ceiling. On the right and left are mirrored images of stained glass windows. with four stone pillars coming from the ceiling down to the four corners of the image. The ceiling has an intricate structure, with different arches between the pillars in the middle and the pillars around the outside of the building and next in line in the center. The bottom features a wooden structure in the middle. The top right and left have golden structures to the sides and the left side has a wooden railing.",dci
sa_1550537,A handful of people on small boats on the water,dci
sa_1550538,A portrait of a family smiling in front of a gray background,dci
sa_1550539,People on a boat out in the water looks at a large group of lights on the shore.  Mountains can be seen in the background. ,dci
sa_1550541,An urban landscape shoes a large building next to several sets of train tracks. A skyscraper and other buildings are in the background. ,dci
sa_1550543,A very densely packed beach on a bright sunny day.,dci
sa_1550544,A close up of a dark brown door with silver handles and locks on it ,dci
sa_1550546,A medium-sized boat floats in the ocean beneath a rocky hill.  The hill is most covered with rocks but there are also green bushes.,dci
sa_1550547,This shows two potted plants sitting in a thin long garden bed between a sidewalk and a wooden fence.,dci
sa_1550548,People getting into a long train the station is dark gray ,dci
sa_1550549,A type of festival area there are people playing drums,dci
sa_1550550,An Asian style building with dramatic sweeping roof in front of a lake with mountains in the background,dci
sa_1550552,An old looking building with thick columns on its front and windows on its front. Before it is a sidewalk and cut grass under a blue sky.,dci
sa_1550553,Two toasted sandwiches on a butcher block. ,dci
sa_1550555,"Under a blue sky in the evening, a small cobblestone road lies between old buildings built on its both sides. ",dci
sa_1550556,A group of candy bars laying in a pile. The easiest one to see is the Hershey's bar. The other one that is close is a Take 5 candy bar.,dci
sa_1550557,A group of people watching a woman rolling a barrel in a street,dci
sa_1550558,"The front of a building can be seen. The building is beige with tan trim, a black balcony and a black front door.",dci
sa_1550559,White and yellow buildings on a European street.,dci
sa_1550560,A soccer team posing for a photo in the middle of the field.,dci
sa_1550561,A large green statue is in the middle of the image. There are buildings and trees in the background.,dci
sa_1550562,A man walks down a street with a row of buildings and houses painted in pastel colors. Other people are sitting outside of a restaurant. ,dci
sa_1550563,A large tan colored four story building is behind a grey concrete and green metal fence. A parking lots with a line of cars is between the building and the fence.,dci
sa_1550564,A train arriving at the station,dci
sa_1550565,Blancpain website page with a depiction of a forest on fire under the top black bar on the page. There is a magnifying glass enhancing the main title of the website and the top of the browser used can be seen over the webpage.,dci
sa_1550566,A jet that is on display inside of a park area ,dci
sa_1550567,A sign about the American Missionaries to the Sandwich Islands,dci
sa_1550569,A ground view of a large grey metal bridge on an overcast day with large buildings in the background.,dci
sa_1550570,"The front of a building can be seen. There are two floors visible, with many arched designs on the front.",dci
sa_1550571,People are seated in outdoor tables of what appears to be a restaurant. Buildings are visible in the background. ,dci
sa_1550572,A close up look of a shop with a man in front of it and there is another opening on the left,dci
sa_1550573,A wet street has some cars driving on it. There are buildings on the left and in the background.,dci
sa_1550574,People holding different flags marching down a broad street ,dci
sa_1550575,A very bright type of lobby for a building large and a dark brown wooden ceiling as well,dci
sa_1550576,A close up of a small statue the area around is bright,dci
sa_1550578,"On the left side of a pond surrounded by forests, there are some Japanese pavilions and a torii building. ",dci
sa_1550579,brown flood waters pour through a channel between two rows of dilapidated houses. ,dci
sa_1550580,A yard sale or rummage sales with bicycles and clothes on offer.,dci
sa_1550581,A close up of a large building with some others on the sides as well,dci
sa_1550583,A large group of people are standing around a beach while ocean waves nake their way to the beach.  There are numerous umbrellas on the beach. ,dci
sa_1550584,This is a very colorful and elaborately decorated roof of a temple.,dci
sa_1550585,"Temple ruins, within and below a grassy area, with many floors and people walking about them. There are pillars and stone stairs within the temple and the over area is rectangular with many trees about the background in the day. ",dci
sa_1550586,A person rides a bike on the street while a woman pushes a stroller and another woman stands on a nearby sidewalk. A building stands on the street corner with an open airs section at front.,dci
sa_1550587,A bright day center of a type of plaza festival area there are two girls posing with cartoon characters,dci
sa_1550590,"This is an artist easel and chair.  It is in a portrait booth at an outdoor market, the drawing on the board is of a young boy and girl. ",dci
sa_1550591,A laptop has been placed on the floor and it is surrounded by holiday decorations. There is a woman sitting on the floor next to the laptop. ,dci
sa_1550593,Here is a scene of a large outdoor layered water fountain within a public park. ,dci
sa_1550595,This is a painting of angels and men fighting inside of a large golden temple.,dci
sa_1550596,It shows a building that has signs and glass windows that show the inside. There is another building in the distance. ,dci
sa_1550599,A small yellow watch tower sits on the top of a mountain with a sunny bright blue sky behind it.,dci
sa_1550600,"A man is sitting at a table with a lot of microphones in front of him, a flag is behind him on the wall and he has a blue suit jacket on with a black shirt underneath. ",dci
sa_1550602,"Multi-Triangular steel structure over white pillars, with people walking down the stairs inside of it, over a flat field on a cloudy day. There are two circular platforms inside the structure and  multiple vehicles and people underneath it.",dci
sa_1550606,A boat can be seen being towed by a tractor out of a body of water. There is a city in the background.,dci
sa_1550607,A crowd of people in front of a building and statue.,dci
sa_1550608,"A large group of people are walking across a city street. There are buildings, trees, and cars visible in the background. ",dci
sa_1550610,A river has the sun rays reflecting off of it to the left is a stone wall with building above it. In the distance a bridge can bee seen with trees on both sides the sky is bright blue with fluffy white clouds.,dci
sa_1550614,Marathoners joyfully posing for a photo.,dci
sa_1550615,The head and left shoulder of a gold statue,dci
sa_1550616,A close up of a long white stamp,dci
sa_1550619,"A large white and blue ship is docked at a long pier at sunset with large multi-story buildings in the background. The sky is orange, yellow, and blue and the water is dark and calm.",dci
sa_1550620,The driver's console of a 6-speed BMW car with a silver and black interior and leather seats.,dci
sa_1550621,Two people are combing through a surface that is completely covered by small rocks. There are two circular containers on the ground in front of the people.  ,dci
sa_1550622,A smaller scale replica building sits underneath a background of tall trees and blue sky. The building has a blue dome and at least six golden spires.,dci
sa_1550624,A bright day  there is hedges on the right and left of the center pathway,dci
sa_1550625,A city area with shoppers and pedestrians. A background of a hill with residential homes. ,dci
sa_1550629,A road that looks barricaded by signs and small gates. There's a building on the left and right side of the picture. It's daytime in this picture.,dci
sa_1550630,"It shows a woman in a black jacket walking across a crosswalk. There is a long street behind her, with trees on both sides. ",dci
sa_1550637,Seven construction vehicles seen on a plot of dark and red clay colored dirt land. ,dci
sa_1550638,A rectangular package for a pharmaceutical product has been placed on a white surface. ,dci
sa_1550639,People are walking on a dock and behind them is a group of white boats.,dci
sa_1550640,"This is an open air island market selling pineapples, sugar cane and bananas from the backs of two wheeled trailers.   There are people selling and inspecting the fruits.",dci
sa_1550642,"This is an architectural art installation. In front of a blue single story building on the left, which includes vertical and horizontal dark bluish purple beams and a circular window or viewport in the top center, and a steel rolling door in the middle bottom. The architectural art is a bunch of storage containers, red, in a figure eight diagram. The ground includes multiple colors in diagonal lines from the left to the top right. The background of the art is a construction site or some sort of construction fencing with a building off to the right in the background. The sky is grey and cloudless.",dci
sa_1550643,Two geared up firefighters are standing on a fire ladder with a white residential building in the back.,dci
sa_1550646,Pedicabs lined up in front of a building,dci
sa_1550647,A low angled shot of the ruins of Roman or Greek columns with a bright but cloudy sky.,dci
sa_1550650,A group of young girls wearing green velvet dresses with white fur and white ear muffs are dancing down a street during a parade on a bright sunny day.,dci
sa_1550652,A long canal filled with water can be seen beside a large brown building. There is snow on the ground beside the canal.,dci
sa_1550653,A man wearing a red tank top is leaning on a red bike in a filed with tall yellow flowers. ,dci
sa_1550654,The side of a white four-door car,dci
sa_1550655,A large crowd of people are walking along the sidewalks and in front of St. Peter's cathedral on the back center of the image on a bright sunny day. ,dci
sa_1550656,A large plaza are bright blue sky above,dci
sa_1550657,A statue of a shoe shiner by a bench next to a building.,dci
sa_1550658,"The top of a building is visible in the middle of a landscape full of trees, bushes and dirt.  There are goats behind the building and a hut is at the left edge of image.  ",dci
sa_1550659,A view of the Sydney Opera house on a sunny day surrounded by water on the front and sides and green landscape behind it. Large buildings in the city are in the far background.,dci
sa_1550660,A black and white photo of a close up of a sculpture,dci
sa_1550661,Hundreds of people are gathering around for a pool party at night. They are watching a on stage show near the pool.,dci
sa_1550662,A close of up of some bells hanging from a ceiling there is a bright orange building around,dci
sa_1550663,Large skyscrapers surround a dark body of water at night. Colorful bright lights are shining throughout the image.,dci
sa_1550665,A person in a camouflage military uniform with a black vest and helmet.  The person is holding a gun.,dci
sa_1550666,A close up of a movie poster on a white wall,dci
sa_1550670,A large group of protesters are gathered close together near tall buildings in a city.,dci
sa_1550671,A crowd of people there are signs held up on small sticks,dci
sa_1550672,Inside of a tall building there is a large section of frame on it and the walls on the right high are bright as well,dci
sa_1550673,A large red bucket shaped KFC restaurant sign is on the top of a tall round black pole with two horizontal rectangle shaped red signs just beneath the bucket shaped sign. The sky is light blue and mostly cloudy.,dci
sa_1550674,A long pathway with a small river area on the right and a bridge in the center,dci
sa_1550677,A bright day overlooking a river and building on the right side,dci
sa_1550678,A group of sailboats sailing in choppy waters near a bridge. ,dci
sa_1550680,"an orange excavator on a large pile of gray rocks in front of two homes, one white and one blue. ",dci
sa_1550681,A view of a website on a web browser on a computer is seen in blue.,dci
sa_1550682,A balloon with a message hangs over a row of images.,dci
sa_1550683,A scene outside with a view of a passing lagoon where houses border along the shore with people lounging.,dci
sa_1550684,A man appears under a canopy in a storefront selling a variety of herbs and spices in separate containers. ,dci
sa_1550685,"Tourist merchandise is hanging on a wall on display for people to buy. There are shirts on the left, magnets in the middle, and various objects on the right.",dci
sa_1550686,The shows a gray jet flying through the blue sky. ,dci
sa_1550688,There are three women wearing traditional clothing in an area filled with brown plants. ,dci
sa_1550689,"A building with the lit up sign, LUMINE EST on the front.  Below the sign is a row of windows and another sign with the text, Shinjuku Station.",dci
sa_1550690,"It shows a large field that is mostly brown with some green at the front. There are bushes and trees on the left side, as well as far back on the right, and a blue sky with white clouds up above.",dci
sa_1550691,"There are soldiers that are in a trench, with gray dirt all around them.",dci
sa_1550692,It shows the corner of an ornate cream-colored building with a lot of domed roofs and towers.,dci
sa_1550693,"Picture is of streetcar on an elevated platform, with a busy streetscape below. There are a lot of people around the edge of the below roundabout, with cars everywhere.",dci
sa_1550695,Man in a red kayak holding a oar going through the rapids.  ,dci
sa_1550696,A colosseum that is slightly crumbling.  There is a street in front of the colosseum with people walking and and a camel being ridden.,dci
sa_1550697,A curved open hallway with stone floors and a wooden roof. ,dci
sa_1550699,A beige and brown three story building with a brown tower on the top is on the center of the image with a street curving past it. Large trees are on each side of the street.,dci
sa_1550700,"Some children playing around a fountain in a square during the day.  Behind the fountain is a street with some trees lining it, and behind that some large stone buildings, one with large round columns in front of it.",dci
sa_1550701,Front two seats of a car with a grey interior and some dirt or leaves on the floorboard of the driver's side on the left,dci
sa_1550702,This is a memorial. It's a dark brown stone with carved in lettering. The top is a rough stone texture with a orange colored wall in the background and snow on the ground.,dci
sa_1550703,A shot of a very large building path at night,dci
sa_1550704,A birds eye view of a curved beach in front of a large dark blue ocean with a large city on the right side of the image. Mountains are visible in the far background.,dci
sa_1550705,This is a photo of an outdoor pickleball court. Four older men with blurred faces play pickleball doubles.,dci
sa_1550707,An ornate pink and white neoclassical building with grand entry staircase.,dci
sa_1550708,A close up of two statues and the sky above,dci
sa_1550709,A man and a woman are sitting on a bench under a metal roof at a train station. Buildings and green plants are behind a fence in the background on the left.,dci
sa_1550710,"A small kiosk in a concourse advertises Samsung and shows a television broadcasting. A fountain is surrounded by plants behind and the long, two-floor concourse runs into the background.",dci
sa_1550711,"In this image, we see a stack of $100 bills in an envelope.  There is a ""VK"" symbol and a smartphone that sits on top of the money. ",dci
sa_1550712,A shot overlooking a river with building son both sides the sky above is light blue,dci
sa_1550718,an historic palace with a dome roof with golden accents is visible along a body of water. ,dci
sa_1550722,A bronze statue of a religious figure holding a pastoral staff on a tall base in a cloudy day near a river. ,dci
sa_1550727,"Two buddhist monks, one with his head on a desk.",dci
sa_1550728,A town can be seen going across the background. There is a mountain in the distant background. ,dci
sa_1550730,A wooden bridge runs vertically down the picture through a body of water at night.,dci
sa_1550731,A tower in the distance behind a row of trees,dci
sa_1550732,One green cable car is riding toward the camera from the right background on an uphill street in a city.,dci
sa_1550733,A close up of a building there is a street and sidewalk there as well,dci
sa_1550734,Many yellow citrus fruits are piled together.,dci
sa_1550736,"A vibrant, and vintage-style clown dispenser with bouncy balls.",dci
sa_1550738,A scene of people walking outside on the campus of a college campus with a large red brick and stone building in view. ,dci
sa_1550740,"There are branches with many green leaves going in different directions. They are long leaves that have a lot of tiny, thin spikes on them. ",dci
sa_1550742,A collection of skyscrapers are on the shore. There is an orange ship near the dock. ,dci
sa_1550743,A open room with tall ceilings and a staircase that rises up the back wall. Sofas and chairs ring around tables on the floor below a unique lighting fixture.,dci
sa_1550744,an antique fighter plane is parked in front of a hangar on the tarmac. ,dci
sa_1550745,A clock tower sits near some a small set of stairs. Several buildings are visible in the background. ,dci
sa_1550746,A bright blue clear sky and buildings down below there are streaming going all across the buildings as well,dci
sa_1550747,A town sitting under a cloudy sky.,dci
sa_1550749,One white airplane parked on a runway between lawns during a cloudy day. ,dci
sa_1550750,"A group of three children are sitting on a floor. There is one child who is close to the camera, while the other two children are in the background.   ",dci
sa_1550752,A high energy concert looking into the crowd from the stage.,dci
sa_1550753,"This is a photo of the stone walls of an old fortress overlooking a quay with multiple yachts, fishing boats and fishermen's nets.",dci
sa_1550755,"People in, and at the edge of, the water next to a rocky beach.  Behind the beach, colorful homes are built on the side of a hill climbing up into the background of the image.",dci
sa_1550757,"A dark outdoor scene of a large lit up temple stage, with performers, and a large crowd.",dci
sa_1550759,There are stalls lining the right side of the street. There are buildings on either side of the street.,dci
sa_1550760,"It shows the front of a red boat on a large expanse of water. There are long boats in front of it that have people in them, and a grassy shore beyond that. ",dci
sa_1550761,A white cruise ship is docked at a dock. There is a concrete and stone pavement on the left side and a body of water on the right side of the foreground.,dci
sa_1550762,A futuristic building with lots of balconies,dci
sa_1550764,Beach photographed from above. There is a sand volleyball court on the beach and cabanas with lounge chairs. ,dci
sa_1550765,"It shows a big ornate brown building. It is made of blocks and has a clock at the top, as well as an open area and an ornate two-layered roof. ",dci
sa_1550766,A large battleship riding from right to left following a small patrol ship in front with buildings in the background. ,dci
sa_1550771,the front view of a dilapidated two story building is seen through a large tree and it's sprawling branches. ,dci
sa_1550773,A Lufthansa Regional jet ascending against the blue sky.,dci
sa_1550774,A cloudy day looking at three towers ,dci
sa_1550776,A fluffy white dog stands on an area paved with gray stones. A person's feet are visible to the dog's left. ,dci
sa_1550778,"The top of a building with small tiled sections on its roof and an antenna rising from it at left. In a foggy background, white building sit on the ground under a tall mountain.",dci
sa_1550779,Two old fashioned analog gas pumps,dci
sa_1550783,Busy city street with many people walking biking around. The street has buildings on both sides. Vehicles can be seen on both the left and right.,dci
sa_1550784,A lateral view of a row of stone chinese warriors with two very large ones in the center. The statues are in a courtyard and are gray and sitting on a red brick retaining wall.,dci
sa_1550785,"Two men pushing a cart with fruits on top of it, through a city, on top of a brick street.  Behind them are some people and a row of cars parked in front of a building.",dci
sa_1550786,A shot of two large castles in the background water close and a boat,dci
sa_1550787,People are walking in front of a historic brown stone castle on the left side of the image. The brown brick street is covered in shadows with the sun shining on a small section near the center of the of the castle.,dci
sa_1550792,A close up of a row of three buildings and a street in front of ti,dci
sa_1550794,"It shows an ornate church with two towers on the sides. There are smaller buildings right next to it, and a street in the front with cars. ",dci
sa_1550797,The front of an airport with a sign in Cyrillic characters and a row of international flags in front. The picture is from dusk and the sky is a deep blue.,dci
sa_1550799,People are standing in the street. The person in the middle is holding a sign.,dci
sa_1550800,a man is seated while another man fashions a red and white hat made of clothes on his head. ,dci
sa_1550802,A large white building has a lake in front of it and buildings on the sides.,dci
sa_1550804,A very tall and very ornately carved concrete building has windows on each story.,dci
sa_1550805,A manhole takes up most of the image. There is a wall in the background.,dci
sa_1550808,A sign for a beauty studio hangs over its entrance. The back wall of the store is lined with advertisements and shelves of product and people stand among two islands of products on shelving.,dci
sa_1550809,A bright day looking to two large buildings with domes on them and two horses and two rickshaws or wagons on them.,dci
sa_1550810,A large city at the base of some hills,dci
sa_1550812,A young girl with two toys. An orange robot in her lap and a blue robot next to her. ,dci
sa_1550813,A green jeep is in the middle of the image. There is a person in uniform standing beside it. ,dci
sa_1550814,"There are several buildings in the background that have colorful lights on their sides. A highway that has cars speeding along it, leaving lines of red and white light, is also visible.  ",dci
sa_1550815,"There are multiple boats in the water next to some buildings in the background during a clear day. A large boats with 3 large structures for sails is in the middle. To the right, there is green vegetation.",dci
sa_1550816,A young boy can be seen walking barefoot on a large area of dirt. He is carrying a large yellow container.,dci
sa_1550818,a red coffee maker is located on a crowded restaurant counter. there are sauce bottles and espresso beans to the right of it. ,dci
sa_1550820,The Stanley Cup on a white pedestal,dci
sa_1550823,Two teams playing soccer in a enclosed park of bright green grass. One team is in blue the other in black the referee is in a green shirt with black shorts.,dci
sa_1550824,This shows a large stone building with a high arch as an entrance and two tall spires on the left and right.,dci
sa_1550825,"A white airplane with its nose pointing to the right is parked on gray tarmac with some gray lines on it. The sky is a bright blue and very clear. The plane has horizontal green and blue stripes on it, and there are a few trees in the background.",dci
sa_1550826,A black and white photo of a city that is on the water there is some windmills as well,dci
sa_1550831,Two colorful city buses are driving one in front of the other on a city street.,dci
sa_1550833,The front of a red and white car,dci
sa_1550834,A building on a boat there is a lot of grass and trees in the background,dci
sa_1550836,a large mixing bowl full of batter for baking some kind of baked good. ,dci
sa_1550837,A heavily rusted machine is in the middle of the image. There is text at the bottom of it. ,dci
sa_1550838,A man looks at clothes hung up from an outdoor clothing stall.,dci
sa_1550845,A woman standing while others are seated to her right,dci
sa_1550846,An open area that looks like a large canyon. It's bright outside and a person is posing on the right side of the upper area.,dci
sa_1550847,There is a man wearing a black beanie and a red jacket carries a large delivery bag stands next to a bike near a river in a morning in the winter time.,dci
sa_1550848,A green old style tank is located on a dire filed inside a lawn with a red building in the back.,dci
sa_1550853,A river it is dark and wide and on the other side of it there is a city filled with large buildings ,dci
sa_1550854,Two shiny round white passenger scanners are two the right of a table with a black tray on it that is used to scan items. ,dci
sa_1550855,A shot of a bunch of people playing soccer on an outdoor field area.,dci
sa_1550862,Numerous people can be seen seated at long tables. There are several buildings and trees visible in the background.,dci
sa_1550867,A walkway that leads to a square tower people on it the sky is blue,dci
sa_1550869,A bright day above light blue and very bright as well the sea below is bright blue and there is sand on the beach ,dci
sa_1550870,A close up of the top section of a building and the sky above blue,dci
sa_1550872,It shows a building with rows of windows going across it that have red around them. There is a garden in front of it with a lot of different types of colorful flowers. ,dci
sa_1550873,A close up of a wire line wit a row of papers hanging from i,dci
sa_1550875,A grassy area with large clusters of trees in the background and two paths there are elephants on the paths,dci
sa_1550876,This is a large building with at least two stories and a clock with a tower on it.,dci
sa_1550878,"It's a picture of the back of a priest's head, while he raises the eucharist in a chalise of sorts. He's on a moving vehicle and outside a massive apartment complex where there are people looking out to him.",dci
sa_1550880,A yellow building with a large red balcony over the entrance and two smaller balconies on the front corners of the building.  There is a green lawns surrounding the building.,dci
sa_1550882,A bright yellow room with a double door on the right wall,dci
sa_1550883,It shows 4 feet flippers in front of a blue sign that has white writing on it. ,dci
sa_1550884,A picture of a row of people in front of a small open building ,dci
sa_1550886,A man on a bike is waiting for the traffic light to turn green in order to cross a city street. In the background you can see a row of buildings.,dci
sa_1550888,A bike rack with different sized bikes parked in it on both sides.  There is grass under the rack and a wall behind it.,dci
sa_1550889,A group of people with orange vests stand on a wooden raft with a roof that is floating in a river.  The river is surrounded by trees.   ,dci
sa_1550890,Stuffed animals that look like bears and rabbits sit atop a wooden shelf that appears to be within a store. ,dci
sa_1550891,A close up photo of a woman and the sky behind her,dci
sa_1550892,A bright blue sky and a city sign there is a large building in the background,dci
sa_1550893,"A large sign contains text about the Ochopee Post Office. Behind the sign, there is a row of trees. ",dci
sa_1550895,A very wide large building in the background white the sky above is light blue and there is a crowd of people gathered,dci
sa_1550898,A densely populated town is next to a river.,dci
sa_1550899,Three people are sitting down on the ground. There are various items in front of them.,dci
sa_1550900,"Two rectangular white signs that are attached to the side of a building. The larger sign has an image of an eagle on it, while both signs have German words printed on them.  ",dci
sa_1550901,Men in Renaissance garb ride on horses.,dci
sa_1550902,People walking on a stone walkway in a shopping plaza. On the left and right are stone buildings some beings shops with signs.,dci
sa_1550903,Two children are looking at a screen together.,dci
sa_1550905,Water with a beach and buildings in the background. There is an orange rubber boat in the center of the image.,dci
sa_1550906,"We see a man wearing a gray shirt and green hat.  The man's face is blurred, but we can see that he is wearing sunglasses. ",dci
sa_1550908,The image has been taken from inside a large structure and looking up. A metallic staircase can be seen going up the structure.   ,dci
sa_1550909,A forest trail sign is posted in an area where a large amount of people are at.,dci
sa_1550911,Several men can be seen beside a street looking at a group of items on the ground. They appear to be having a yard sale.,dci
sa_1550912,"A tall phallic shaped monument is the central focus, surrounding by other smaller monuments.",dci
sa_1550914,Three windows on the side of a train car,dci
sa_1550916,A historic four story white building with black trim and a dark brown arched shingle roof is on the center of the image with a five story red brick building to the right.,dci
sa_1550917,"An older woman at an outdoor fruit stand, standing next to a boy, and handing money to a male worker who's standing next to a woman.  Over their heads is a white translucent tarp hung from metal rods.",dci
sa_1550919,A jogger running in the street in a blue and black outfit and yellow shoes,dci
sa_1550921,A man is sitting in a chair that has been placed on a grassy field. Trees can be seen going across the background.  ,dci
sa_1550922,a drummer is performing for a crowded room during an Indian festival. ,dci
sa_1550923,"A street level view of a downtown scene with the bases of three buildings visible, One angular and silver, One curved with dark glass and one in the background straight with blue glass. There are shrubs, trees and art installations in the plaza in front of the three buildings.",dci
sa_1550924,A crowd of people are mostly sitting down in front of a large television screen.,dci
sa_1550925,"A storefront featuring ATM machines, a display case, and the entrance to a store.",dci
sa_1550926,Several old planes are displayed on a dirt ground outside a museum in Korea during a cloudy day. ,dci
sa_1550927,It shows a man on a scooter on a path in front of a large tree with a lot of green leaves.,dci
sa_1550928,A man walks by a black car on a street in front of a row of buildings and trees. An open gate and small white building sit along the street.,dci
sa_1550929,A picture of a screen with two visible apps. One is Amazon and the other is Kindle. It's on a gray/white background and there are multiple colors around the edges of the picture.,dci
sa_1550932,"A back of what looks to be a fire truck is featured in the photo. Hoses, and other equipment are present at the back of the truck, as well labels are seen on the side of the truck.",dci
sa_1550933,The tops of houses in an old town in the country.,dci
sa_1550935,A gray and black Formula One race car can be seen on display. It is on an illuminated platform,dci
sa_1550940,This is a photo of a busy pedestrian zone in a big city. In the foreground you can see a young woman petting a white dog and two small kids.,dci
sa_1550942,It shows a building with a glass roof with many panels and flags going across it. ,dci
sa_1550943,homes along a canal with a small bridge crossing in the distance,dci
sa_1550948,A man holding an American flag on a wooden pole while marching on a sidewalk in front of a barrier of what looks like a parade. There is a cityscape behind him with a crowd and some police officers.,dci
sa_1550949,Several military aircraft have been put on display in an outdoor area. ,dci
sa_1550950,A white walled with gold trims building with a large tower adjacent and attached on the left.,dci
sa_1550951,the aerial view is of the front of a residence on a neatly manicured field. there is a white picket fence going across the back of the image. ,dci
sa_1550952,A small boat with two people on it is in the water. There is a red bridge in the background.,dci
sa_1550953,"A white hatchback on a paved street, with an auto dealership in the background.  The car is facing to the left, and behind it are some red and white banners flying in front of the car dealership.",dci
sa_1550954,A can with a blue label that says its White Chocolate Powder. It has a metallic silver lid on it. ,dci
sa_1550956,"A group of motorcyclists ride down the street as part of a parade, waving to the crowd.",dci
sa_1550957,"Two coffee machines appear in the foreground of the photo. The area appears to be a coffee shop at night, as evident with the dark surroundings of the coffee shop.",dci
sa_1550958,It shows an large weathered building that has cream colored blocks going across it with many curved roofs and towers. There is a walkway on the left and trees further to the left. ,dci
sa_1550961,Some thai boats in a river in front of thai buildings,dci
sa_1550962,"A black and white picture looking down upon a landscape. Taller trees are at foreground with buildings in between and a wider, flatter plain at background is dotted with groups of small buildings.",dci
sa_1550963,At the end of the train tracks in a mostly empty covered train station.,dci
sa_1550964,People around inflatable rafts,dci
sa_1550966,A group of workers are preparing food for customers at a vendor stall. ,dci
sa_1550967,"It shows a dirt path, with a weathered wall on the left and right. There are bushes and then more buildings in the back.",dci
sa_1550968,"Two very fancy sculptures carved from fruit, such as watermelon and pineapples, on round plates on a table.  There are also three bowls of soup on the table, and behind the table is a grey-brown couch.",dci
sa_1550969,Three people can be seen looking to the left side of the image. They all appear to be wearing sunglasses.,dci
sa_1550970,A person in a shiny purple puffer jacket holding a tubular object at eye level.,dci
sa_1550972,Stone archways in a building with a stone floor. ,dci
sa_1550974,the view is of the front of a hotel that along a city street. ,dci
sa_1550977,"A large, tan dump truck with a tan-colored canvas over the bed.",dci
sa_1550982,A four-story building with a dome on top,dci
sa_1550983,Two motorcycles are stopped in front of a level crossing. There are trees all around.,dci
sa_1550985,"A white flag that has a red border going around it, and a circular yellow and black logo in the center can be seen blowing in the wind at the top of a flagpole.  ",dci
sa_1550986,A river or small line of water with boats/houseboats on it. There are cars and people around the sides next to green trees.,dci
sa_1550987,A street with interconnected buildings down both sides,dci
sa_1550988,A man wearing a red and white striped shirt sitting in a chair on a porch.,dci
sa_1550991,A view outside across a body of water where two boats with fisherman are seen rowing canoes. ,dci
sa_1550994,A bright day and a large white tower in the center large grass plots around,dci
sa_1550998,"This is a large cargo ship yard, with many mobile cranes and shipping containers stacked high. ",dci
sa_1551000,Many people are sitting and standing on the plaza. They are watching some people that are on a stage.,dci
sa_1551003,A very bright blue sky with a large jet in it  ,dci
sa_1551004,"The top of a large statue with a raised hand, palm outstretched and a neutral expression carved into its face.",dci
sa_1551005,The front door of a large white house is open. There are windows all along the house.,dci
sa_1551008,A woman in Africa is making some traditional food in a stainless steel bowl outside during a sunny day.,dci
sa_1551011,It shows a white and blue plane taking off. There are green trees on the ground and a blue sky up above. ,dci
sa_1551012,two men are dressed as Uncle Sam and parading around a man with his hands tied behind his back as part of a political demonstration. ,dci
sa_1551014,A helicopter is flying in the air. Behind the helicopter is the blue sky with white clouds.,dci
sa_1551015,Three people are around white bags. There are straw hut buildings in the background.,dci
sa_1551016,"The picture is police lined up in riot gear, such as batons and shields. Behind them is a road and some trees, with an awning to a building on the right and phone booths.",dci
sa_1551017,A view of a blue and yellow coated pair of stock cars racing on an asphalt race track. ,dci
sa_1551019,A woman walking down an embossed walkway lined with palm trees,dci
sa_1551025,"A large building with the name ""The Mirage"" on it. There are cars and trees in front of the building. There are people walking around as well.",dci
sa_1551026,A very large plaza or square in the middle of 19th century architecture.,dci
sa_1551027,A very bright day looking at a large temple like area,dci
sa_1551029,A bright day looking at a row of bicycles and buildings on the right,dci
sa_1551031,A large canal can be seen with buildings and cars visible in the background. Trees can be seen beside the canal.,dci
sa_1551032,A large sandy area with trees around and further in the back as well,dci
sa_1551034,Two scooters can be seen beside a black metal fence. There is a body of water and mountains in the background.,dci
sa_1551035,a group of people standing around a brick building and wall ,dci
sa_1551040,Multiple buildings are sitting behind people and umbrellas during a partially cloudy day. There is a tall buildings with 2 taller parts on either sides in the middle.,dci
sa_1551043,An outside view of a red brick and concrete building complex on an estate. ,dci
sa_1551046,"It shows ground that dips that has plants, sand and greenery on it. There is water in the distance, and then the sky. ",dci
sa_1551047,"People inside a building, riding up and down escalators on both sides of a set of stairs with an advertisement on it.   At the top of the picture is a floor of the building with many people walking on it and some green signs overhead.",dci
sa_1551049,"A man in a fur hat sits on the ground holding a hunting bow. To his right, a brown horse is eating grass. ",dci
sa_1551056,A bright day looking out an a large very older temple like building a woman posing in front,dci
sa_1551057,A close up of a phone screen on a feedback screen.,dci
sa_1551068,A dark beige colored temple has a white railing fence around the door and two cars parked on it's right side.,dci
sa_1551075,About ten fans sitting in the mostly empty stands of a sports stadium. A standing fan is obscuring much of the scene and a few fans by holding a giant white flag with black and red letters and a yellow and gray logo in the center,dci
sa_1551077,"Near the ocean, a line of cars are parked along a street with a wide sidewalk. A row of buildings extend along the street on the other side. ",dci
sa_1551078,A group of people sit in a gondola that is floating on dark green water.  The gondola is steered by a man standing in the back with an oar. ,dci
sa_1551079,The top of a monument with columns across the front and statues,dci
sa_1551080,There is a stamp that is orange with a white bust of a person and white writing on it. ,dci
sa_1551083,A reflection of a building on the waters.,dci
sa_1551084,A concrete staircase leads down to an entrance into a café.  ,dci
sa_1551090,A scene from South Beach Miami showing a street line with the art deco buildings famous in the area. The are people walking down the street wearing masks and a large patio with yellow umbrellas and people dining on the sidewalk.,dci
sa_1551091,A large crowd of people inside of a large convention center like building bright.,dci
sa_1551092,an old abandoned building on the shores of a river. a bridge stands over the snow covered rocky hillsides. ,dci
sa_1551093,There is an area that has wet ground. There are a lot of people walking over it and a big cliff in the background.,dci
sa_1551094,Parade float going down a residential street with people walking to the left of the float. There are two visible buildings on the right.,dci
sa_1551097,"The image depicts an extreme close up of an old man sitting on a bench outdoors, holding a smartphone. ",dci
sa_1551099,Looking up at a large building the day is bright,dci
sa_1551100,The screen of an electronic device is open up to the screen for downloading the Discord app. It is at an angle and a few other apps are shown near the bottom.,dci
sa_1551101,A view from the sea of a big Roman amphitheatre rising above the trees along the shore. Above it you can see the clear blue sky.,dci
sa_1551103,An image of the statue of Thomas Jefferson from the inside of the Jefferson Memorial in Washington DC. There is a white marble wall in the background with an inscription in black letters.,dci
sa_1551104,Two people can be seen in the middle of a dirt field. The man is sitting on the ground and the woman is standing up.,dci
sa_1551105,Under a blue sky there is a pavilion style building with a large white sign mounted to the right side.  ,dci
sa_1551107,There are buildings on the left side with a large tall black and white boat in the water in the middle. There are people walking on the space in between the buildings and the water on a clear day.,dci
sa_1551108,A cobblestone road between some mediterannean shrubs and an old stone wall underneath a clear blue sky,dci
sa_1551109,A castle with multiple towers is covered in natural grey and brown stones. It is surround by green plants with a dark grey overcast sky above.,dci
sa_1551110,Here is a view outside in broad daylight of what appears to be a university or college campus with a landscape in front of a large brick building where people are walking around. ,dci
sa_1551111,A brick building is in the background. There is a brick structure housing a black gate.,dci
sa_1551116,"An incline of the road is seen on the left side of the photo, with a stone and brick pavement appearing in the foreground. Residential buildings and a church is seen in the background in this clear and sunny day.",dci
sa_1551117,Under a blue sky there is a giant Irish cloth store called Primark with big entrance to it on the left. ,dci
sa_1551126,A very bright day the sky above is very bright and cloudless,dci
sa_1551127,An ice cream cone filled with green and brown Godiva ice cream,dci
sa_1551129,"A group of people are seen to the sides of a carved pole in the foreground.  Behind, a tree rises over a grassy area, a parking lot, and a gold painted man.",dci
sa_1551130,Many people are watching streaking lights race across them.,dci
sa_1551131,Beautiful blue skyline of buildings in the background with trees surrounding it while it is slightly darker. There are a couple of boats on the water in the middle of the image with an archway bridge with street lights on both the left and back sides where the streets are.,dci
sa_1551132,City street with white snow during winter. There are numerous buildings and people walking in winter gear. There are multiple vehicles a snow removal vehicle is in the middle. ,dci
sa_1551135,"A man running a race on a paved road, with a couple other runners and a cyclist behind him.  It's during the day and there's a light-blue, cloudless sky above, with a grass field and some trees in the background.",dci
sa_1551136,A branch of many burgundy colored flowers can be seen. There is a tall tree visible in the background.,dci
sa_1551137,the view is of the interior of an airport gift shop. there is a statue on a platform just left of center. ,dci
sa_1551139,An old European building of the central focus of the picture. A building seen from its side on the left hand side of the picture shows the old building reflecting through its windows.,dci
sa_1551141,A night scene of a lit up carnival.,dci
sa_1551142,There is a black house with windows around it. There is a fence in front of it and trees behind it. ,dci
sa_1551143,"This is a castle like building with a large stone turret, a reinforced castle wall around the outside, and a more modern structure behind the wall. The buildings are on top of a hill with a hedge row in front and a massive tree to the right.",dci
sa_1551144,A four-lane street bordered by modern buildings,dci
sa_1551147,A rectangular black smartphone has been placed on a white surface. Part of what appears to be a laptop can be seen along the bottom of the image. ,dci
sa_1551151,A large three story building with a clock tower on the top is on the back center of the image. A street runs through the center of the image with multi-story buildings on each side of the street.,dci
sa_1551152,"A city that is mostly masked by the darkness of night, you do see the light of buildings on.",dci
sa_1551153,A mahjong table has many mahjong tiles on it.,dci
sa_1551154,A construction site on a large plot of land that has been cleared and leveled of mostly dirt.,dci
sa_1551156,People who appear to be participating in a parade are walking along a street. There is a large group of spectators gathered along the side of the street.   ,dci
sa_1551160,Vendors lining the street outside of storefronts. People are shopping.,dci
sa_1551162,A crowded street area filled with people and neon buildings and signs on both sides ,dci
sa_1551163,This is a Eurowings Biz airplane taking off.  It is white with light blue and dark red patterns on the rear and tail of the airplane.   There is a radar in the background and helicopter and airplane taxi warning signs in the foreground. ,dci
sa_1551164,A close up of a building at night,dci
sa_1551165,Several large ships are docked at a ship yard with rusted buildings and large blue and orange cranes. A thick line of full green trees are in the background.,dci
sa_1551166,Lines of people wearing yellow shirts and holding red strings,dci
sa_1551168,A shot of a stage with a person wearing a pink dragon head on it ,dci
sa_1551169,"A group of men are standing near a red, white, and black-colored pickup truck. ",dci
sa_1551170,A close up of a butcher working on pieces of meat,dci
sa_1551171,"Under a clear and blue sky, many tourists are viewing the famous Pisa leaning tower on the right and the Cathedral of Santa Maria Assunta on the left.",dci
sa_1551173,A close up of a lot of stamps on a table,dci
sa_1551174,A woman in Jalisco ribbon dress and a man in a Mexican horseman suit are dancing in front of a mall's entrance.,dci
sa_1551175,"It looks like the inside of an outdoor market, black beans are in a rusted container at the bottom of image, and green bell peppers are piled to the left of the black beans, and a metal bowl holding something red is in sitting at the left corner of the black beans. A man is to the left of the vegetables and there are other people in the background, but the background is a little blurred and not clear. ",dci
sa_1551177,A bright square area with a fountain and buildings on the left and right side as well.,dci
sa_1551178,A stone statue of a man can be seen below an archway in the background. There is water and a fountain in front of the statue. ,dci
sa_1551179,Sailboats float in the water in front of a city. A hillside with trees are in the background of the city.,dci
sa_1551180,Ten bottles of wine are on display on two glass shelves on the right side of the image. Four rows of wood barrels are along the wall on the left side of the image.,dci
sa_1551182,"A white sportscar is displayed on an elevated platform that's colored black. The wall has a black color as well, and the flooring that's exposed reveal white rectangular tiles.",dci
sa_1551183,An intersection filled with cars and driving on the left side of the road,dci
sa_1551186,Some ancient relics in a field,dci
sa_1551187,This is several tall multistory multicolor apartment tower blocks pictured from a very low angle.  There are at least 14 floors visible on the closest building.,dci
sa_1551188,A bright day in a parking lot looking at buses ,dci
sa_1551192,A man and a woman are walking across an outdoor plaza. They are moving towards a large building that can be seen in the background. ,dci
sa_1551193,"A side walk next to a lake with swans swimming in, in the back there is a geyser fountain, a bridge and a Ferris wheel.",dci
sa_1551194,People are in the foreground of the image. There are many trees in the background.,dci
sa_1551195,"A big body of water is in image and there are alot of boats in the water, a big boat is at the left edge of image.  The other boats are in the background and look smaller than the one on the left and the sky takes up top half of image. ",dci
sa_1551196,A close up of an area of a building it is blue white and black.,dci
sa_1551197,A shot of two people on a stage lit up by a light,dci
sa_1551198,A bright day in the center of a road there are buildings on the side,dci
sa_1551199,A white lighthouse near the sea on a rocky outcropping in between two other buildings.,dci
sa_1551201,"A line of green palm trees outside of a light brown building with many detached vertical, rectangular columns.",dci
sa_1551203,"A white ""No camping!"" sign can be seen on a thick gray pole. There are mountains in the background.",dci
sa_1551204,Under a blue sky there is an unique white church that has an upward spiral shape.,dci
sa_1551206,A bright blue sky with people parachuting,dci
sa_1551207,The center of a large street a very large building to the right of it,dci
sa_1551208,a piece of art that resembles water with oil slicks but is actually puddles of various of colors of paint,dci
sa_1551209,"Multiple tall buildings with various colors sit on either side of a building with a large steeple. There are umbrellas in front of the building, and the sky is cloudy.",dci
sa_1551210,Two girls riding bikes in a busy park. ,dci
sa_1551211,Here is a view inside of an open cave or chamber of a cavern with a variety of solid rock formations along the walls. ,dci
sa_1551212,A pair of people fighting while in medieval armor costumes and carrying shields.  There is a crowd of people in the background watching the bout.,dci
sa_1551213,"This is the top of a stone temple that consists of three levels of different sized domes. In the foreground is the largest, then there are five across the second level, with arched entryways below those, then four small ones with a massive dome in the middle. To the right is a large pillar made of stone that has an observation deck about 4/5ths of the way up",dci
sa_1551214,Here is a look outside in a town center with tourists viewing a large statue of a man on a throne and a museum in the background. ,dci
sa_1551216,"A man and woman on opposite sides of a vintage car, leaning over and looking through the windshield.  The car is white with metallic framework.",dci
sa_1551217,"This is a picture of a busy waterfront. There are many buildings in the foreground, a river in the middle of the image, and more buildings in the background. There are a mix of transportation methods in the image too, including trains in the bottom, boats in the middle and to the right, and cars on the road in the far back.",dci
sa_1551218,"It shows a dirty street with buildings and garbage on the ground, a garbage truck and dumpsters. ",dci
sa_1551219,Here is a view outside of a crowded city street with many buildings in the background. ,dci
sa_1551220,There is a girl in a blue shirt and pink pants who is sitting on a gray tile floor praying. There are the legs of people behind her. ,dci
sa_1551222,"A curvy Wynn sign in front of a large pool of water, with large glass buildings in the background, and with a street and rows of trees between them.",dci
sa_1551223,a tall gold statue of Buddha,dci
sa_1551224,"There are people in a parade wearing uniforms with khaki pants and white shirts and holding guns. They are going along a street, and there people watching from behind a fence and trees above them. ",dci
sa_1551228,Yellow mailbox to the left of a sign in front of planted purple and yellow flowers. There are trees toward the back right of a fence behind some yellow flowers and a wooden sign with a green pig creature on it behind the front sign ,dci
sa_1551230,A woman can be seen walking in a parade. She is wearing a festive costume with a puffy light red skirt.,dci
sa_1551232,A red asphalt walking path runs from the left bottom corner to the center of street.  Red brick walking paths lead to buildings on the left and right.,dci
sa_1551233,There is a woman behind a green fence who is kicking. She has a yellow shirt and black pants. ,dci
sa_1551235,An open pipe with a white interior,dci
sa_1551236,A chef can be seen making fried eggs on a large flat cooking platform. There is a plate of egg shells by the platform.,dci
sa_1551238,"It shows a tile street with buildings that curve around on the right side. There are some tables, chairs and umbrellas, and a blue sky above. ",dci
sa_1551239,"Some yellow, green, and red chili peppers hanging from a string in the middle of the image, flanked by some metal bells hanging from strings with metal bars or beads over the strings.  Behind them appear to be some colorful vases or bags.",dci
sa_1551241,The photo is of a computer monitor which is displaying the graphical interface of a web browser.,dci
sa_1551244,a large Chinese palace complex and a wall that runs through the grounds with a moat ,dci
sa_1551245,a collection of bamboo and cactus plants are presented in decorative pottery. there are small flags and ribbons that make up the decorations. ,dci
sa_1551246,The closeup of a blue payphone in an outdoor area.,dci
sa_1551247,An exterior view of a large monastery on a sunny day.,dci
sa_1551248,A large city can be seen throughout the image. A highway goes up the left side of the image.  ,dci
sa_1551251,"A Starbucks Drive Thu signage is featured in a foreground, as well as a short green pole and a bigger metal pole behind it. Several buildings, trees and a mountain appear in the background.",dci
sa_1551252,People are sitting on the sand. There are birds flying in the sky.,dci
sa_1551253,Person sitting at a market stall selling plastic bags filled with chilis. The person has a skirt and open over shirt with a tan and blue hat.,dci
sa_1551255,"A building with a long balcony is surrounded by a grassy field. In the distance beyond the field, there is an area of houses. ",dci
sa_1551256,"This is a street in a mountain resort town.   Everyone is dressed trendy and touristy, the streets are lined with businesses and the mountains are rising into the cloudy sky in the distance. ",dci
sa_1551258,"It shows a brick building going up that is very weathered. There are two windows with curved tops in the front and more windows going up.
",dci
sa_1551261,A couple of large buildings in a metro area. There's a small tunnel or section on the left and there are vehicles traveling under it.,dci
sa_1551264,A bicycle road race with four visible competitors in a cluster right in the center of the image. There are several dozens of fans lining the curved street cheering on the riders.,dci
sa_1551265,A man is pushing a three wheeled cart. There are many bags on the cart.,dci
sa_1551266,A square-shaped postage stamp has been placed onto a black surface. The postage stamp has an image printed on it that depicts Queen Elizabeth II of the United Kingdom. ,dci
sa_1551268,A close up of a ceiling and what looks like a chandelier hanging from it ,dci
sa_1551271,A white bench with a bent middle section sits between two statues of a girl and a boy. ,dci
sa_1551273,Clothed mannequins are posed on stairs. There are clothes on the sides and in the background.,dci
sa_1551276,A stage set up for a rally against Trump and Pence with green crates covered in orange signs in the background. There is a person with a microphone in an orange t shirt on the stage talking to an unseen crowd while three people hold a large orange banner with black letters in front of the stage.,dci
sa_1551278,"A red tug boat or fireboat, an orange raft, and an orange jetski",dci
sa_1551279,Train decorations are hanging from the green ceiling.,dci
sa_1551285,"This is a sticker for Rabisin, which is a medicine. The sticker has two bumps on the top, one in the middle, one on the left. The left part of the sticker is red, the rest is white, with black text on the bottom. On the right is some handwriting in blue text.",dci
sa_1551287,A long wood bridge can be seen over a body of water. There are boats seen in the water on the right side of the bridge.,dci
sa_1551288,"A building at the base of a mountain, sitting alongside a river.",dci
sa_1551295,A white building is lit by sunlight. There are some cars in the shadows.,dci
sa_1551296,"A tour trolley full of caucasian tourists. There is a lead car visible, followed by a car full of people, and a second car partially visible that also has people in it. ",dci
sa_1551297,A white Tata Xenon pickup truck on an asphalt road. There is a grey Toyota truck behind it. In the background you can see a cluster of trees and bushes.,dci
sa_1551298,A tall brick building with a sign for Harry Potter in front,dci
sa_1551299,a group of people walk along the shoreline on a sandy beach. the setting is daytime and there are rocky hills in the background.,dci
sa_1551301,Several people are walking in a gray cave wearing full blue outfits and yellow hard hats. There is a sign at the top of the cave and some lighting.,dci
sa_1551303,A wet marble platform is reflecting its surroundings. There are cars in the image.,dci
sa_1551304,The inside of a store or mall area lit up bright,dci
sa_1551305,"A grocery store aisle with shelving on the left and right side filled with various grocery store items. The ceiling is filled with lights and signages, and the flooring of the grocery store is made from linoleum. ",dci
sa_1551306,A bright day in the center of a type of castle area the ground is gray below ,dci
sa_1551308,A light gray church with red stone corners,dci
sa_1551309,"Several people are on a gray bridge with brown wooden posts. The trees on the hills are yellow, green, and orange i color. Underneath the bridge, there are gray rocks and  a small stream of water going horizontally.",dci
sa_1551311,Three buildings rise above a road and a parking area and under an overcast sky. Two cars are parked on the road and one in the parking area.,dci
sa_1551312,trash has spilled all over the ground from a stack of containers that have been tipped over. there are buckets stacked atop each other next to an oil drum. ,dci
sa_1551313,"The sky is slightly cloudy with a pink and blue tint. In the background, there is land with green vegetation but the focal point of the image is blue slightly choppy waters and a large ship pointing towards the focal point with the water disturbed behind it.",dci
sa_1551318,A picture of buildings of various sizes. There are some trees in the background. The picture looks like it was taken in the evening and there are clouds in the sky.,dci
sa_1551320,A crowd area in the middle of a fare ,dci
sa_1551321,People walking in a plaza with white buildings on the left and in front. To the right is a tree with dense green leaves.,dci
sa_1551324,"This is a picture of a brick building with a large iron light pole in front of it. The building has large clock tower on the right, with a ornate overlook and windows",dci
sa_1551325,A close up shot of people in a crowd ,dci
sa_1551326,A very crowded marketplace full of people. There is a tall central building high over the plaza below.,dci
sa_1551327,large white Russian text is visible along the center of a blue sign along a road. there is a grassy area and trees in the background. ,dci
sa_1551328,Two people peeling up a piece of black flooring,dci
sa_1551329,A city with modern skyscrapers in the back and short white buildings with red roofs in the front,dci
sa_1551330,A few people are waiting in a long distance bus station with bench chairs and plastic screens. There are two buses outside. ,dci
sa_1551332,A building with a stall in front of it on a bright day,dci
sa_1551333,"A beach is on the bottom of image over dark water, there are alot of buildings grouped close together behind the beach.  A line of trees in behind the beach and a bigger area of trees are at the top of image behind the buildings. ",dci
sa_1551334,The center of a large flower shop area on a very bright day,dci
sa_1551335,A close up of two buildings the sky is visible behind them and there is a large tree in front of it,dci
sa_1551336,A Mercedes race car and a black pickup truck are parked outside with trees and a street in the background,dci
sa_1551337,A bright day on a platform there is a building in the center it is stone,dci
sa_1551338,A close up of a window with people inside and a sign on the right side of it,dci
sa_1551340,The stone bust of a man on a column in front of a light blue building.,dci
sa_1551341,The side of a car engine can be seen. The engine is gray with a fan at the front.,dci
sa_1551342,A light blue military helicopter is taking off right above the ground with fences and trees in the background. ,dci
sa_1551343,Here is a view outside overlooking many red roof buildings that are condensed in one area of a city. ,dci
sa_1551344,A picture of a crowd of people huddle around two cars and a dividing tape,dci
sa_1551345,A shot of a lake that is surrounding a large building in the center with tourists ,dci
sa_1551346,A bright day in front of a building some people walking in and out of it,dci
sa_1551347,A man leaning down to talk to a small child dressed in green. ,dci
sa_1551348,A large desert area with a bus in the center,dci
sa_1551349,A close up of soil or a rock planter area,dci
sa_1551350,A stamp with an image of two motorcyclists racing. The stamp is blue with a white edge and it came from East Germany. ,dci
sa_1551351,A bright day and there are large buildings around and a square below,dci
sa_1551357,A shot at the bottom of an alley area there are buildings on both sides they are wide and tall people in the center of the area.,dci
sa_1551359,"There is a child who is sitting in a playground, with another next to him, and playground equipment behind him. ",dci
sa_1551361,A tall house building with cream colored brick on the right side of the house.  The house is next to a street with a silver van parked on the right.,dci
sa_1551362,Two costumed women standing on the right side of a booth,dci
sa_1551363,Fishermen on the dock in front of their boat bringing in today's catch.,dci
sa_1551366,"It shows a modern building that looks silver on the sides and angles up. There are shorts walls around it, water in the foreground and a blue sky up above.",dci
sa_1551367,A series of white tents representing different businesses set along a wide street. There are people in front of the tents holding balloons and a small group of people walking away in the distance.,dci
sa_1551368,Two people are sitting next to each other in the middle of the image. There are more people behind them.,dci
sa_1551371,A city plaza with outdoor eating areas,dci
sa_1551372,A plant filled area with tables and chairs and some large umbrellas over them.,dci
sa_1551373,A body of water photographed from the shore. It is shallow but leading to wide open deep water. In the foreground is a small structure bridge connected two wooden docs. There are small boats at the left dock. ,dci
sa_1551374,A man is wearing a brown and white hippie costume and a long black wig outside in a garden. Green plants cover the background.,dci
sa_1551376,Two Italian police cars parked in front of a stone wall next to a stone bench.,dci
sa_1551377,"This is a lakeside resort that is at the edge of a mountain range, it is a modern 70's style angular steel and concrete building.  There are people lining the shore in chairs under umbrellas and a few people in the water swimming. ",dci
sa_1551378,"Many buildings sit on the sides of a winding river.  Above the river, we see clouds and an amber sky. ",dci
sa_1551379,This is a photo of a four-men crew in a white racing shell in the middle of a body of water. Each rower holds one oar with both hands.,dci
sa_1551384,A warehouse with shelves full of cardboard boxes,dci
sa_1551385,A green and white building uniquely styled as two adjoined teepees with a large center section. It sits beyond a parking lot filled with icy slush against a cloudy gray sky. There are two black cars in the parking lot.,dci
sa_1551386,The window of a store has many magazines displayed in it.,dci
sa_1551387,"Pink cherry blossom flowers bloom along the thin branches of cherry blossom trees. One tree and its leaves are in focus at foreground, while other trees are lined up out of focus against the sky in the background.",dci
sa_1551389,A huge bronze statue of a historical figure holding a large cross and a sword under a blue sky. ,dci
sa_1551392,The Sagrada Famila's many towers and the cranes that are around it under a clear sky. There are smaller building in front of the Sagrada Famila and buildings in the distant left of it under the left crane,dci
sa_1551393,A woman walks with her walk to the camera holding two silver pots on a stick over her shoulders.,dci
sa_1551395,A view of a red ceiling over people walking under multiple street lamps.,dci
sa_1551396,A tall gray building with windows on the outsides towers upward.  A palm tree can be seen in the foreground in the image.  ,dci
sa_1551402,"On a hockey pitch outdoor, there is a hockey game and one player in red jersey is hitting the ball with his teammate in the back.",dci
sa_1551403,The upper floor of an airport or other type of transit station with the lower floor visible through an atrium and the underside of an escalator also visible. There is a white motorized cart in the foreground parked at a 45 degree angle.,dci
sa_1551404,A white car is in the middle of the image. There are cars in the background.,dci
sa_1551405,"This is a beach vendors area overlooking the water where they rent tubes, covered beach chairs and sell exotic drinks.   There are several distant boats and paddle boarders in the water where the water line is almost exactly in the vertical center. ",dci
sa_1551406,In a sunny day a three story large beige hotel building is by a port which is filled with speed boats and sail boats.,dci
sa_1551408,An entryway with a large white gate with blue and red lettering in Vietnamese. The gate has white and red striped poles and several cars that are facing the camera waiting to come through.,dci
sa_1551410,a yellow Volkswagen van is driving on a city street towards the right. there is a light trail on the right and buildings in the background on the left. ,dci
sa_1551411,We see a fence of barbed wire in the middle of a path made of pebbles.  We see a long row of houses in the background with chimneys. ,dci
sa_1551412,"This is the outside of a coffee shop. There is a server walking out of the door to wait on the tables that are outside. There are people saying bye to each other or greeting each other on the left. In the background, there's another shop and a building.",dci
sa_1551413,"Two badminton athletes on the same team are playing inside a badminton court. There is a net in the foreground, a branding of the event in the background, with a person sitting behind it.",dci
sa_1551417,A close up of a statue in front of a stone building,dci
sa_1551419,A very bright day looking at the sky there is a large plane flying in it,dci
sa_1551421,A night view of a lit up bridge over a wide river. In the background you can see some buildings and beyond them - a lit up tower on top of a hill.,dci
sa_1551422,A train compartment rests beside a station area with its doors open.,dci
sa_1551423,A body of water has three boats in it. There are many trees on the shore.,dci
sa_1551424,"A storefront is pictured with see-through glass windows filled with items being sold by the store. There are plants on both pillars of the wall of the store, with semicircle drainage system seen on the pavement in front of the store.",dci
sa_1551425,An Asian bus travelling down the street underneath a tall bridge.,dci
sa_1551427,a commercial airliner is flying eastward through the center of the sky. there are some clouds in the background. ,dci
sa_1551428,It shows a big evening cityscape with a lot of large buildings and roads along the front and on the sides. There is also water at the front. ,dci
sa_1551429,There are two rectangular plastic containers that are holding four batteries each.  ,dci
sa_1551430,A variety of Asian lanterns hang from a wooden checkered ceiling with sale signs posted nearby.,dci
sa_1551432,A person adding something white to a purple liquid in a stainless steel mixing bowl,dci
sa_1551433,An ancient theater with many rows of seats can be seen. There are many people seen on the seats and in the main part of the theater.,dci
sa_1551435,"This is an elementary school child aged art class on water color day, the instructor is assisting the girl in the middle with a painting of three houses, a boy on the right waits to show his painting of two trees to the instructor and the girl on the right is looking away.",dci
sa_1551437,Here is a view of a person holding hair loss medication in a box in their hand. ,dci
sa_1551440,A narrow cobbled street passing through two old stone buildings leading to a wider opening and more buildings.,dci
sa_1551442,there are row of people sitting on steps near a park square. there are trees and people walking in the background.,dci
sa_1551443,"It shows a brick bridge over a waterway. There are plants all around it and then green grass going down on the right, and a blue sky above. ",dci
sa_1551444,A river valley in a mountainous region. The photograph is taken from the river looking towards the mountain. There is a large brick dam on the right and a city street with cars and a building on the left.,dci
sa_1551448,A huge celadon flush mount light mounted to the ceiling of a mall. ,dci
sa_1551451,A long strip of rug along a walkway and going up to individual cottages,dci
sa_1551452,The back of the Hollywood sign can be seen. The city can be seen in the distance and many houses are also visible.,dci
sa_1551463,A woman can be seen using a ladle to get food from a round brown pot. She is putting the food into a black bowl.,dci
sa_1551464,A picture of a small road and buildings on both sides. There is a tall tower in the background.,dci
sa_1551465,A lavish mansion on its own lagoon surrounded by palms. ,dci
sa_1551466,A bright day center of a street with a single van in it also,dci
sa_1551467,The center of a bright white church or other house of worship,dci
sa_1551470,Here is a scene of a jockey riding a brown horse over an obstacle on track outside. ,dci
sa_1551471,"Here is a view outside at night of white concrete, stone, and wood constructed building on a stair platform. ",dci
sa_1551473,There is a white building that is in front of an area with dirt and an old wall. ,dci
sa_1551474,A dead rat in a tray being dissected by two people wearing loose gloves.,dci
sa_1551475,A large revenue department building with a circular front driveway,dci
sa_1551477,"A hill filled with leafy green brushes and little brown Asian-style houses sits in front of a calm body of water under a cloudless, sunless blue sky.",dci
sa_1551478,Large Christmas decorations are hanging from ceiling in a three story shopping center with a large arched glass ceiling in the center.,dci
sa_1551482,A cute dachshund dog wearing a blue collar with a red tag.  The dog is sitting inside a car that has rain on the window.,dci
sa_1551483,There are yellow strings hanging from the canopy. There are people far in the background.,dci
sa_1551486,A large white boat is docked next to a large brick covered pier on the bottom of the image. A large city with tall buildings is in the the background behind a concrete bridge.,dci
sa_1551487,A blue green colored river with a dock in the background. Behind the dock are short buildings in the front and skyscrapers in the back.,dci
sa_1551488,There is an emblem that has a circle in the middle with a hammer and sickle and a star in the back.,dci
sa_1551489,A tree stands next to a tall brick building.,dci
sa_1551490,"This is a lake with mountains rising in the background to cloudy skies, there are three boats on the water, two auto ferry's and a green fishing boat.   ",dci
sa_1551491,The front and the interior of an airport can be seen. Many people can be seen going in and leaving the airport.,dci
sa_1551492,Rows of green plants covered in orange and yellow flowers covered the entire bottom and middle of the image into the background. Tall palm trees and green plants cover the background.,dci
sa_1551493,Several retail stores can be seen in the background. There are a couple of trees that are close to the camera. ,dci
sa_1551494,Two people in the image are jumping. There is a pink ball on top of a person's head.,dci
sa_1551495,This image shows a ground view of a section of the grand canyon. The sun is shining on mountains in the background.,dci
sa_1551496,"It shows the brown ground with trees coming out of it, and rocks in the background. ",dci
sa_1551497,A bunch of people are milling around the front of a train station.,dci
sa_1551498,The view of a beach with several people enjoying it from up above a paved promenade with a short white guardrail. There is a private area fenced off on the beach and some mountains in the background as the shore curves sharply to the right.,dci
sa_1551500,"A man in an old soldier's uniform is the central focus of the picture. He is seen from the elbows up, looking through a pair of binoculars.",dci
sa_1551501,A silver metro train is parked at a platform outside with residential buildings in the background. ,dci
sa_1551503,two bicyclists are riding towards the foreground in the center of a wooded area. ,dci
sa_1551507,There is a simple wooden boat in the water. There is a person who is in it bending down and holding an oar. ,dci
sa_1551513,A gold and black statue of a man is next to a gold and black statue of a child in front of a tree and green bushes. A street with more green plants and trees is in the background on the right side of the image.,dci
sa_1551514,Numerous signs and billboards of brands and hotels hung on a large skyscraper at an intersection. ,dci
sa_1551516,There is an image of a purple and blue stamp that shows a person standing at equipment on the left and a rocket coming down. ,dci
sa_1551517,A pair of crisscrossed feet sit on a sandy beach.  The feet have toenails that are painted red. ,dci
sa_1551518,the front view of a two-story catholic church is visible in front of a roadway through a metal gate. only the night sky is in the background. ,dci
sa_1551519,"It shows a sign that lists flights on the left and then times, destinations and other information at an airport.",dci
sa_1551520,People are watching a dragon dance performance on the street with Chinese style building in the back. ,dci
sa_1551522,"A recreational ocean scene with many people enjoying the blue water including a yellow and green raft with a row of six people on it in the foreground. In the background is a tropical island with palm trees, a rocky shore and some buildings.",dci
sa_1551523,A small flat bridge with a tall blue and white railing goes across a narrow river in the back of the image. Pink and purple flowers are in the front of the image.,dci
sa_1551525,There is the top of a phone that is displaying a news story about the Coronavirus. There is a finger on the left. ,dci
sa_1551526,A body of water can be seen going across the foreground. There are buildings going across the background.   ,dci
sa_1551527,"A moving train is captured moving through a bridge with rusty metal support beams and columns. Behind the bridge are houses and buildings in different sizes, as well as trees and more buildings further in the background.",dci
sa_1551529,A view of a cruise ship and some other various sized ships parked by the port.,dci
sa_1551530,A bright day out on the sea there is a large landmass in the background,dci
sa_1551531,Here is a scene outside during the twilight hours of boats on the water in front of canal club. ,dci
sa_1551533,People can be seen sitting at tables inside of a restaurant. There are employees working behind a counter in the background.  ,dci
sa_1551534,An overcast day looking out over a large area of buildings the sky above light blue ,dci
sa_1551535,A grey and tan stone Egyptian statue is on display on a raised grey stone rectangle shaped platform against a grey stone wall.,dci
sa_1551536,the view of a large bus driving between two rows of parked cars is visible from the top. there are two traffic officers on the bottom left corner of the bus. ,dci
sa_1551538,A bicyclist on a winding path bordered by a white fence,dci
sa_1551539,A close up of a telephone against two walls,dci
sa_1551542,A boom lift is on the right. There are electric line towers on either side of the concrete ground.,dci
sa_1551544,Side of a building with two visible windows and two balconies. There is roof top balcony and a large tree with dark green leaves. The sky is baby blue and has small white clouds.,dci
sa_1551545,There are large buildings in the image. There are some cars driving on the street.,dci
sa_1551547,A boat coming down a murky creek or river. There is a bridge that it can pass under with green leaves on the left and right sides.,dci
sa_1551549,lights from the cityscape at night illuminates the night sky as well as the body of water in front of it. the lights appear are vertical lines of bright colors going across. ,dci
sa_1551550,A crowded city between some hills and a four-lane highway,dci
sa_1551552,A group of sunflowers can be seen extending upwards from the bottom of the image. There are trees going across the background. ,dci
sa_1551553,"Storefronts of stores are pictured, one is a Cash Shop, and on its right is a store named Sochic, and a store on the right that’s cut off from the photo. Cardboard boxes appear in the foreground and other garbage as two people are seen walking along the pavement in opposite directions. ",dci
sa_1551554,"Postage stamp with a butterfly and a pink flower. Under the flower is writing ""Republique du BURUNDI"". The words and butterfly are on a baby blue and white background.",dci
sa_1551555,a group of soldiers in uniform receiving a decoration from their superior. ,dci
sa_1551558,"A young boy, possibly 10-13 years old, sitting sideways on a chair looking at the camera. He's sitting outside in a courtyard of an apartment complex in what looks to be a developing country with a pile of bricks and other building materials behind him and laundry hanging to dry on a clothesline.",dci
sa_1551559,A large group of cyclists are riding bikes down a city street. There are trees and people along both sides of the street.   ,dci
sa_1551560,A piece of machinery that looks very complex bathed in a red light. ,dci
sa_1551562,Hundreds of people behind mobile barriers are watching a military drill or a filming of a war scene that is covered in smokes on a field near a forest.,dci
sa_1551563,Items on display in six-sided glass cases in an ornate gold room,dci
sa_1551564,A garden with white and red flowers is in front of a white mansion behind fences. ,dci
sa_1551565,Protestors on a road with trees in the background and a large grass patch. Three people are holding up protest signs.,dci
sa_1551566,There are people gathered on the right side of the image. There are buildings on the left and right sides of the image.,dci
sa_1551568,"A wall full of vines that are entangled with one another. There is snow appearing on the wall, as well as the vines. In the background a tree appears that is lacking leaves, as well as a sky that has a muted-blue color.",dci
sa_1551569,A close up of a storefront that is open at night,dci
sa_1551570,A bright day in the center of a large dark gray road go karts are on it,dci
sa_1551571,A modern train station can be seen. There are many service windows visible with people seen standing in front of them.,dci
sa_1551572,A teal-colored wooden gate can be seen going across part of the image. There is a building on the other side of the gate. ,dci
sa_1551573,People standing around a pump in the ground.  Many are holding cups.,dci
sa_1551575,The center of a plaza on an overcast day during the holidays,dci
sa_1551579,A very bright day outside of a restaurant area. with more buildings around,dci
sa_1551580,A handful of people sitting on street area more people on the left,dci
sa_1551581,Posters for a soccer team's upcoming matches. ,dci
sa_1551585,Looking down on a woman that is climbing a large rope inside of a wooded area,dci
sa_1551587,Chairs on the brick sidewalk at an outdoor cafe near a small park and a large building. ,dci
sa_1551588,A close up of a phone on a table,dci
sa_1551589,Here is a look inside a room of an art gallery showing. There are three visible people walking around viewing portraits that are on the walls. ,dci
sa_1551590,Here is a scene of two boys looking at a surrounding zoo exhibit that has stairs a pond inside with small otters swimming. ,dci
sa_1551591,"This is a picture of a plaza inside of a mosque. The plaza includes a large building to the left with arched entryways, then walls on the other two sides that have arches on them. In the middle is a vestibule of stone.",dci
sa_1551592,A far away city scene at night with fireworks going off over a main skyline in the distance. In the foreground is a street with three large white buildings and a street illuminated by streetlights.,dci
sa_1551596,There is a plane flying through the blue sky. It is mostly gray with a red front and a blue tail. ,dci
sa_1551598,A street train with advertisement on its side sitting in what looks to be a city street.,dci
sa_1551599,It shows the front of a fancy blue car. There are trees and buildings in the background. ,dci
sa_1551601,Blocks of hay covered in blankets surround wood pallets used as tables on a grassy field. Tall mountains go across the background of the image behind a line of full green trees.,dci
sa_1551602,"Through a window in a blue wall, a dining area is visible. People are seated at tables eating. ",dci
sa_1551604,"There is a building that is tan and weathered, which has bright green shutters. There is a building coming out to the right, a tree up top, and a blue sky.",dci
sa_1551606,two monk children are standing in a doorway of a building. each child is wearing a red robe and standing on the right side of separate doorways. ,dci
sa_1551610,The image depicts a brown-greenish weathered statue of what appears to be a Roman leader/warrior with a staff in his left hand and depictions of civilization engraved onto his chest. ,dci
sa_1551612,A building that is constructed of steel and glass with white panels on the tops of the walls and curving down from the ceiling.,dci
sa_1551617,A gray bridge can be seen with buildings in the background. The bridge appears to be made of many gray bricks.,dci
sa_1551618,"A store in a large red brick building with large windows on the front, built at the corner of an intersection. The building looks old, but it is still being well maintained.",dci
sa_1551619,"People walk through a wide hallway with a low ceiling. Advertisements are on the wall, including one with a beer glass. ",dci
sa_1551623,A statue of a woman dancing in a ruffled dress near the water,dci
sa_1551624,There are multiple storefronts on the large building. There are people walking around.,dci
sa_1551625,Two men are walking through a tall grey concrete entrance to a temple with two rows of short red with a dark bamboo on each side. Tall full green trees are in the background on each side of the walk way going down the center of the image.,dci
sa_1551627,There is a long building with green and gray on it. There are pillars going in front of it with a top and then a street and a grassy area.,dci
sa_1551629,three rows of windows are visible on the wall of a medieval castle. the wall is constructed with stone bricks and takes up the entirety of the image. ,dci
sa_1551633,A simple wooden gate serves as an entrance to a camping site with a tiny house on the left.,dci
sa_1551634,A large city can be seen. There are many buildings and highways visible with a large skyscraper seen in the center.,dci
sa_1551637,A man competing in pole vaulting.  He is jumping over a red pole and there is a crowd watching in the background.,dci
sa_1551639,A mechanical factory floor with no people present. It is filled with yellow and blue pipes and bars making up unidentified machinery.,dci
sa_1551640,Two women are cutting grapes off a row of vines in a vineyard. Mountain slops appear in the background. ,dci
sa_1551643,"This is a picture of two gondolas in Venice. The drivers are wearing red and white shirts and on their gonaolas, between two buildings. There are more gondolas in the background.",dci
sa_1551644,"This is a town with many homes and businesses in a valley, surrounded by mountains with one visible way out.   We are looking down Main street from upon an adjacent hill, the road seems to end in front of us and branch out as private dirt roads.  ",dci
sa_1551646,There is a picture of a cat with white fur in the middle and black and brown fur on its sides. It is on a white cushion.,dci
sa_1551647,Tall buildings set against a blue sky. There is an open field with some construction equipment in the foreground. ,dci
sa_1551649,Men dressed as soldiers standing in the middle of a street surrounded by people and buildings.,dci
sa_1551651,"There is an ornate white church that has gold embellishments and a tower on the side. There are palm trees around it, and a white sky above.",dci
sa_1551652,A pile of litter in the woods.,dci
sa_1551653,A meal set on top of a rounded black plate.  There are Oreo cookies on top of the meal and on the wood cutting board.,dci
sa_1551657,an ornate wall in a temple with carved golden dragons aligning a wall with tons of color and adornment in gold,dci
sa_1551658,People walking on a tropical beach,dci
sa_1551659,A group of military people standing in a line with crowds of people behind in a sunny day in an African country.  ,dci
sa_1551665,A large white jet is taking off from a wet grey runway. A grassy field and a thick line of trees are behind the runway across the back of the image.,dci
sa_1551668,A singer performing in a dark lounge. He is wearing a blue jacket and his face is blurred. ,dci
sa_1551669,The right side of a parked blue tour train with open windows and wood benches. ,dci
sa_1551670,We see five jet planes flying up into the sky in different directions.  The smoke from the planes create an object that looks like a five-pointed leaf. ,dci
sa_1551671,There is a white building on the right side of the image. Some parts of the building are destroyed.,dci
sa_1551674,An open-air restaurant next to a beach.  The beach has two booths on it and any people who are sitting under umbrellas.,dci
sa_1551677,A pile of canned food with Asian character writing on them.,dci
sa_1551678,There is a large silver curved building. It has recesses across it and red writing on the left and right. ,dci
sa_1551679,A round fountain shoots water all around its perimeter towards a C shaped statue in the middle. In the background are bright green trees and plants.,dci
sa_1551681,"There is a bird with a dark gray head, a lighter gray body, dark strips across the back and dark tail feathers.  It is on a ledge with rocks in front of water.",dci
sa_1551683,Red construction vehicles on a street,dci
sa_1551684,A night view of buildings all lit up around a body of water,dci
sa_1551685,A group of people are playing ice hockey in an outdoor area. Trees and buildings can be seen going across the background.  ,dci
sa_1551686,This shows a view of the top of a cream colored religious building with tan trim and a light blue dome shaped roof with a clear dark blue sunny sky behind it.,dci
sa_1551688,Riders of mountain bikes in a race that are grouped under the finish line.,dci
sa_1551689,A girl in a white t-shirt and black shorts jumping with a tree and a skyscraper in the background.,dci
sa_1551690,People exploring a series of ruins down a hillside,dci
sa_1551691,A highway overpass crosses above a perpendicular street with a few cars on the street and people on the sidewalk. The top of a city skyline is seen behind it at right.,dci
sa_1551692,Two boys in a boxing ring boxing each other with a referee looking at them. There are people in the stands and at the bottom of the ring watching the match in the ring.,dci
sa_1551695,It shows a large body of water going into the horizon. There is a tile floor with an overhang and stairs going up into a building.,dci
sa_1551698,The sliding doors of a subway car are the central focus of the picture. The subway is white with red and blue accents and the doors are see through and outlined in black.,dci
sa_1551699,A picture of a boat on the water. There is a tall black building behind it and shorter buildings in the surrounding area.,dci
sa_1551701,A line of people walking beside a church,dci
sa_1551703,Motion blurred people are walking on a bridge in London with the famous buildings like the Shard in the background.,dci
sa_1551704,Three multi-story buildings are are along a residential street that goes across the bottom of the image. The sky is mostly cloudy with small sections of light blue visible.,dci
sa_1551705,A parade that is themed to the Sesame Street television series can be seen moving along a street. There are people watching the parade from both sides of the street.  ,dci
sa_1551711,The inside of a room has a green carpet. There are three stools on the left side.,dci
sa_1551712,A man in a costume with a black robe and a brown cape is leaning against a natural brown stone wall holding onto a crooked staff. Buildings and trees are in the background.,dci
sa_1551714,The outside side of a convention center is showcased. Its side is made of large panels of glass windows.,dci
sa_1551715,A small pink and white temple sits in the background while a tree with beautiful red small flowers sits in the right forefront of the picture.,dci
sa_1551719,This is a picture of nesting dolls of soccer players. There are the male players pictures on the front of each nesting doll. On the bottom of the image are other nesting dolls that aren't soccer players.,dci
sa_1551720,"A view outside in a downtown area of city is seen with building around, traffic flowing, and people walking on the street.",dci
sa_1551721,A Cuba stamp with a cactus with a yellow flower in the middle. ,dci
sa_1551723,A post card that is white and has an image of china on it.,dci
sa_1551724,"There are five buildings appearing in the photo, two on the left that are facing the two other buildings on the right and one building behind them at the center. The buildings have multiple floors, with most of the balconies of the buildings appearing with metal bar enclosures. ",dci
sa_1551725,"The facade of  white building with black double doors, columns and a wrought iron railing on an upstairs balcony.",dci
sa_1551728,"Many people with luggage in a train station in front of ticket gates and a giant departure above, there are trains parked behind the ticket gates.  ",dci
sa_1551729,a large palace that is ornately decorated with statues and architectural features like arches and porticos.,dci
sa_1551730,Five rows of umbrellas are standing next to rows of long blue and orange tables with small white stools on a beach. Large boulders are in the background.,dci
sa_1551732,"This is a picture of the 'turning torso' building in Malmo, Sweden. In front of the large turning building is a bunch of three and four story low-rise buildings that are on the waterfront. In front of those is water and a bridge that crosses the image in the foreground.",dci
sa_1551733,There is a webpage open to the University of South Africa website.,dci
sa_1551734,A historic grey stone statue of a woman holding a book in one hand and a lute in the other hand is on top of a dark roof near the edge.,dci
sa_1551736,A yellow excavator is digging a black ground of rocks under a cloudy sky. ,dci
sa_1551737,A weathered statue of a man with outstretched hands can be seen. He is in front of a large gray building.,dci
sa_1551741,A webpage is open on a desktop.,dci
sa_1551742,Red and white bus driving down a road that has trees on the left and right. The scene takes place during dusk.,dci
sa_1551743,A man and a woman have just passed the finish line in a race on a street. People and vehicles are lined up along the left side of the street in the background.,dci
sa_1551744,A stone street can be seen extending from the foreground and into the background. There are buildings to the left and right of the street. ,dci
sa_1551746,Here is a scene outside in a residential building center with surrounding benches and sidewalks. ,dci
sa_1551747,"A small mint boat covered by tarps is parked in a small river, next to the bank where people are walking in front of small colorful houses. ",dci
sa_1551749,An image of a building with a wider open left side and metal barred sides.,dci
sa_1551750,A shopping market that is set up outside of a three story building. The scene is in black and white.,dci
sa_1551751,A man is crossing the finish line during a night time race ith another racer a few feet behind him. Large colorful hot air balloons are in the background on the left behind a line of parked cars.,dci
sa_1551752,A huge curtainwall skyscraper in a black and white picture. ,dci
sa_1551754,"A signage of the brand Lenovo is prominently featured in this photo. Below the signage, the ceiling of the Lenovo store is filled with light fixtures, a wall with multiple Lenovo logos, and a surveillance camera around the right. ",dci
sa_1551755,A woman can be seen sitting down at a small table. She appears to be selling things at a street market.,dci
sa_1551757,A large cream brick building is on top of a hill.  In the background is a cream brick wall and and a town surrounded by greenery.,dci
sa_1551759,Three wall archways can be seen with two rails present at the bottom of two of the archways. A building can be seen through the archways.,dci
sa_1551760,A sky view of a small city at the bottom of a mountain. A large mountain range covers the entire background of the image.,dci
sa_1551764,Nine sailboats are anchored in the water across the middle of the image. A large mountain range goes across the image in the background.,dci
sa_1551765,Two men are standing in a booth at an expo - one man is trying to sell camera equipment to another. ,dci
sa_1551766,"There is a black and white city street, with many tall buildings and vehicles, including a big bus. ",dci
sa_1551767,"A group of boys play a game in which they try to eat cakes of noodles while having their hands behind their backs. Other children sit on the ground, watching. ",dci
sa_1551768,A Burger King sign on a brown background,dci
sa_1551773,The busy square outside of a mall is shown. It is filled with people and pop up kiosks.,dci
sa_1551774,A large white building can be seen in the center of the image. Other buildings can be seen in the background.,dci
sa_1551778,the portrait of a woman is visible on the front of postage stamp. the stamp is square shaped with perforated edges. ,dci
sa_1551779,A white building set to the right in front of a winding walled walking path that goes up a hill and ends at a fort-like wall. ,dci
sa_1551781,Two construction workers are soldering metal on a worksite. They are surrounded completely by metal wires.,dci
sa_1551784,A picture of people chatting and walking at night near a plaza/market. There are buildings lit up in the background.,dci
sa_1551785,There is a propellor plane with wings that go out that is on a brown wood platform. There is water behind it. ,dci
sa_1551786,"There aare bronze statues standing in an area in front of a building with a sign reading ""Scotiabank Arena.""",dci
sa_1551787,A native Hawaiian performance in front of a group of white tourists in which the performers are in native dress standing on a two hulled canoe,dci
sa_1551788,There are two large buildings on the left and right. There is a building in the background between them.,dci
sa_1551789,A row of classic automobiles are lined up on a red carpet as people inspect them and informational signs next to the cars.,dci
sa_1551791,There is a child standing in a wooded area in front of a fence. There are many trees coming up behind him. ,dci
sa_1551792,"A group of people in India, including a woman a several kids in the middle are waiting to get rice on paper plates.",dci
sa_1551795,A professional motorbike racer is getting up after his bike has seemingly crashed into the gravel trap on the side of a race track.,dci
sa_1551796,"A train platform is pictured. On the right side is a trained pulled into the platform, on the left side of the picture is a bathroom hut in the middle of the train platform.",dci
sa_1551797,A white woman with a blurred face and in a former dress is standing in an indoor space being taken a pic using the flashlight. ,dci
sa_1551799,People are riding on top of a firetruck. There is another firetruck in the background.,dci
sa_1551800,A smoggy cityscape at sunset. ,dci
sa_1551801,There is a field with plants on the right and brown dirt and leaves on the ground on the left. There is a truck and farm equipment in the middle.,dci
sa_1551803,A bench in front of a pedestal that has statues around every level and a statue on top,dci
sa_1551804,A room has three shrines sitting in a row against one one wall. A series of wicker cones are hanging from the rafters in several rows. ,dci
sa_1551806,It shows a body of water with a shore on the back. There is a partially dark sky above with clouds.,dci
sa_1551808,There is a large walkway over a body of water. There is a boat in the water.,dci
sa_1551809,a group of police in a line follow a group of protestors all wearing white.,dci
sa_1551810,"This is a picture of a lot of people surrounding a river. There is a river flowing through the middle of the image with a ton of people on both sides of the banks, on the concrete ground and in the water. In the background are buildings and trees.",dci
sa_1551812,A man sits atop a powerline.,dci
sa_1551814,A hill covered completely in green trees takes up three-quarters of the picture. Below the hill are two tan houses with blue windows and a rocky waterfront with a calm body of water.,dci
sa_1551816,A man rides a small boat on a waterway between black netting at foreground and heavy vegetation on a short hill in the background.,dci
sa_1551817,A line of buildings along the side of a street made using bricks.,dci
sa_1551818,Rows of boats stored next to a pier,dci
sa_1551820,A open walkway that appears to be the approach to a train platform. There are two men jogging towards the camera near the center and a woman with two small children and a dog on the left. The train platform has a small building on it with vending machines and metal overhang. There are bike racks by the fence between the walkway and the platform.,dci
sa_1551821,A grey steam ship with hundreds of people on board is in a river in front of old stylish buildings in the background during a winter or autumn day. ,dci
sa_1551822,A snowboard is stuck in the ground pointing up. There are people around in the background.,dci
sa_1551824,An orange hydraulic crane can be seen lifted up. There are houses and a large hill in the background.,dci
sa_1551825,"A town with side-to-side buildings, with storefronts on the first floor of the buildings. A bridge in the foreground is seen, with bikes, people, and cars in the area.",dci
sa_1551826,It shows a waterway with a bunch of small boats and people with oars in it. There are green plants on the shore around it.,dci
sa_1551827,A city view a sky in the background.,dci
sa_1551828,"A white obelisk type structure rises in the center of an area ringed by a black railing. Behind, domed towers of a building rise against a blue sky and to the right tall trees stand in front of a wide building.",dci
sa_1551829,A row of white stone buddhas each holding with a different animal. Each Buddha sits on a yellow stone box. They are in front of some small trees and a building.,dci
sa_1551830,"A large group of people can be seen moving along a city street. There are road signs going over the street, and buildings and cars in the background.  ",dci
sa_1551832,Black and white floor inside the middle of a stone building. There is a second floor balcony with stone railings.,dci
sa_1551833,A man driving a cart being pulled by two oxen down a dark road towards the camera. The road appears to be in a rainforest and there are two passengers riding on the back of the cart.,dci
sa_1551834,Children with helmets are riding bikes through an area with trees on either side in a race.,dci
sa_1551835,Three large tapestries with red borders and yellow backgrounds depicting Asian culture with black figures. It's on the first floor of a shopping mall.,dci
sa_1551837,"There is a round griddle with a person cooking a tortilla on it. It is on a red tablecloth with white polka dots and the person’s hand, shirt and pants can be seen behind it. ",dci
sa_1551838,Part of the exterior of a building can be seen in the image. The building has an intricately designed entryway. ,dci
sa_1551844,A dual carriageway road is surrounded with tall trees and a median strip with trees planted in between to separate the lanes going in the opposite direction. Several cars are appearing on the left and right side of the carriageway. ,dci
sa_1551845,"This scene shows a wall that is white and has large letters in black that reads ""CHANEL"". The white walls have little portions that are cut differently from the regular wall portions.",dci
sa_1551846,A restaurant can be seen on the ground floor of a building that stands in the background. People can be seen walking in front of the building and sitting at tables outside of the restaurant. ,dci
sa_1551847,A black car is parked on the side of a city street.,dci
sa_1551849,A street with people and buildings around it. ,dci
sa_1551850,"Here is a view looking at many kinds of sneakers, shoes, and other footwear on shelves attached to a brick wall. ",dci
sa_1551851,A top down view of decorative flowers on tables.,dci
sa_1551852,"A close up looking into a group of women wearing white shirts and head scarves and colorful skirts. There are palm fronds, flags and colorful beads all around.",dci
sa_1551854,A white building with teal vertical stripes sitting on dirt during a cloudy day. There are tall white and red structures on the left. ,dci
sa_1551855,A group of people can be seen spread out across a stone street. There are buildings and trees in the background. ,dci
sa_1551856,There is a young girl who is leaning down to a patch of white flowers. There is green grass and other white flower patches around her. ,dci
sa_1551859,A small brown stone statue of a god on a round stone base with a pile of silver and copper coins and knotted strings on the top.,dci
sa_1551863,A bluish-green plaque that appears to be a memorial related to World War One can be seen on a stone in an outdoor area. ,dci
sa_1551864,"Ancient vases are displayed on a dark blue platform in what looks to be a museum. A picture of the vases appears on the right side of the photo, along with orange brick flooring on the upper left side.",dci
sa_1551865,People are walking in an area near an intersection near several multistoried buildings during the day.,dci
sa_1551867,A house with green bushes attached to it. There is water near and kind of around the home. There are other buildings in the background.,dci
sa_1551868,There is a row of green plants with sunflowers on them and trees behind them. On the left there is a street with cars in the background.,dci
sa_1551870,"The picture is a snowy town on a hill. The picture is taken down into the town, which includes some mid-sized tan stucco or concrete buildings on the left, various stairs to navigate the hills and shadows of buildings to the right.",dci
sa_1551871,"Passengers are walking in a plaza outside an airport in a sunny day, the plaza is covered by an open metal structure. ",dci
sa_1551873,a group of bicyclists all wearing yellow shirts are riding on a roadway. there are a row of palm trees visible in the background. ,dci
sa_1551875,A train on the tracks beside a train station,dci
sa_1551877,A dirty outdoor exhaust vent installed outside a wall with greasy stains on it. ,dci
sa_1551878,"A blue rectangular concrete building is showcased. It has a large white banner across the front that says ""ESTADIO"" in big blue letters and ""Uso Gratuito"" in smaller black letters in the left corner.",dci
sa_1551879,A stone building with a clock tower on the right side and a dome on the middle section.,dci
sa_1551881,A busy city that has a body of water at its center which is filled with ships and the body of water is surrounded by buildings.,dci
sa_1551883,A stone wall can be seen on a beach with clear blue water visible. There is a large building on the left that overlooks the sea.,dci
sa_1551884,A daytime scene with hazmat workers in front of a red jet engine. The jet engine is labeled Air Asia.,dci
sa_1551887,A garden can be seen with many different types of flowers and trees. There is a large white house in the background.,dci
sa_1551888,a parking lot for a large electronics store with a large sign advertising the store. ,dci
sa_1551889,A German village with a business below a sign advertising the business. ,dci
sa_1551892,Here is scene outside of a residential area of two concrete buildings situated outside during the winter time with trees around it. ,dci
sa_1551893,Here is a scene outside looking over main roads with metal traffic barriers and an electrical transmission tower in view. ,dci
sa_1551894,"This is a picture of a street and marketplace. There's a gal walking in front of the camera, with several trucks driving down the road. The far side of the street includes multiple two story buildings, all different colors.",dci
sa_1551896,A large pink building with arches on the first floor,dci
sa_1551902,A wide tan and brown building with a market in front of it,dci
sa_1551903,A cafe with a wood paneled counter has a woman working behind it. A chalkboard menu is mounted on the wall. ,dci
sa_1551904,We see a large group of green trees at the foot of a taller hill.  The hill is covered with green and yellow grass. ,dci
sa_1551905,"A statue of two soldiers has a tall base with Russian text on it. The statue stands between two cherry blossom trees, one straight and the other with forked branches.",dci
sa_1551910,"A wet pedestrian cobblestone street with buildings on both sides. In the distance, near the end of the street you can see some pedestrians.",dci
sa_1551911,A number of people walk across an area paved in cobblestones. Old buildings stand in the background. ,dci
sa_1551913,"In a monochrome photo, a large entrance door with a doorway arch surrounding it. ",dci
sa_1551916,A wrap around balcony on the second level of a cafe.,dci
sa_1551917,A downward look into the interior of a rotunda. It is made up of columns with a statue in front of each column. At the center is a large wood sculpture of a bench with a scroll on it.,dci
sa_1551920,Several large buildings can be seen with advertisement signs on the side. People can be seen on a very large walkway in front of the buildings.,dci
sa_1551921,Several jeeps are parked by the shore of a lake. A few trees stand nearby.,dci
sa_1551926,There is a building that is ornate and very wide. It is lit in orange light and has many carvings and windows going across. ,dci
sa_1551927,"There is an ornate building with openings with curved tops. There are many pillars with marks in them, pools in the front and domed roofs on the top.",dci
sa_1551929,A train arriving at the station while people are waiting,dci
sa_1551930,"A black and white, up close image of a portion of the top and front of a bicycle on a brick road. A large black tank, curved handlebars, and a small headlight are visible on the bicycle.",dci
sa_1551931,An exterior night view of a large white building in the middle of a busy commercial corridor.,dci
sa_1551932,"This is four young people in heavy winter coats, facing away from us, in a snowy busy city, waiting to for a crosswalk signal to change from the red exclamation mark it is now, so they can cross. ",dci
sa_1551933,A castle wall can be seen going across the foreground. Buildings and trees can be seen going across the background. ,dci
sa_1551934,On a sunny day cars and motorbikes driven on a road under a viaduct. There is a yellow cab in the middle of the photo. ,dci
sa_1551935,There is a large body of water in the middle of the image. There are mountains and trees in the far distance.,dci
sa_1551936,A sculpture made out of tree logs displaying banners stands before a building with many flags lining the railing.,dci
sa_1551937,"A bustling street festival with bright, triangular parade floats and hundreds of people in a tropical setting. There is a shirtless man wearing a lei front and center and another group of men wearing dark red shirts with yellow trim also in the foreground.",dci
sa_1551940,a large cruise ship is docked on a port. the front of the vessel is facing the foreground. ,dci
sa_1551941,"There are hanging strips going across that have many little papers attached to them. There is one going across the top, one slanting down and one in the background. ",dci
sa_1551942,A tavern sits on the corner of a street. ,dci
sa_1551943,"A seaport with glistening water and many boats parked in front of a large, modern brick building with a lot of windows. The building is surrounded by blue vertical cranes and there is a person paddle-boarding in the center of the frame on the water.",dci
sa_1551945,A crowd of people are standing in front of a winners podium with three men and two women standing on it. A red building and orange tent are behind a temporary fence in the background.,dci
sa_1551946,"multi-story brick stadium on the left side within a city on a clear sunny day behind cars, people, and a tree in a parking lot. There are multiple building to the right of the stadium.  ",dci
sa_1551947,"In this image, we see abstract outlines of a family, the handicapped symbol, a man and a woman, and a person changing a babies' diapers on a brown background.   ",dci
sa_1551948,A large white building with rounded sides and a cross at the top of a square tower.  There is an asphalt road in front of the building.,dci
sa_1551949,There is a man lying down in a field of grass. He has on a green uniform and is holding a gun. ,dci
sa_1551950,Under a blue sky there are stairs leading up to the entrance of a large mosque with a big tower on the right.,dci
sa_1551951,"The inside of a vehicle. It appears to be a train with blue seats. There is a door towards the back, and you can see the outside through the windows.",dci
sa_1551952,Two bridges over a river,dci
sa_1551954,A group of people who are wearing similar uniforms are marching down an asphalt street. ,dci
sa_1551957,"A street lined with tall modern style buildings, full of windows and balconies.  There is a bus driving past the buildings.",dci
sa_1551958,"There is a dock that goes out on the left with a fence around it. There is a large body of water beyond it, and a distant shore. ",dci
sa_1551959,There is a white and brown dog sitting in the middle of a grassy field with a ball in front. There are houses in the background. ,dci
sa_1551960,A waterfall with several short layers of rapids,dci
sa_1551964,"An open railroad car with a big machine on it, going left to right in the picture.  The railroad tracks are on a little hill, with some grass, a bush, and a small tree in the foreground, and a very light-blue sky that's almost completely clear above and behind the tracks and train car.",dci
sa_1551965,This is a building with many statues on it.,dci
sa_1551966,There is a white computer screen that is slanted with a lot of writing. There is a blue background on the left and top. ,dci
sa_1551967,A dressed up girl is doing a leg hold. ,dci
sa_1551968,"This is a picture out two windows, the left views onto a large domed structure, with three domes in a row and increasing in size. The right is another dome, but only part of it and a large pillar behind it.",dci
sa_1551969,A coach in a blue suit and tie yells at players. There is a basketball court behind him with a player on the court and fans filled in the seats.,dci
sa_1551973,A train station with a train stopped in the station and passengers exiting on the opposite platform,dci
sa_1551974,"A tall, white statue of a man in a loin cloth with an infant in his grip. The statue stands in front of a row of trees and a long hedge with a bench in front of it.",dci
sa_1551975,"A canal starts in the foreground and extends towards the background. There are buildings on both sides of the canal, and a tall tower at the far end. ",dci
sa_1551979,A traditional asian style doorway entrance. The doorway is cement with gold characters bordering it. Around that is painted red with decorative lamps hanging overhead.,dci
sa_1551982,There are dozens of colorful nesting dolls set up on a table and a series of shelves on the wall.,dci
sa_1551986,There are large buildings with yellow walls. There is a statue in the middle of the plaza.,dci
sa_1551987,"A large, white building with Islamic architecture under a white sky during the day.  In front of it is a garden of green bushes and trees, and two statues of men on white horses.",dci
sa_1551989,There is a girl with a blue shirt and black shorts who is standing just inside the water of the beach. ,dci
sa_1551991,There are a couple of houses next to each other with various plants on the ground and window sills during a partly cloudy day.,dci
sa_1551992,"These are four people in yellow jackets standing on a snowy slope with a red sign that says ""North Pole 90 degrees N"" in white writing.",dci
sa_1551996,There are people walking in the road. There are buildings and trees in the background.,dci
sa_1551997,An area with vehicles and two large planes that are visible. There is one large building in the background. I believe this area is an airport or part of one.,dci
sa_1551999,the front view of a church bell tower on a clear sunny day. there are trees in the background and on each sides of the church. ,dci
sa_1552002,There are gas pumps at the gas station.  These pumps in the front are labled with the numbers 8 and 6.,dci
sa_1552003,An asphalt road can be seen going across much of the image. There are buildings and trees in the background. ,dci
sa_1552004,"There is a blue wooded gate door where the right one is broken and off the hinges. There is a weathered white wall on the sides, steps going up and a white building with blue windows behind it.",dci
sa_1552005,A large crane and other heavy-duty equipment parked at a pier next to a city full of skyscrapers,dci
sa_1552006,A passenger sitting inside a bus.,dci
sa_1552007,City street view during the day. On the left and right of the street are tall buildings on the right there are large trees on the sidewalk.,dci
sa_1552008,Here is a view outside in a city near a brown sandy beach area where people are rowing a boat on the water. ,dci
sa_1552011,a group of houses in what looks like a green mountain area with low fog,dci
sa_1552013,It shows womanly legs that are in black shoes with more legs and shoes behind it.  It is on a wood floor with gold flakes on it.,dci
sa_1552015,A street with old buildings on either side and cars parked along the side.,dci
sa_1552017,A group of people are walking in lines down a street toward the front of the image. Buildings and green plants and trees are on each side of the street.,dci
sa_1552018,It shows a large tree with branches that go across and a man sitting on them. There are a bunch of cypress knees coming out of the water. ,dci
sa_1552019,Three people can be seen taking a selfie in front of a large tan building. There are two men and one woman.,dci
sa_1552021,A scene of people standing on a street with two men next to a plant at foreground. A banner hangs next to scaffolding in the background.,dci
sa_1552022,Children in wooden boats on a lake with house on platforms on the water in the background.,dci
sa_1552028,two sago potted sago palms are in located on a rocky landscape in front of a beach resort. ,dci
sa_1552030,A car driving on a road with trees to the right side. There is a person hiding behind a large tree.,dci
sa_1552031,Airport on the left side behind a smoking area within a bus stop on the side of the road on the right side. It's day time with many streetlights visible and a chain of mountains behind the airport and forest in the distance,dci
sa_1552035,Passengers are waiting at a boarding gate in an airport with suitcases and some of them are wearing masks.  ,dci
sa_1552036,An oceanfront scene with a castle-like building in the foreground. The building is made of brown stone and has a turret on the left with a green copper cupola at the top and an islamic moon weather vane type topper. The ocean is a brilliant blue and turquoise.,dci
sa_1552037,Line of wine bottles along wall over a wooden platform with a backlight in front of the bottles ,dci
sa_1552040,The entrance of the Thompson Hotel. The doors are rectangular and are made of glass. You can see the reflections of trees in the doors.,dci
sa_1552044,Displays at a high end cosmetics store. ,dci
sa_1552046,"This is a picture of two guys loading streetsigns onto a truck. The men are in orange shirts and yellow reflective pants, putting the red circle with black lettering signs onto a yellow flatbed truck. The background is an angled down ceiling with wood beams and skylights.",dci
sa_1552047,A clear blue sky is over a bunch of various buildings in the background. There is water in the front along with a few boats that are in the water.,dci
sa_1552050,Here is a scene looking outside at many trees growing in an area with a long public walking space leading to a giant monument of a meditating figure. ,dci
sa_1552052,A view outside of a city area in the Middle East during the daytime. There are public roads with people walking around in front of a large palace style entrance. ,dci
sa_1552053,The interior rotunda of an Italian cathedral made up of panels of art. A glass casket containing the body of a religious figure is in the foreground.,dci
sa_1552054,A photo of two women wearing hijabs walking by a shop at the corner of an old two-story pink building.,dci
sa_1552055,A child's swing on a blue frame in the middle of a trash-strewn area,dci
sa_1552056,"A man lying on  a metal bench in front of a grey metal fence on an elevated platform.  In the background is a city, with buildings and trees.",dci
sa_1552058,A large courtyard within a palace's gates with tourists coming through the portico. ,dci
sa_1552060,There is a hill with a lot of brown grass and plants on it. There is a house in the back left and a river curving on the right side. ,dci
sa_1552061,"Under a blue sky in a park, there is a giant stone sculpture of three figures under a gate in a fountain. ",dci
sa_1552066,a building is visible in the center of the image. there is a bronze statue of a man waving above a garden located on the lower right.,dci
sa_1552067,Three red and white city buses are lined up across a city street.,dci
sa_1552069,Four people are standing around each other. There is a tree and a building in the background.,dci
sa_1552072,An orange sign hangs in front of a window. A reflection of a man talking on a cell phone is visible in the glass. ,dci
sa_1552073,A hot air balloon flies over a hilly landscape with a road running through it. ,dci
sa_1552074,This is an image of eight half cases of Pepsi sitting together on a shelf.,dci
sa_1552075,A row of interconnected buildings with stores on the bottom floors,dci
sa_1552077,A long rectangular red brick building with concrete pillars in the front.  A green lawn and palm tree is to the right.,dci
sa_1552078,People are sitting on benches under pink sakura cherry blossom trees in a park with a tall skyscraper in the background.,dci
sa_1552079,"A man stands with his arms crossed in an area that has many toys, electronics, and appliances spread out across it. ",dci
sa_1552080,The image depicts a big blue boat house sitting at the end of a wooden boardwalk in the middle of a large lake at sunset. ,dci
sa_1552082,"A man and a woman walking away from the camera, on a wet, grey, brick road, holding umbrellas over their heads.  On their left is a red brick sidewalk lining a row of buildings, and in the background and on the far right of the image are green trees full of foliage and more buildings.",dci
sa_1552083,two hard-shell suitcases are located on the side of a winding road. there are snow covered rocky hills in the background. ,dci
sa_1552084,An event in a livestock building where two men are rounding up cattle.,dci
sa_1552085,This is a woman wearing a colorful dress posing in a shop with shelves of bags behind her.,dci
sa_1552086,A blue and yellow door is trimmed in green and yellow and on a cream colored wall.,dci
sa_1552087,A street in Nashville with 3 visible storefronts and an older model black car parked on the road. There are people walking on the sidewalk behind a row of black curtains.,dci
sa_1552088,There are some people walking on a train platform. There is no train on the tracks.,dci
sa_1552089,Under a blue sky there is a river with a blue bridge crossing it in the back. And there are fishing boats with big paddles on the river.,dci
sa_1552093,The view from the other side of the road of large rental properties.,dci
sa_1552096,A picture of a building that looks pink or very light red. The top/roof of the building is black and has a finial on top of the side section.,dci
sa_1552098,A very fancy radio or other electronic device,dci
sa_1552099,We see a group of people walking down and up a stone path.  There are trees to the left and right of the stone path. ,dci
sa_1552101,the view is of a small town nestled in a hills with surrounding trees. the rooftops are largely in the center area. ,dci
sa_1552102,"People are walking on a road in front of a lawn in a sunny day, there is a woman in the front putting a flag around her belly walking to the right. ",dci
sa_1552103,"A storefront window of a clothing shop called ""Senidah x FASHION&FRIENDS"". In the reflection of the window you can see buildings and cars parked on the side of the street.",dci
sa_1552104,A group of people are gathered in an outdoor area. A few of the people are smiling at the camera.  ,dci
sa_1552105,A painting or crafts activity event outdoors in a plaza. ,dci
sa_1552106,There are buildings in the background. There are people sitting down under umbrellas at tables.,dci
sa_1552111,"People are watching a carnival parade in a sunny day with palm trees in the background, there is a dressed up female performer standing tall in the middle.",dci
sa_1552112,The counter at a toy store sells toy baby carriages. ,dci
sa_1552114,A woman in a pink and white dress is sitting in a chair next to a table on a front porch of a chapel surrounded by plants.,dci
sa_1552115,"There is a bridge on a thick pillar going down that is over a large water area. There are boats in distance, a distant shore and a multi-color sky.",dci
sa_1552118,An internal view of a church showing an intricate curved design on the ceiling. There are tan chairs with a row in the middle and large stone walls and archways on either side.,dci
sa_1552121,There is an empty boat in the water. There is a bridge spanning the image with people on it. ,dci
sa_1552122,"A road with a sidewalk of buildings, one of which is flying two British flags in front of it.",dci
sa_1552123,"In a sunny day a male is block printing a yellow cloth using a block on his right hand, behind him there are two people chatting under the sun.",dci
sa_1552126,cars on a four lane divided highway (left hand drive),dci
sa_1552127,A combine harvester can be seen pouring harvested wheat into a truck. The two vehicles are travelling along a large field of wheat.  ,dci
sa_1552129,"This is a clock on a large light pole in the middle of the Place de la Comedie in Bordeaux France. In the background are large, multi-story white buildings, with first-floor retail shops. The background features a large pedestal statue and farris wheel. The plaza is stone and concrete.",dci
sa_1552132,A long white rectangular cardboard box with orange and blue images on it in front of a white background.,dci
sa_1552134,"There is a small wood structure on the left with a door on the right corner. It has a wood walkway leading up to it, and is in the middle of a natural area with plants and trees.",dci
sa_1552135,A webpage is open to a screen with text and a logo on it.,dci
sa_1552136,A stained glass window of the Blessed Virgin Mary appearing to Ste. Bernadette de Soubirous,dci
sa_1552141,a stone walking trail leads to a stone lantern on the shore of a pond. the area is surrounded by trees. ,dci
sa_1552143,A group of soldiers can be seen seated in small green chairs. There is one soldier in the front speaking to the group.,dci
sa_1552144,A red building with corinthian columns and green doors,dci
sa_1552145,There are trees and grass in the forefront of the image. There is a building in the background.,dci
sa_1552146,"A group of black children lined up in a row, going back, up, and to the right in the picture.  They're holding up a long white string with rectangular white cloths hanging from it that say ""iHH"" on the front in green . Behind them is an African village with rectangular clay buildings and some trees.",dci
sa_1552148,A work truck is parked on the road outside the resort. The entrance to the resort has large trees and a black and white car parked in front of the door.,dci
sa_1552149,A large museum building goes across most of the background. There is a river that flows in front of the building. ,dci
sa_1552150,A long building with Chinese characters down the corner,dci
sa_1552151,A night time view of a trolley car on rails passing through a trolley stop with glass shelters. Some tall buildings are seen in the darkness behind.,dci
sa_1552153,Children in uniforms playing on outdoor playground equipment,dci
sa_1552154,A digger can be seen demolishing a building. There is a body of water seen in the background with many buildings visible across the water.,dci
sa_1552155,"a white twisting skyscraper stands tall in the center of the image. there are two square buildings in the foreground, one on each side of tower. ",dci
sa_1552158,There is a blue train letting people on it at the bottom of the image. There are many buildings in the background.,dci
sa_1552160,A group of people standing in an area. There are people in gear that look like police or soldiers and there are people dressed like average citizens as well.,dci
sa_1552162,An approximately three story tall building can be seen standing in the background. There are a couple of cars parked on the right hand side of the image. ,dci
sa_1552164,A royal marching band dressed in bright red jackets and black bearskin hats marching in front of Buckingham Palace and the Victoria Memorial with a large crowd of people behind them. There are some cones and police cars in the rear of the band as they are exiting the palace gates.,dci
sa_1552165,A building with a large sign.,dci
sa_1552166,A yellow excavator machine has its long arm in a triangular position as it faces forward in a construction site. Hilltops are seen under the sky in the background.,dci
sa_1552167,Large outdoor courtyard with statue busts and planted bushes around the busts. The walls are made of stone bricks and the sky is a bright blue with wispy white clouds.,dci
sa_1552168,There is a computer screen. Most is blurry but there is a magnifying glass on the top left that puts it into focus. ,dci
sa_1552169,There are many green trees going up with a lot of green leaves. There are cables going across with cabins.,dci
sa_1552170,A small amphitheater that lies in ruin can be seen in the background. Trees can be seen spread out across the area. ,dci
sa_1552174,A red double decker bus with people on top level drive past a corner pub,dci
sa_1552175,Golden altar with 3 kneeling pads in front of it and 3 huge buddhas in the back in a room filled with colorful  pictures and flags,dci
sa_1552176,"A white wall with an open archway door is sitting on top of a wall that has intricate tiling of blue, yellow, and white colors.",dci
sa_1552177,This is an area near a building.  The area is on the ground level and there is a ceiling above it.,dci
sa_1552178,There is a wood wall with two green signs on it. There is a window next to it on the right. ,dci
sa_1552181,"A cluster of buildings with interesting features like statues, domes, and columns",dci
sa_1552183,"A reflective surface with flat silver metallic flat bars stacked on top of each other, which is slightly angled. There is a black sign at the bottom has a white logo and white wording that says ""BORD GAIS ENERGY THEATRE"" with 3 musical posters to the right of it.",dci
sa_1552184,A very large tree with purple Wisteria flowers can be seen. There are people seen all around the tree.,dci
sa_1552186,A small child can be seen pushing a toy car in a parking lot. The back of several cars can be seen.,dci
sa_1552401,Many cars can be seen on two streets in a city. There are several buildings seen next to the streets.,dci
sa_1552403,A boy is standing over a blue and red see saw. There are bare trees in the background.,dci
sa_1552404,A little girl in a pink dress is sitting at a brown wood school desk next to a large stuffed doll outside. A globe is sitting on top of two colorful boxes to the right of the school table.,dci
sa_1552406,A set of five white t-shirts with various animal heads printed on them hanging on a metal fence on wooden hangers,dci
sa_1552407,Here is a look outside in a small town where cars are parked outside of buildings of storefronts. ,dci
sa_1552408,"A tugboat pulls a barge filled with sand along a body of water. In the background, silos, pipelines, and buildings stand in the middle of a tree-lined shoreline.",dci
sa_1552409,A store that appears to be selling pottery can be seen to the side of a road. There is snow on the ground and trees going across the background.  ,dci
sa_1552410,"A narrow city waterway is lined with modern canoes, some of which are filled with passengers. The waterway is bordered on either end by rows of tall buildings.",dci
sa_1552411,an empty street in a village. there is a single person walking and a few cars in a lot in front of a building. ,dci
sa_1552412,A neoclassical building,dci
sa_1552413,There are three people walking on a dirt land with animals. There are green-covered mountains in the background. ,dci
sa_1552417,A train  is stopped at a station. The train driver is still in the driver's seat.,dci
sa_1552420,"A long building stands at the end of a busy city street. The building has a number of logos from businesses on it, including logos of National Geographic and Fox mounted on the top. ",dci
sa_1552421,People are walking back and forth. There are buildings on either side of them.,dci
sa_1552423,A group of Canadians are waving flags of Canada on a transparent roof of a bus station with lots of people taking pictures and celebrating in front. ,dci
sa_1552425,the front view of the ruins of an ancient temple stop 3 large columns. there are vertical stairs in the center of the columns leading up to the temple.,dci
sa_1552426,A man sits in a chair in a barber shop. He has the words 'EURO 2016' shaved into the back of his hair with a French flag below them. ,dci
sa_1552427,A lot of people are standing in lines at an airport.,dci
sa_1552429,"A 3-tiered display of countertop kitchen appliances, irons and dvd players. The shelves are light brown wooden risers with particle board grain on the surface. Three are yellow signs in front of each item with the price and everything appears to be on sale.",dci
sa_1552430,"This is a picture of a man walking down the middle of a boulevard in a european city. On the left and right are four-story buildings, all made of concrete and wood and jutting to the middle are flags. In the background, there are people on the street.",dci
sa_1552432,The top of a stone building that has statues on the left and right corners,dci
sa_1552433,An art museum stands along the right side of the background. There are other buildings visible along the left hand side of the background.  ,dci
sa_1552435,Four large buildings are in the middle of the image. Two of the buildings are green and one of them is yellow.,dci
sa_1552436,This is a picture of many people crossing a crosswalk in front of a large teal blue building. The people are all wearing jackets and pants for the most part. The building has three large windows and three arched ground-level entryways.,dci
sa_1552437,A crowd of people are gathered in front of a building. Someone in the crowd is holding up a handheld flagpole that has the flag of Brazil attached to it. ,dci
sa_1552438,A nightime aerial view of a lighted bridge spanning across a wide river that passes through a European city.,dci
sa_1552439,"A sky view of a large city full of tall buildings, large parking lots, and city streets. The sky is grey and hazy covering the view of the mountains across the top of the image.",dci
sa_1552441,A green military helicopter,dci
sa_1552442,A small child wearing a green jacket is sitting on a person's lap on the front of the image. More people are sitting in a row of black chairs with white attached tables on the back right side of the image.,dci
sa_1552443,Some light brown buildings along a street.,dci
sa_1552446,A crowd of people and a couple of cars can be seen in the foreground. There is a large building that has a store within it going across the background. ,dci
sa_1552447,"two women in a row between bushes of some crop, on a hillside overlooking a terrace farm",dci
sa_1552449,There are white buildings all throughout the image. There is a white van parked at the bottom of the image.,dci
sa_1552452,A large castle building with vines on the walls. The front yard has a large grass area and a round driveway with a silver SUV parked.,dci
sa_1552454,"A picture of a plant with a yellow bloom/flower in the top middle. There are tree branches, vines, and stems around this flower in the surrounding area.",dci
sa_1552455,There is a small yellow building on the left side of the image. There are two people standing under the roof of the building.,dci
sa_1552456,There is a computer screen that is white and slanted. It is the Wikipedia page for Warren Buffet and has links on the left and writing on the right. ,dci
sa_1552457,There is a large black rectangular sign that has the M McDonald's logo on it. There is a window under it and a green plant coming up on the left. ,dci
sa_1552458,"A subway line runs between two platforms, an empty one at foreground and one behind with people under illuminated signs, walking up stairs, and waiting for the subway.",dci
sa_1552461,"We see a pink stamp with a white border.  The stamp has ""Australia"" at the top.    We see a drawing of a bionic ear on the stamp. ",dci
sa_1552463,a group of runners in a marathon are jogging through a city street. there are buildings visible in the background. ,dci
sa_1552464,There is a large water area with a large bridge on the left and a large building on the shore on the right. There are green covered hills in the background and a blue sky up above.,dci
sa_1552467,A person weighs orange fish while a seal and a many pelicans stand by. In the background are boats in the water and tied at the dock.,dci
sa_1552468,A gray paver platform can be seen next to the sea. There are cliffs and a lighthouse in the distance.,dci
sa_1552469,This is an open area with cement tiles outside of a building with windows for the walls.  There are trees and plants growing on the left side of the open area.,dci
sa_1552470,This image shows a brown and gray stone tunnel.  The ground is mostly brown while the ceiling is mostly gray stone. ,dci
sa_1552471,"This is a picture of a roundabout, with cars on both the left and right sides. In the middle, there's bushes. In the background, there are two roads with four-story buildings on all sides and in between the two lanes visible.",dci
sa_1552473,The three people in the image are wearing white lab coats. There is scientific equipment around.,dci
sa_1552474,a small brick building is held up by columns on each corner. the structure is surrounded by trees on a pavement lot with stone squares scattered throughout. ,dci
sa_1552477,An Asian wooden bungalow in a complex of a few buildings. The building is made of weathered brownish gray wood with a traditional sloping roof and some decorations over the entryway. There are other buildings in the background and some evergreen tree-covered hills. ,dci
sa_1552479,"A woman on a horse is on the right side of the photo, with a pinkish-red barn in the background. There are weeds, dried trees, as well as metal and wood fencing in the area.",dci
sa_1552481,The top of several buildings and several trees can be seen. A flag can be seen on a tall gray flag pole.,dci
sa_1552482,dual tower playhouse with multiple slides in a playground under an overcast sky with trees in the background. The playhouse is over a hexagonal floor and some children can be seen walking under the playground.,dci
sa_1552484,"A woman wearing black pants and a black blouse with very curly brown hair, sunglasses, bracelets on both wrists and 3 necklaces. She has a purse strap over her left shoulder and is standing on a law in front of some trees at night.",dci
sa_1552485,A parade of people is going through a cobblestone street. On the left side of the street is a concrete building that has foreign writing on a sign.,dci
sa_1552486,A white cab over semi truck with a grey container is on the road with a grey building in the back.,dci
sa_1552488,Two horses can be seen in front of a large brown building. A portion of a carriage can be seen behind the two horses.,dci
sa_1552489,An ad-worthy scene presents a brand new dark navy sneaker from the side with its foot facing right. The background is all white.,dci
sa_1552490,a camouflaged tank is rolling down a city road with two soldiers visible. ,dci
sa_1552491,A shopping mall hallway filled with people in the center and stores on both the left and right side of the photo. The roofing of the mall has a curved arch shape with some sections being illuminated with blue lights.,dci
sa_1552492,"a bedroom with a couch and a small cabinet. The room has a decent rug, door and wallpaper. ",dci
sa_1552494,Here is a view outside in a field with many purple wildflowers growing between grass where green boxes are stacked.,dci
sa_1552495,A decorative pond with jets in rows of eight spraying water in the air in front of an old building with many cylindrical columns going around the second floor in a rectangular perimeter. The building is white and there are people gathered outside.,dci
sa_1552500,"A run-down building with walls painted in white, seen with cracks on the walls and rusted roofing structure. There are weeds, trees, fencing and electrical poles scattered around the area.",dci
sa_1552501,Here is a view outside of what appears to be a large building complex on an asphalt lot with people walking around. ,dci
sa_1552502,"This is a picture of the Toorj ka jhalra bavdi. It's a series of intricate steps, made of brick and stone. It's steps that keep forming diamond shapes and lead to each other, as you go down. The right side has an arched entryway and a balcony. there are a few people walking on the steps.",dci
sa_1552503,Here is a view of a small flooded neighborhood of a town with a few people walking around. ,dci
sa_1552507,A cargo trailer parked on the sidewalk by a street with tram rail tracks. In the right section of the image you can see a row of houses.,dci
sa_1552508,"A crowd of people fill the seats that rise up and ring around an amphitheater. In the flat center, a group of people all dressed in black surround four rows of empty chairs.",dci
sa_1552509,A walkway over a drainage ditch,dci
sa_1552510,It is an outdoor scene of a rocky beach with green hills in the background at the top and people swimming in the water on the right side of image. ,dci
sa_1552511,A curved section of a building with eroding painted decoration,dci
sa_1552513,A large yellow house is on the edge of a cliff. There is a body of water on the right side of the image.,dci
sa_1552514,"multiple women standing in front of a lake with blue clothing and robes on, with a few of them wearing hats. Grass and a stacked bed of stones can be seen on the other side of the water and the ground the women are on seems to be a layer of small stones.",dci
sa_1552516,A beautiful pebble pavement mosaic with five bollards around it - three black iron bollards and two bollards that are in the shape of penguins. In the distance you can see some buildings and cars.,dci
sa_1552520,There is a boat in the middle of the water. The boat has three people in it. ,dci
sa_1552524,A two lane road with buildings on each side runs through the center of a small town in front of a snowy mountain. They sky is cloudy and grey.,dci
sa_1552525,"multiple lines of boats at a harbor with a single man, among objects sitting on the concrete harbor over crates, in front of them looking through a camera under a cloudy blue sky. Mountains can be seen in the background, well as a orange lined white tower in  the back between two boats.",dci
sa_1552526,There is a garden with a lot of green plants going across that are taller on the right. There is a large glass roof that has gray beams slanting across it. ,dci
sa_1552527,There is a bottle of hand sanitizer on its side on a gray tile ground. ,dci
sa_1552528,There is a wide and long gray runway with a gray cloudy sky up above. There is the end of a red plane on the right and a plane in the distance. ,dci
sa_1552529,A girl is sitting on a chair petting a white cat on a table on a balcony.,dci
sa_1552530,A large yellow building is in the middle of the image. There are smaller buildings around it.,dci
sa_1552531,It shows the Leaning Tower of Pisa against the bright blue sky.,dci
sa_1552532,A yellow bus is standing on the side of a street with some tall buildings in the background.,dci
sa_1552533,"A polished, gondola style boat rests on a stand under a red and white striped tent and above a patch of small stones. A body of water is behind a fence that is behind the boat.",dci
sa_1552535,There is a stamp that shows a picture of a butterfly and a stem with roses behind it. ,dci
sa_1552536,A person in a triangular straw hat bends over in a field gardening.,dci
sa_1552537,"Two white trams, with blue and yellow stripes, surrounded by people over a bricked and railed road next to the glass Marienplatz-Galerie building that's to the right of another building. The top two floors of the brick building is grey with satellites on top and everything is under a blue sky with a single cloud in it in the daytime.",dci
sa_1552538,There is an ariel view of a city with a lot of buildings and a gray cloudy sky up above. ,dci
sa_1552539,A large historic city in Italy covers most of the image with a large mountain range going across the background. The sky is grey and foggy with a few large thick clouds.,dci
sa_1552543,"It is an outdoor image of road with long beams of light going down the roads, there for roads, the left two roads have red lights down them and the right two roads have yellow lights.  There are buildings along the left and right side of image and at the far end of roads in background, the sky is dark and there is greenery throughout. ",dci
sa_1552544,"We see a line of boats that are parked near a pier on a body of water.  Behind the water, we see green hills that have many buildings on it.  ",dci
sa_1552546,there is a white smart car parked along a marina. there are dozens of yachts parked in the water in the background. ,dci
sa_1552548,An area that looks urban with people standing around. There are vehicles in the picture and buildings in the immediate vicinity.,dci
sa_1552549,The middle of the image has glass doors to a building. There is a backlit sign above the doors.,dci
sa_1552550,"A person can be seen wearing a white cloth over their head, and a red robe with white gloves. ",dci
sa_1552551,A man is washing a red and black motorcycle outside under a porch roof on top of dark wet concrete. The sky is sunny and blue with a few small white clouds.,dci
sa_1552552,Two people can be seen floating on the surface of a body of water. There are buildings that go up the side of a hill in the background. ,dci
sa_1552553,A crowd of people in a marketplace area with the closest one having a child and is purchasing something.,dci
sa_1552554,A group of motorcyclists ride in a pack down a street. The one at the end carries a black flag that blows in the wind.,dci
sa_1552556,"A garden with many flowers and plants can be seen. In the distance, a long white building is visible.",dci
sa_1552559,There is a red coffee cup with an image of a horse on it. It has a white top. ,dci
sa_1552564,There is a person standing in the water who is crouching down and collecting plants from the water. ,dci
sa_1552566,"A group of people, many of whom are wearing white, walking on a plaza",dci
sa_1552567,This is a building with three columns of curvy buildings with a surfboard looking platform on the top of it.,dci
sa_1552568,A close up photo of the facade of a beautiful Neo-Baroque building that is packed with details and marble motifs.,dci
sa_1552569,There is a blue bus on the right side of the image. There are people walking in the street on the left. ,dci
sa_1552570,"The Colosseum, which is located in Rome, Italy, can be seen standing in the background. People can be seen walking around the area in front of the structure. ",dci
sa_1552571,There is a stamp that shows people around a square that has red and white writing and a brown square in the middle with scalloped edges. ,dci
sa_1552574,People are walking down a street with houses and buildings on either side.  There is a car on the right side of the roadway in a shaded area.,dci
sa_1552577,Dozens of people on the right are watching a running competition behind mobile barriers. On the left there are three runners with a man wearing a Judogi on bare feet in the first place.,dci
sa_1552579,This image is a close up view of a tall tan colored stone building with decorative molding and stone pillars. The sky is a clear bright blue on the top left corner of the image.,dci
sa_1552581,A large parking lot outside an airport. There are a number of buses and taxis parked and waiting to pick people up.,dci
sa_1552582,There is a black table with a plate with a crepe on it and more crepes in the background. There are flowers and fabric behind on the left.,dci
sa_1552583,There is a green fence in front of a display that is gold and curved at the top and shows three people in it.,dci
sa_1552584,A large flooded street can be seen. Two men in a kayak can be seen paddling down the street.,dci
sa_1552587,Three toy cars have been placed down onto a wooden surface. ,dci
sa_1552588,This is a pole with an anime sign wrapped around it.  There is a large building on the right side.,dci
sa_1552589,Here is a view inside a concrete monument area of a park with a decorative light setup shown. ,dci
sa_1552590,There are people walking and standing in an outdoor area near buildings.  There are trees growing outside nearby as well.,dci
sa_1552591,A white aircraft hanger with a blue and white airplane on the right. In the distance is a wooded area with dark green trees.,dci
sa_1552592,A building that appears to be a church can be seen going across the image. ,dci
sa_1552593,A person is writing on a fanned out paper.,dci
sa_1552594,An Asian street scene with many people riding motorcycles and a bus in the background. In the center of the frame is a three-wheeled motorcycle with a bed on the front carrying a big pile of green metal.,dci
sa_1552595,Two motorcycles in a white archway that has a green door on the right and a grey door on the left. Behind the motorcycles is a shrine on the wall.,dci
sa_1552596,An old man is kneeing in front of a monk sitting outside with a river in the back.,dci
sa_1552597,This is a brown sign hanging from a white string on a green wall.  The sign has a white paper attached to the front of it.,dci
sa_1552600,Sailboats moored beside a beach,dci
sa_1552603,Three buildings can be seen beside a street. There are several bicycles parked beside the buildings and scooters seen in the distance.,dci
sa_1552604,Men practicing martial arts moves,dci
sa_1552607,This is a picture of an empty alleyway. There is a gray and white cat on the right hand side of the alley.,dci
sa_1552609,Colorful flowers grown as a big butterfly pattern on a lawn with a flag pole next to it.,dci
sa_1552611,"A hill filled with houses and buildings is featured in the photo. There are two wooden houses appearing in the foreground, as well as trees and weeds scattered around the area.",dci
sa_1552612,protestants are going on a protest with numerous signs being raised in the air. ,dci
sa_1552613,a highly decorative and colorful temple with two dragons at the entrance,dci
sa_1552614,"a three paneled stained glass window in various bright colors, depicting royalty",dci
sa_1552615,A European street decorated for Christmas with lots of pedestrians. ,dci
sa_1552616,"A wall painting depicting a warrior that are battling a monkey with a long staff. There are other warriors in the wall painting, depicted in different poses and positions in the wall painting.",dci
sa_1552617,Here is a view of a postage stamp featuring the country of Bulgaria with an airplane on it. ,dci
sa_1552618,people gathered in a open plaza next to railroad tracks in front of a big brick building within a city area surrounded by many other buildings and roads. There are trees around the areas within the city and many vehicles can be seen in the spaces between buildings.,dci
sa_1552620,"A group of people walk under an archway under a stone wall. The pathway they are on leads to a staircase in the background with a thin, golden arch at its top.",dci
sa_1552621,"It shows an alley between buildings that go down on both sides. The buildings have rows of balconies that come out, and there are flags of a rainbow of colors draped all the way down.",dci
sa_1552623,There is a group of people on a brown ground. There is a brown board on wheels in the front and water in the background. ,dci
sa_1552625,"We see the front of a large, mostly black ship as it sits in the water.  Behind the ship, we see multiple buildings and a short bridge.  ",dci
sa_1552626,"There is a canal with a boat in the middle, buildings on the left and cars parked on the right. ",dci
sa_1552627,"This is a tall wide building with another tall, but slimmer building.  There are trees in the foreground.",dci
sa_1552628,An ornate water fountain can be seen in front of a small building. The water fountain is dark green with intricate details.,dci
sa_1552629,There are people walking in the street. There are buildings on either side. ,dci
sa_1552630,A hand is holding a container with little beads while the other is using a pen like tool on them.,dci
sa_1552633,A red subway train can be seen moving along a railroad track. Many trees and several buildings are visible across the background. ,dci
sa_1552635,"The airport runway at night, with a smaller plane parked in front of a larger plane in the background.",dci
sa_1552636,We see two gray metal cranes that are sitting vertically in the air.  The crains sit on a gray metal structure.  We can see the sky behind the crane. ,dci
sa_1552641,There are extremely weather gray panels with three main sections showing and the parts of sections above and below. ,dci
sa_1552642,"We see a large amount of green watercress leaves floating on water.  In the back, we see a line of palm trees.  There are a couple of buildings in the back.  ",dci
sa_1552644,Many cars can be seen travelling in the same direction along a road. There are buildings and trees going across the background. ,dci
sa_1552645,a grand palace with gold spires is visible beyond a short brick wall along a roadway. the roadway is filled with vehicles. ,dci
sa_1552646,A large gray intricate building is in the middle with trees on either side. the building has 3 light blue domes and there is a fountain and walkway in front of it with a lot of people.,dci
sa_1552649,A group of people near one another and working on a construction site. It looks like they are working on the foundation of the area/a building.,dci
sa_1552650,A giant reclining Buddha statue can be seen on a platform inside a temple. The statue is gold in color.,dci
sa_1552651,A small village with a few historic stone buildings with red Spanish tile roofs. The image is being taken from a hill looking down into a valley with some mountains in the distance. There is some snow on the ground and a lot of loose branches on the roof of a building in the foreground.,dci
sa_1552654,A group of cyclists ride bicycles on a city street. They ride past a storefront and small parking lot with a few cars in it.,dci
sa_1552655,The image has been taken from the ground and looking up at the sky. Several skyscrapers can be seen around the area. ,dci
sa_1552656,A long stone wall that is covered in snow and a city skyline in the background.  The sky is grey and there are trees on the left side.,dci
sa_1552657,There are many pieces of straw banded together with different colored strings going along the top. There are two wood beams going through 1/3 from the ends to separate it into 3 sections.,dci
sa_1552659,A person crouching down behind a plant with a brown basket beside him and a bunch of cloth behind him.,dci
sa_1552663,There is a white plane on a snowy ground. There is another plane in the back right and mountains going up on the left side and back. ,dci
sa_1552664,It shows a big rounded structure that has writing on it and bushes around it. There is a long tan building behind it that goes up on the right.,dci
sa_1552666,"A plane is low in the sky over a flat topped building under a sun that is setting and low in the sky. The picture has an overall warm tone and at the bottom, there are people on the beach with umbrellas and chairs; the water is on the left-hand side.",dci
sa_1552667,"A view from the sky of a path through a forested area leading to two monuments, one a large white structure and a smaller one in a circular bit of grass.",dci
sa_1552668,An aerial image of a large area of land that has many track marks going across its surface. There is a body of water that is visible on the lower left side. ,dci
sa_1552670,A group of three boys hold and aim guns in their hands. Another group of boys is behind them watching another boy with a rifle while yet another boy stands between the groups.,dci
sa_1552671,There is a man in a suit in the water holding a board in one hand and with a rope and harness on the other side. There is a shore with plants in the background.,dci
sa_1552672,a line of four boxes of medical supplements between a clear top and bottom shelf with more boxes visible from above and below.,dci
sa_1552673,People are walking and sitting in a area that is crowded with different objects. On the ground trash is spread out and on the side the wall is covered by different tarps and cloths.,dci
sa_1552674,A large crowd of people are gathered at the scene of a train derailment. ,dci
sa_1552675,A brick church with green spires and gold domed tops,dci
sa_1552677,This is a tall building with a curvy top.  The building's front is made out of glass windows.,dci
sa_1552678,This is a flowering plant with red flowers on it.,dci
sa_1552682,A ancient building with a raised ceiling and a glass second floor platform. there are two marble pillars holding up the glass platform.,dci
sa_1552683,a small temple sits on a snow covered field while guards holding flags walk towards the foreground on the left. ,dci
sa_1552684,A new crop is growing in a field with large snowy mountains in the background.,dci
sa_1552686,"The front half of an airplane is pictured on the tarmac. The word ""ICE;ANDAI"" is cut off and written in blue letters.",dci
sa_1552687,A large building behind a green gate that is opened. There are people sitting in the plaza area in the front of the building behind the gate.,dci
sa_1552688,Here is a view outside in a public area where a Red Lobster seafood restaurant is built on a curbside. ,dci
sa_1552689,This is a statue near a handrail overlooking a city with colorful buildings near the sea.,dci
sa_1552690,Several small boats loaded with items can be seen in a body of water. All the small boats have large umbrellas.,dci
sa_1552691,Three people are around a parked compact race car with others cars in the background.,dci
sa_1552693,A Muslin nurse in a white hijab pours medicine from a silver pitcher into a clear tube over a patient lying in a hospital bed.,dci
sa_1552695,A beige mansion with red roofing can be seen peaking out of greenery in the background of the picture. The foreground of the picture contains lots of different plants and greenery blocking the rest of the contents of the picture.,dci
sa_1552696,Here is a view outside of a large yellow concrete building ashore with a ferry boat seen being driven across in the water harbor. ,dci
sa_1552701,The rear part of a huge cruiseferry in the sea close to a port on the left. ,dci
sa_1552702,a group of workers are harvesting salt from seawater. the water is very shallow and piles of salts are stacked in a row near the center right. ,dci
sa_1552705,"A wide cream-colored building is featured in the photo, with other buildings surrounding it. A road with cars and a river is seen in front of the building.",dci
sa_1552706,A large army medic truck can be seen driving in a dusty area. There is a soldier seen walking beside the truck.,dci
sa_1552707,"The front of a white building can be seen, two windows at the top and a mural right there in the center of it.",dci
sa_1552708,people walking around in an open plaza in front of a clocktower church and left of a line of different colored buildings under a clear blue sky during the day,dci
sa_1552710,A webpage on a computer screen for a business called Rosneft,dci
sa_1552711,"A front bumper of a light-silver car is featured in the photo. The center emblem of the car logo is the biggest element in the photo, with the surrounding grills and other elements of the front bumper.",dci
sa_1552712,a bush full of purple flowers. ,dci
sa_1552714,Three parked Nissan cars inside a Nissan building with people standing around the cars in a lobby area with seating and an extended car area in the back room. There is a big display on the right end behind the front desk.,dci
sa_1552716,There is a tan building that has a sloping roof and a structure in front with a pointed roof. They are in the middle of a lot of plants. ,dci
sa_1552717,A sky view of a large city along the edge of a dark body of water with a mountain range in the background. The sky is a clear blue.,dci
sa_1552718,This is a green engine of sorts. It looks like an old cotton gin. There's a large flywheel in the middle of the image. There are mechanical machinery parts everywhere with a large belt driving the machine.,dci
sa_1552720,many people walking down a bricked road within a city in front of a hill near a building made with Roman architecture in the day under a cloudy sky.,dci
sa_1552721,There is a boat in the middle of a big water area with a big green mountain in the background.,dci
sa_1552722,A white and blue multi-story building. It is snowy and a man is walking a dog. ,dci
sa_1552724,There is a brown watery area in the foreground with a lot of gray rocks going up on the left and then a gray wall. There are many people and vehicles in the background. ,dci
sa_1552726,A glass covered entryway to a shopping center. There are people entering and exiting and many brightly lit signs.,dci
sa_1552729,A row of colorful buildings are along a brown brick retaining wall. Calm dark water is across the bottom of the image.4,dci
sa_1552730,There is a stamp that shows a picture of a bird in the middle. It is tan in the middle and has a blue frame. ,dci
sa_1552731,Calm green waters under a white bridge with people walking across it near two gold pillars and a cityscape in the background,dci
sa_1552732,Five cars are parked in a parking lot in front of a slanted roof mostly covered in windows. A large sign stands on the roof's top and a person walks below between two cars.,dci
sa_1552733,a fountain in a town square has a statue of man and a woman kissing under an umbrella. ,dci
sa_1552734,It shows a slanted computer screen that shows a website. ,dci
sa_1552736,A race car on display in front of a wall of black and white newspaper articles with the driver's uniform spread on the hood and 3 trophies on the roof. There are two cars on either side of it.,dci
sa_1552737,A building can be seen with large glass windows on the front. There is a large decorative arch over the right side of the building.,dci
sa_1552739,A row of buildings in warm colors in front of mountains.,dci
sa_1552742,Three tall buildings are in the background behind the trees. There are many people gathered on the ground.,dci
sa_1552744,A woman is handling flowers in what looks to be a flower shop.,dci
sa_1552745,A shallow river serves as a docking place for small fishing boats. The river runs through a gritty looking section of a town with many wires strung about from poles.,dci
sa_1552746,People walking towards the camera on a sidewalk in nature.,dci
sa_1552747,"There are many mechanical parts in the middle of the image. The parts are gray, golden, and dark brown. ",dci
sa_1552748,There is a strawberry plant that has a lot of leaves and strawberries on it. There are two hands grasping them. ,dci
sa_1552750,"This is a snowy day on a snow covered street, there is a white SUV that has a foot of snow on it directly in front of us, there are apartment buildings in the background, and a laundromat, ",dci
sa_1552752,Three people wearing tradition clothes are walking in front of an entrance of a temple like attraction with other tourists walking toward the attraction site.,dci
sa_1552753,"This is a city beside the sea. A heavily metropolitan area abuts the water, with a mountainous region behind the city.",dci
sa_1552755,It shows a pale pink surface with a blue notebook in the middle and then other objects around it.,dci
sa_1552757,Several buildings can be seen going across the image.,dci
sa_1552759,There are two little girls who are wrapped in dirty blankets. There are standing on a weathered step and there is a weathered red wall behind them. ,dci
sa_1552760,A black and white picture of a young person wearing a turban. The person is wearing a dark sweatshirt with white lettering and a button on the upper left breast. There are four other people behind him including a young child.,dci
sa_1552761,Three people stand on paddle boards in a body of water next to a brick wall. We can see a line of parked cars at the top of the brick wall.  ,dci
sa_1552763,There is a canopy with pink sides and pictures on its pillars. There is a green bridge above the canopy.,dci
sa_1552765,A close up picture of a pile of medical masks on a green fabric background. A hole is on the bottom right corner of the fabric and dark stains are scattered over the rest of the fabric.,dci
sa_1552766,"a large, office building is located in the center of the image. there is a sidewalk area near some park benches and trees in the foreground. ",dci
sa_1552771,A parade of tanks going down a city street with uniformed guards.,dci
sa_1552773,An area that looks like a forest. There is a broken stone wall in the front and a large mountain/hill in the background. There is a person standing on a platform on the left side.,dci
sa_1552774,People can be seen around an outdoor plaza in the background. There is a large temple structure at the far end of the area.  ,dci
sa_1552776,4 men marching down a sidewalk with many onlookers dressed in Princeton colors.,dci
sa_1552777,There are lights hanging from a white pole. There are products displayed in the background.,dci
sa_1552778,There is a water area on the right with brown rocks and ledges to the left and back right. There is a beach on the back left and many green trees going across the background. ,dci
sa_1552779,Looking up the front side of a stone building with an archway at bottom and a crest and banner above the arch. Two round towers are seen at the sides of its roof under a blue sky.,dci
sa_1552780,A long boat sails under a bridge. Old buildings line the shores of the river. ,dci
sa_1552781,A small Mon gate in front of a Japanese style building in the back under a clear sky with trees in the background.,dci
sa_1552782,There is a statue of a person in a hold robe and holding a pole. There are trees and a fence in the background and a cloudy sky above.,dci
sa_1552784,A road leading to a white and blue mosque,dci
sa_1552787,A row of tall buildings are lined along a multi-lane street. Horizontal and vertical black power lines cross over each other on top of the street covering the blue sky.,dci
sa_1552788,Here is a view outside in an Asian country town with trees growing around a multistory building. ,dci
sa_1552789,There are three people sitting in a row. Two of the people are wearing yellow and one of them is wearing white. ,dci
sa_1552790,Numerous pedestrians are walking on a street with skyscrapers along the street in a rainy day.  ,dci
sa_1552791,A cathedral style room with engraved stone tombs and a kneeling statue with its back to the camera.,dci
sa_1552792,This is a bright street dancer parade scene captured in front of the Cafe de France.  There are rope barricades holding the spectators back. ,dci
sa_1552793,"A man who appears to be participating in a marathon has just crossed the finish line. A few other people, and several buildings, can be seen in the background.   ",dci
sa_1552794,"A man wearing a black shirt, black pants, and black and white sandals is sitting in a dirty blue chair next to an old green car with the hood up. He is working on some wiring on the car.",dci
sa_1552795,A man holding a cat in a shack.,dci
sa_1552797,An ornate neoclassical building,dci
sa_1552799,"There is a large tan building that has pillars on the side and many doors on the bottom. There is another building on the left and right, as well as a white sky. ",dci
sa_1552800,There are large transparent canopies over buildings on the left and right. There is a large canopy over some seats in the middle of the image.,dci
sa_1552801,Cars traveling on a street beside a museum and tower.,dci
sa_1552805,There is a dark plaque on the wall that looks like a scroll and has gold writing on it. It is on a weathered tan and gray wall. ,dci
sa_1552806,"A street scene with bicycle, bus and truck traffic. There are people loitering on both sides of the street and large vehicles driving down the center lane. There is bright green shrubbery and trees on either side of the street and palm trees in the background.",dci
sa_1552807,It shows a water area with two white and blue boats and then a dock beyond it with cars and people. There is a building with tan walls and a slanted red roof at the top. ,dci
sa_1552808,A palm tree lined walkway running between buildings at Miami Dade College. ,dci
sa_1552809,There is a dirt road that has rocky dirt to the left and right of it and many trees and plants around. There are mountains in the distance and an orange digger in the middle.,dci
sa_1552811,a neoclassical building with clock tower and two wings,dci
sa_1552812,Several pedestrians are walking toward the camera on a street with stores and parked cars on the left side. ,dci
sa_1552814,There are many people gathered together in a plaza in the middle of the image. There are red flags placed on the ground and some held by people.,dci
sa_1552815,The area of a car that is located under the front hood can be seen throughout the image.  ,dci
sa_1552817,A shop at an electronics showcase. There are several table displays setup and people looking around.,dci
sa_1552818,Some white elephant statues in front of a broad avenue,dci
sa_1552819,A table setting in a high end restaurant with art on the walls.,dci
sa_1552821,An array of an appetizer. There are about 20 of the same appetizer visible. They are seen from the top and each one appears to be a jalapeno pepper stuffed with orange and white cream and topped with a slice of a red chili pepper and fresh herbs,dci
sa_1552822,People in green clothing are bathing in a waist high area of water in front of water that is running from brown spouts on the side of a wall.,dci
sa_1552823,"Two men are performing on a stage. The man on the left is holding an electric guitar, and the man on the right is holding a microphone.  ",dci
sa_1552824,"In the foreground of the image, we see a tree with pink flowers.  In the background, we see a multi-floor traditional Japanese building surrounded by trees. ",dci
sa_1552825,A video game cartridge for a Batman game sits on top of the instruction manual. The corner of the game's case is seen poking out from under the manual.,dci
sa_1552826,This is a sky view of three rows of buildings with two two lane roads in between them. Green grass and trees are in between the buildings and along the sides of the road.,dci
sa_1552828,A river street with brown water and ships parked along its sides. The sky is cloudy and the buildings on the right are a little old and rusty.,dci
sa_1552829,A large ship in the water in front of homes.,dci
sa_1552830,Buildings with businesses selling items on the bottom floor are lined along each side of a narrow walkway filled with a large crowd of people. Power cables are stretched above the walkway between the buildings.,dci
sa_1552832,a sign with black old english text is visible on the upper wall near the ceiling of an old cathedral. the interior of the building is made with brick. ,dci
sa_1552833,A city square with a large basilica or temple in the center and a green copper statue on a big concrete platform in front of it. There are other ornate buildings on either side of the central temple with red roofs. There are people milling about the plaza and a couple of tour busses on the right side of the frame.,dci
sa_1552834,A group of people dance holding a yellow banner under a partly cloudy sky and kick up dirt on the ground.,dci
sa_1552836,A clothed mannequin bust and two lamps are on display inside of a store. There are blue-colored shelves to the right that have boxes on them.   ,dci
sa_1552837,A train station views from the air over a forested area across the train tracks.,dci
sa_1552838,"Two soccer players are the focus in the image, they are on a big green field in a stadium and they are clear in the image.  The other players and the background around the two players are blurred and not that clear.  ",dci
sa_1552839,"There is a magnifying glass on top of a computer screen. It shows a dragon in a circle, and above the words ""Mortal Kombat."" ",dci
sa_1552842,"This is a sculpture of the Portuguese discoveries monument. It's one man in the front, followed by a bunch of other men. They are carved out of a tan stone and are arcing from bottom left to top right.  The men are all in military garb or ancient clothes, but carved into stone.",dci
sa_1552844,Two people inside a bakery store with a huge sign in three languages. ,dci
sa_1552845,There is brown sloping ground with some green grass and a group of people standing at the top. There are trees with many pink blossoms on them. ,dci
sa_1552846,People walking down some steps as they exit an airplane,dci
sa_1552847,A combine harvester harvesting wheat in a large field of golden wheat. There is a man driving the combine in a full glass cockpit. There are dark green trees in the background.,dci
sa_1552848,"This is a distant view of the U.S. Capitol building. In the foreground is the national mall, a long grassy field where people congregate. On the left and right are two tan walkways, with many people walking on them. Behind the walkways are trees lining both sides. In the distance is the U.S. Capitol.",dci
sa_1552849,Two people in white hazmat suits are outside of a trailer. There is a red banner on the top of the side of the trailer.,dci
sa_1552851,"This is a busy streetscape in a European city. The road, made of pavers, includes a ton of people walking about on it. The buildings abut the streetscape and all have windows facing the street on the upper stories while the ground level features retail shops.",dci
sa_1552852,Two women can be seen playing volleyball on a sandy surface. There are people and trees in the background. ,dci
sa_1552854,"A large piece of equipment with the words ""MakerBot Replicator"" on the bottom of it",dci
sa_1552855,A small group of eight bicyclists are racing down a multi-lane street near the finish line. Spectators are standing behind temporary metal fencing along the right side of the street.,dci
sa_1552856,There is a white sign with black writing and a red circle. It shows people and a building behind it.,dci
sa_1552858,A person is sitting down in front of an open piano. There is a white brick wall behind them.,dci
sa_1552862,A woman can be seen in the center of the image. She is holding her left index finger up. ,dci
sa_1552864,Several dancers can be seen outdoors. All of the dancers appear to be wearing a long black skirt and a colorful shirt.,dci
sa_1552865,A group of tourists are watching a fabulous fall in a cloudy day. The tourists are at the bottom behind wooden railings.,dci
sa_1552866,A row of several buildings can be seen right next to a body of water.  A small boat can be seen on the water.,dci
sa_1552867,A woman marching in a parade carrying a flag and wearing bright clothing,dci
sa_1552868,A Pride parade that is well attended. Some marchers carry a sign that says Kamala in rainbow letters at the front of the parade. ,dci
sa_1552869,This is a picture of the western wall. This is the large stone wall on the right of the image. On the left is the city of Jerusalem. It's a series of tan stone structures on the left. In the distance is a large overlook and a building with a gold dome over it.,dci
sa_1552870,Here is a view outside in a dry land area with military soldiers and tanks present in a field. ,dci
sa_1552871,"An interior picture of an arboretum or garden.  There's an elevated walkway with people walking across it on the left side, above a series of trees and on the ground level, with a concrete path in front of them.  The building interior is white with a series of triangular windows along the top.",dci
sa_1552872,"Glass bottle being filled with a kind of alcohol, using a brown tube, over a line of barrels in a room with a steel grey door. A person has there hand near the tip of the bottle and you can see their hairy arm. ",dci
sa_1552873,"An artifical stream or pool infront of a beach, with palm trees.",dci
sa_1552874,A rickshaw driver wearing a raincoat is waving at someone with his right hand. There are pedestrians carrying umbrellas walking around.,dci
sa_1552877,"There is a bottle of gin, which is mostly rectangular shaped. It has some writing on it, and a cap.",dci
sa_1552879,There is a large gray building on the back left and many colorful flowers on the front left and a sign on the front right. There are trees on the right background and cars parked behind them. ,dci
sa_1552880,Rows of orange and blue tents sit on a hillside. ,dci
sa_1552881,"There is a blue and white plane flying through the air. Its body is visible, including its wings, engine and tail, and there is a blue sky behind it. ",dci
sa_1552883,A man is wearing a shop apron and working with a machine that has a large wheel on it.,dci
sa_1552884,Two thai boats on a river,dci
sa_1552886,A large brick building is in the middle of the image. There is a tree to the right of the building.,dci
sa_1552887,There is a protest going on at night with hundreds of protestants holding flags of EU and Romanian.,dci
sa_1552890,A cross in front of three modern art curvilinear structures.,dci
sa_1552891,the pov a man holding a dual green mobile phone in front of a display that contains the product info. ,dci
sa_1552892,There is a weathered white rectangular sign that says WORLDCOM FINANCE on it in black letters. It has an orange design on the top left. ,dci
sa_1552894,There is a brown textured area that is high and then a water area with many boats down below. ,dci
sa_1552896,A woman can be seen sitting on a large rock holding a map. She is looking off into the distance.,dci
sa_1552898,There is a large building with red flags in front of it on the right side of the image. There is a green tower in the background.,dci
sa_1552900,A display of food in a booth,dci
sa_1552901,A brick tree-lined plaza overlooking the ocean.,dci
sa_1552902,We see a chat bubble with a smiley face on the left of the picture.  The bubble has two black wheels. We see an app description on the right.  ,dci
sa_1552904,Electric scooters lined up side by side in front of the concrete wall of a building.,dci
sa_1552908,A white Toyota SUV beside a white building with a service bay,dci
sa_1552911,"Men are standing on a green lawn, two men have on blue uniforms and two have on black, there are other men sitting down in the background.  It looks like it is a sporting event and there is a wall in the back that is covered in black and white posters.  ",dci
sa_1552912,"This is a unisex youth scout troop meeting, standing at attention at the flag.   ",dci
sa_1552914,A festival in an open area. There are games and people under fabric banners.,dci
sa_1552915,A large dark orange building has many windows on it.,dci
sa_1552916,"Three people are in a small room, all wearing white hazmat suits with blue lines on them. One person is handling many vials.",dci
sa_1552917,"People are walking dogs in Medieval clothes, even the dogs are wearing clothes with seals.  ",dci
sa_1552918,"This is a picture of a gondola ride at what appears to be a carnival. It has multiple colorful gondolas in the sky, with people on them, going from the top of the image to the bottom left. On the right are vendor stands.",dci
sa_1552919,There is a person who is standing with their knees in a large water area. There are green plants coming up in rows and then many more rows of green plants in the distance and then green mountains.,dci
sa_1552920,A man lifts the lid to some kind of container that has bags all around it.,dci
sa_1552921,a large number of boats navigate through a floating market located on opposite ends of a canal. ,dci
sa_1552922,A large massive crowd filling and parading down city streets.,dci
sa_1552928,vehicles on a street,dci
sa_1552930,Here is a view outside of a group of people walking outside in the rain along a wooden dick leading to a building with trees around it. ,dci
sa_1552931,The grand Archbasilica of Saint John Lateran under a clear and blue sky in a sunny day. ,dci
sa_1552932,"A child faces forward holding a pink balloon in front of a wall. At right, a tree stands over a sidewalk and in front of a building.",dci
sa_1552933,There is a long brown field that has a lot of piles of dirt and rocks. There are three people in the middle and then green fields beyond that and mountains rising up in the very back.,dci
sa_1552936,"A person is wearing a hat, face mask, and jacket and pushing a yellow shopping cart. They are in a grocery store with the aisles to the left and checkout on the right.",dci
sa_1552938,There are a bunch of tiny green leaves that come up on green stems and are going different directions.,dci
sa_1552939,Two women holding their legs out while a third does a handstand between them.,dci
sa_1552941,There are buildings along the edges of the image and in the background. There are many cars in the background of the image.,dci
sa_1552943,"A few people riding bikes, and several cars, can be seen traveling along a city street. There are several buildings and trees going across the background.  ",dci
sa_1552945,"There is the bottom of a downed tree that has many roots and branches going everywhere. There is a street behind it, as well as cars on the left and a big building in the background.",dci
sa_1552947,Some weeds on a white lid of an opened white bottle on two blue boxes on a wooden table. ,dci
sa_1552949,There is a very weathered and old flat tire on a car. ,dci
sa_1552951,"A city street with busses, a car, a motorbike and pedestrians in front of tall buildings and a cloudy gray sky.",dci
sa_1552956,A black and white picture of men in old fashioned uniforms riding horses down a modern city street.,dci
sa_1552957,An old man with a cane next to a scooter with Barcelona's Sagrada Famiglia in the background.,dci
sa_1552960,An entrance into an airport can be seen going across the background. There is also a road that has a couple of cars travelling along its surface going across the image. ,dci
sa_1552961,"A group of men and women posing for a picture in front of a framed poster being held up in front of the middle of them.  Some of the people are wearing white shirts with long red sleeves with circular red ""Anti-Corruption Day"" 2016 logos in the middle.",dci
sa_1552964,Cars are on a wet street and there is an arched sign with gray Chinese lettering on the art. The sky is cloudy and there are buildings on either side of the street.,dci
sa_1552965,A deck of cards spread out face up on a white surface,dci
sa_1552967,"There are the letters ""PRADA"" that is lit with yellow against a black background.",dci
sa_1552968,A train can be seen on a track in the center of the image. Another train can be seen on the right side.,dci
sa_1552969,A man sanding the body of a guitar,dci
sa_1552970,A small gathering a people on a city sidewalk. There are cars on the road to the left of them and a building on the right.,dci
sa_1552971,This is a road that runs past buildings to the left and the right.  There are a couple of vehicles parked on the curb on the left side.,dci
sa_1552972,The tops of two gray stone buildings with gold statues on them,dci
sa_1552975,A blue curtain shade with text on it is slightly pulled down from the roller. There is another curtain shade to the right of it.,dci
sa_1552978,Trolley busses and cars driving down driving down street,dci
sa_1552979,A person is standing in front of a store display window. There are items on display in the window.,dci
sa_1552981,A sign pointing out the direction a person can go for a vaccine is positioned on the left of a roadway. The road runs through a suburban area.,dci
sa_1552985,This is a narrow body of water that is passing between to bodies of land with grassy areas.,dci
sa_1552986,A closeup of the locks on a Love Lock bridge showing the locks on the railing with an out of focus background.,dci
sa_1552987,4 military officers standing on a brick walkway holding batons in front of some humble red and orange buildings.,dci
sa_1552989,A person's hand holding a phone. In the background is a city street with cars and buildings. ,dci
sa_1552990,A crowd of people is surrounding a museum exhibit in the background.  There are other exhibits lining both of the walls.,dci
sa_1552991,A lake with trees in the background and birds swimming on it and resting on the shore.,dci
sa_1552994,the view of narrow staircase between large steps made of stone is visible from under a wooden roof. ,dci
sa_1552995,A hilltop with a dusting of snow overlooking a city down below. There are two people on the steps on the side of the hilltop with a monument in the distance.,dci
sa_1552996,A large outdoor plaza starts in the foreground and extends into the background. There is a rectangular fountain going through the middle of the plaza. ,dci
sa_1552997,"An informational placard sitting horizontal on a wooden cylindrical railing. There is a tree with white bark standing vertically behind the railing and placard with other similar trees and green plants filling the spaces in the distance. On the placard is some Russian writing in black ink on a white background. There are a couple of pictures on either side of the placard. On the viewer's left side of the placard is a photo of an older man and woman sitting and talking. On the viewer's right side is a photo of two horses and two people, one person is on a horse and the other is standing in some water next to a horse. ",dci
sa_1552998,Here is a scene outdoors with many people enjoying the ocean water with a hillside city in the distance under a blue sky. ,dci
sa_1553000,There is a cobblestone street on the bottom left of image and big buildings line both sides of the street and power lines are over the street between the tops of the buildings.  There are people walking on the street and the sky is visible at the top left of image. ,dci
sa_1553001,A chubby Asian woman wearing a pink sash and a silver necklace in front of a blurred house.,dci
sa_1553003,the instrument cluster of a vehicle shows three gauges illuminated orange. the seatbelt light is on and the top edge of an LCD dash screen is visible along the bottom. ,dci
sa_1553004,Two men in uniform monitoring the sea from the cabin of a boat,dci
sa_1553005,A child is stepping out from behind a red curtain. The wall next to the child is pink and teal.,dci
sa_1553007,Here is a view of people walking on the steel tracks in front of a train station building. ,dci
sa_1553011,An adult duck is standing on a rock pile to their left and right are baby ducks of varying color. Behind the ducks is a green body of water.,dci
sa_1553013,Outside a gas station in Israel there is a silver pickup truck with a metal shelf on the trunk carrying white plastic containers. ,dci
sa_1553014,Three boys are playing with a soccer ball on a beach. One person is sitting in a beach chair while a person walks by and another is looking at the blue water.,dci
sa_1553016,Here is a view outside of a few people taking a ride on a teal colored roller coaster while in mid air. ,dci
sa_1553017,Here is a view of a jumbo jet airplane in white and blue coating flying mid air in a gray cloudy sky. ,dci
sa_1553024,A man is feeding cows in a pen. ,dci
sa_1553028,A group of men are standing by a railing with a banner in blue draped over it. The writing is in Arabic. ,dci
sa_1553031,A grandeur entrance to a large building with Middle Eastern influenced design.,dci
sa_1553032,"This is a picture of a house for rent. The house is on the left, which is in black and grey, and there is a sign on the right to give information about the sign. Behind the sign is a rock wall and just the tip of another house behind it.",dci
sa_1553035,The front of a brown cathedral with twin spires and a lot of ornate decoration. The cathedral sits on a plaza with decorative pavers and a religious statue out in front of the building.,dci
sa_1553036,It looks like an old coliseum with column formed into a sort of maze.  The whole coliseum is made of old brown stone that is weathered and chipped in alot of places. ,dci
sa_1553037,"A man is wearing a red, white, and blue striped shirt over brown pants and standing outside an arena.",dci
sa_1553038,Here is a view of a city park area with people walking around on the concrete grounds in front of large orange brick building. ,dci
sa_1553040,A woman on a path carrying a sack on her head. She is surrounded by green crops. ,dci
sa_1553041,There is a wooden pathway that is curving through a wooded area with trees all around. ,dci
sa_1553043,A city skyline with a flag pole in the foreground and an American flag flying at half mast.,dci
sa_1553044,A truck is driving off the left side of the image. There are large shipping containers in the background.,dci
sa_1553045,A large group of protesters with blurred faces are gathered on a wide cobblestone street. Some of them are holding protest signs and Ukrainian flags. There are some buildings and trees in the background.,dci
sa_1553046,A cathedral like building can be seen under a very cloudy sky.,dci
sa_1553047,Kids sitting on a low marble wall. They are eating fruit.,dci
sa_1553049,A silver police car can be seen on the street. Two police officers are standing on the street in front of the car.,dci
sa_1553051,There are statues that show a bunch of hands that are outstretched and reaching up. They are gray and have some weathering.,dci
sa_1553052,There is the VW circle logo in blue with silver writing. It is on a wall with long gray horizontal panels and a lighter ledge at the top.,dci
sa_1553053,There is a woman dancing in the middle of the stage. There are people behind her playing instruments.,dci
sa_1553054,A large red sign on the side of a building,dci
sa_1553055,An old brown stone church with a green steeple is on the front left side of the image in the middle of a large city. It is surrounded by large buildings.,dci
sa_1553058,"A floating rectangular gas station on the edge of a body of brown water.  Behind it and to the left is a brown patch of dirt with green trees growing on it, and to the right in the background is a low concrete bridge.",dci
sa_1553059,Some buddhist prayer flags over an icy river,dci
sa_1553063,During a sunny day there is a cobblestone street on the left with two story cubic houses on the right.,dci
sa_1553065,"There is a large water area with a pathway on the left that has a rail over it, a broken bridge in the middle and land on the right side. ",dci
sa_1553066,a baby boy's first birthday picture,dci
sa_1553068,"There is a tall rectangular sign that goes up vertically. It has a lot of blue squares with symbols, and then black characters on the right and then blue, red and green strips at the top.",dci
sa_1553069,There is a stamp that has an image of a pink bird flying through the air and blue waters under him. There is black writing on it. ,dci
sa_1553070,The house is decorated with many Christmas lights and nutcracker statues. There are lights on the trees.,dci
sa_1553071,A man in a purple jacket is standing next to a woman in a black jacket on a grey asphalt street in front of a black car. A group of people are in the background behind a tree.,dci
sa_1553072,"This is a picture of people protesting abortion decisions by a court. There are many people outside a building, marching in a line, some of the holding signs. The background includes a tree and two buildings, one is white, one is tan.",dci
sa_1553073,There is the statue of a man on top of a pedestal. ,dci
sa_1553075,There is a brown building comes up with a paneled side and many windows on the front. There is a building on the left and snow on the ground and a ski lift up at the top.,dci
sa_1553076,A picture of a gas station with multiple pumps has one car at the far right during a sunny and clear day.,dci
sa_1553077,Long chain of people wearing blue walking down a street next to a imitation shrine with a light blue poster next to it. Trees and other buildings can be seen behind the crowd of people.,dci
sa_1553079,A street can be seen in front of many buildings. There are numerous cars seen on the right side of the street.,dci
sa_1553080,a black and white photo of a columned neoclassical building with statues on the roof,dci
sa_1553081,"A row of monks wearing orange robes sitting on a purple rug with red chairbacks behind them. There is a man in a blue, green white and pink Hawaiian shirt and a mask lighting a yellow candle in front and to the left of the monks. The monks have a gold stand with a circular blue sign next to them closest to the camera.",dci
sa_1553082,Here is a scene outdoors of a restaurant that is located off road with a hillside in the proximity. ,dci
sa_1553084,A boy in a red jacket and a dirty baseball hat is showcased from his midriff up in a side profile.  ,dci
sa_1553085,"There is a woman who has a black shirt, and a gray jacket and pants standing in front of a background with writing on it.",dci
sa_1553088,Two rows of women riding bicycles with yellow and red umbrellas. They are wearing a white banner from their shoulder to their waist. ,dci
sa_1553089,A girl is sitting on a stone with her foot in the water while another girl and a boy are standing behind the stone stream. Tall brown stone buildings and a river are in the background.,dci
sa_1553091,A colorful piece of art featuring tiles that look like dragon scales and bamboo mounted on a pagoda shaped stand.,dci
sa_1553092,"There is a tile walkway on the front left with a rail in front of it. There is then a waterway beyond it, as well as bridges and tall buildings in the distance, including a tall tower in the middle. ",dci
sa_1553093,a large stone monument with baskets of flowers in front of it,dci
sa_1553095,There is a construction site building a brick house with construction materials piled surrounded by unfinished brick walls. ,dci
sa_1553096,This is an area of a store.  The center area has wooden flooring while the areas on the sides have floors that are black.,dci
sa_1553098,"There is a black panel that has the white word ""SAMSUNG"" on it. There is a rounded object under it and a brick wall in the background. ",dci
sa_1553099,"This is a bunch of people sitting around a pool with the ocean in the background and a dramatic sunset in the distance. The left includes a pool building and stairs to enter in. Some of the people have swim caps on, others do not.",dci
sa_1553100,People gathered around a large statue of a turtle,dci
sa_1553102,Women sitting with their backs to the camera working at a vegetable market. There are many plastic crates around and different vegetables on the ground. ,dci
sa_1553103,There is an upside down boat on the sandy beach. There are some green plants going back and then water with a lot of white on the top and then blue in the back. ,dci
sa_1553104,There is a snowy walkway and then ground that has trees on the right and people on the left. There is a rail on the left and then a water area with a bright blue and white bridge going across.,dci
sa_1553105,Here is a scene outdoors on a large body of water with a sculpture appearing far from boats and large waterfront hotel. ,dci
sa_1553106,"Four metal spires pointing up above a row of green trees in the foreground.  The spires all have scaffolding around them, and the spire in the middle is much larger than the one on the left and right.",dci
sa_1553107,We see a tan dirt path on the left side of the image and a small creak on the right side of the image.  Grass separates the two areas.  ,dci
sa_1553110,A woman is wearing a long blue dress while riding a horse. There are some dogs to the left of them.,dci
sa_1553111,A female employee wearing a black jacket and skirt is holding up a black phone attached to a white spiral cord in front of her face in the middle of an electronics store.,dci
sa_1553112,A huge stone gate with a brick wall it over a cobblestone road with tourists walking and biking under it. ,dci
sa_1553114,There are two characters in costume standing on a snowy area behind a finish line near a red building.,dci
sa_1553115,A crowd of people are congregated in a pedestrian area of a city.,dci
sa_1553116,A bed in a room.,dci
sa_1553120,A large tree is on the left side of the image. There is a balcony on the right side of the image.,dci
sa_1553122,There is a woman standing close to a body of water in the foreground. Other people can be seen spread out across a beach in the background.  ,dci
sa_1553123,"An ornate wooden entryway to an outdoor garden with big french doors swung open. The wooden entryway is a pergola with a slatted wooden roof held up by decorative, lathed wooden beams over the the sidewalk.",dci
sa_1553125,"A children's play area with a mall food court in the background.  The children's play area has brown faux leather seating around the left side, with statues of a caterpillar and a bee on a colorful carpet.",dci
sa_1553130,a plastic tackle box with fishing lures.,dci
sa_1553132,We see a towering off-white skyscraper that is in the shape of a rectangle.  A deep blue sky surrounds the building.  We see a small cloud on the right side.  ,dci
sa_1553134,The photo has been taken with a black and white filter. Several buildings can be seen spread out across the image.  ,dci
sa_1553136,An ambulance is in the middle of the image. There is a tan building in the background.,dci
sa_1553137,A row of many buildings can be seen facing the street. There is smoke seen above the buildings as if one may be on fire.,dci
sa_1553138,A large group of people are spread out across a nature area that has a few waterfalls.  ,dci
sa_1553139,There is a child standing in front of a woven basket. There is a woman sitting to the side of the child.,dci
sa_1553142,An empty one way street between skyscrapers in a city during a sunny day with vehicles parked on the right side of the street. ,dci
sa_1553144,The altar in the middle of the image has three statues on it. There are words engraved at the bottom of it.,dci
sa_1553145,There is a big building that has many windows going down it and many cars in the front as well as a street. ,dci
sa_1553146,"People are on a gray pathway near a building labeled ""The Scottish Parliament"". In the background, there are rolling hills, and it is in the daytime.",dci
sa_1553147,A two story hotel. In front of the hotel is a large paved lot with water. The water is reflecting the image of the hotel. ,dci
sa_1553149,This is a green dome being held up by several white columns.  There are palm trees in the area.,dci
sa_1553152,A six member brass band is performing in front of a small crowd outside in front of a large white building with a red roof. The sky is a clear blue.,dci
sa_1553153,A young girl hits a piñata as other children and a few adults watch from the background.  ,dci
sa_1553156,A garden area with headless statue next to a bench in the foreground. The background has some large artistic vases in stands and many tall trees.,dci
sa_1553159,This is an upclose shot of a gold container.  There is an Asian styled building behind the gold container.,dci
sa_1553160,A small street is in front of a row of attached buildings on the back left side. A line of cars are parked in parking spots in front of the building and a white SUV is driving down the road.,dci
sa_1553161,This is a view of the inside of a darkly lit room.  The room has high ceilings and three windows on the other end.,dci
sa_1553162,A huge pile of plastic trash taken from very high up so the bottles and containers looks quite small. The pile is surrounded by blue and white garbage bags.,dci
sa_1553165,There is a big expanse of water with a boat in the middle. There is a curved rocky shore that goes up with trees and plants on it.,dci
sa_1553167,Five people standing in the water to the right of an anchored boat,dci
sa_1553168,"A large crowd of people can be seen in an outdoor area that goes along the edge of a body of water. Many tall buildings, and a cruise ship, can be seen in the background. ",dci
sa_1553169,A view down an empty street with large building to either side and a row of orange traffic cones blocking off the far right lane.,dci
sa_1553170,A woman is wearing a pink kimono. She is standing next to a body of water.,dci
sa_1553171,An ambulance is heading up a street with another emergency vehicle as they bypass a colorful wall on the right,dci
sa_1553172,This is a yellow colored building with a blue sign on the front of it.,dci
sa_1553174,There is a ground-level shot of two tall skyscrapers on either side of the picture capturing each building shooting up into the sky.,dci
sa_1553176,In front of an extravagant white apartment building there is one blue and one green fantasy sculpture between a black billboard and a white truck. ,dci
sa_1553177,A crosswalk in a street is the central focus of the picture. A family is captured in the foreground crossing while a family in the background is already well into the crosswalk.,dci
sa_1553180,Two old European buildings are partially seen side by side from the second floor up in the background of the picture. In the foreground is a tree on either side of the picture and the tops of red tents in front of the buildings.,dci
sa_1553181,"A person can be seen wearing a mask. The mask is black, red and yellow with five horns on the top and long fangs.",dci
sa_1553183,Here is a scene of people on a train seated and standing up as they travel on. ,dci
sa_1553184,A person wearing blue latex medical gloves is pouring a pink liquid into a wide shallow clear disc with a clear lid on top of a silver metal table. There are rows of oval shaped dark holes across the bottom edge of the table.,dci
sa_1553185,Here is a picture of a scan of an African country 2012 stamp with markings on it that once made it active. ,dci
sa_1553186,a shirtless monk walks across a bamboo bridge over a body of water. a group of monks watch him from the shore. ,dci
sa_1553187,This shows a night time sky view of a large city across the background of the image with a large body of dark water on the bottom front of the image. The sky is a clear dark blue.,dci
sa_1553191,A pair of red sneakers with a Nike logo and black detailing.  The person wearing the shoes is standing on a fur rug.,dci
sa_1553192,a thresher gathering wheat in a field,dci
sa_1553193,a shrine in a temple with a large carving of a Buddha surrounded by glass cases with small Buddhas in them. ,dci
sa_1553194,A blue sign on a building over a doorway. ,dci
sa_1553195,A sitting room is tucked into a corner with green mats and green pillows. The wall of the sitting room has colored squares and a picture leaning on the right.,dci
sa_1553196,Here is a scene outside on a harbor near water with many boats docked side by side. ,dci
sa_1553197,There is a performing girl who is leaping in the air and holding a ribbon. Behind her there is a starry sign with light green writing. ,dci
sa_1553199,A police station in Dubai with several people standing around outside.,dci
sa_1553200,"A small, one story building with a pointed roof is the central focus of the picture. A gravel path leads up to its entrance and there are two skinny palm trees on either side of the path's entrance.",dci
sa_1553201,The interior wall of a cathedral with decorative columns and a large painting in the center. The photograph is taken from down low so everything is at an angle.,dci
sa_1553202,"A small circular coffee table is the central focus of the picture, atop it are two menus and a candle. Around the table are three comfy plaid armchairs.",dci
sa_1553204,"There is a red pot that has a stew cooking with meat, peppers and other vegetables. ",dci
sa_1553205,"This is a mall. There is a staircase in the top, which you can see the bottom of, and stores on the back wall. There are escalators in the middle and two people walking in the middle of the image.",dci
sa_1553207,"There is a yellow sign that says, ""MC"" in it. Then there is a green sign on the left and many bars going across the ceiling. ",dci
sa_1553208,"A street that's part of a city, you can see people walking through the street and buildings on either side of the street.",dci
sa_1553210,A curved walkway overlooking a canyon,dci
sa_1553211,A man in a hard hat carrying a ladder across a parking lot.,dci
sa_1553212,These are three buses that are parked in a parking lot outside of a building.  ,dci
sa_1553214,"There is an area on the front with many green plants coming up with yellow flowers and then a water area on the left. There are boats in the water, as well as docked in the back, and then there is a hill going up with structures on it.",dci
sa_1553216,A store front has a sign above the doorway and clothing for sale on the inside.,dci
sa_1553218,There is a computer screen that shows a webpage with a lot of writing on it. It is slanted with a blue background. ,dci
sa_1553220,"There are three tall rock formations in the left, middle, and right of the image. ",dci
sa_1553221,Carved statue pulling bell string of bell tower bell on a white and gold tower in front of the brown and tan Reka fire department building with a US flag on its front. It's day time with clouds in the sky over the building.  ,dci
sa_1553222,This is a building with white lettering on the front of the building.  There are glass doors and windows at the front of the building.,dci
sa_1553225,A group of people congregate on a sidewalk in front of some outdoor restaurants.,dci
sa_1553226,A protestor holding a sign in front of a government building.,dci
sa_1553229,Four men who have their backs facing the camera are walking along a pathway. There are several trees going across the background. ,dci
sa_1553232,There are brown large and small cows in a green field behind a fence. There is a block pathway in front of it and buildings behind it. ,dci
sa_1553233,In a glooming day there are two black high rise apartments in the middle with part of a third building on the upper left corner.,dci
sa_1553234,"A group of people are dancing on a stage. Some have microphones, and they are being entertaining to people in an audience.",dci
sa_1553236,An image of a city during the night time.,dci
sa_1553237,A small group of men in historic military uniforms are standing in a line shooting long rifles with a bayonet on the end across the bottom of the image. The ground is covered in tall yellow and brown grass.,dci
sa_1553238,There is a quiet street with a few cars parked along the side and one driving on the road. There are several tall buildings with plants in front of those in the foreground. The sky above is varying shades of blue and white,dci
sa_1553239,Packages of facial tissues made by Kleenex are stacked on shelves on sale. ,dci
sa_1553247,A group of men are walking around or sitting in front of a large temple.,dci
sa_1553249,A man looks at camera standing in front of a table and a white wall. Another wall is above a ceiling and has the framed portraits of two other men hanging on it.,dci
sa_1553253,A windowed shed stands in a grassy yard while people look into it from the outside. Various other people mill about occupied with other things.,dci
sa_1553254,Here is a view overlooking a body of water with a rigid orange structure in it and a local town in the background. ,dci
sa_1553257,A man.,dci
sa_1553262,Here is a scene outdoors on water showing a large narrow white boat with a background of an oceanfront city. ,dci
sa_1553263,A two story white house with two decks behind an iron fence in a cloudy day.,dci
sa_1553266,There is a person hanging from a cable by his legs on the left and a gray pillar on the right with the back of a statue with three people. ,dci
sa_1553267,"The front of a white cathedral under a bright, light-blue sky during the day.  In front of it is a row of cars, and a light-brown, brick walkway.  There are dark green trees on both sides of the cathedral, and some grass areas as well.",dci
sa_1553268,The picture has been taken from the inside of an airplane and looking at the back of three seats of the plane. The backs of the seats have screens on them. ,dci
sa_1553269,A brown cabinet has a lid that has etched drawings on yellow paper on it.,dci
sa_1553270,"There is a blue, red, black, and gold purse in the middle of the image. The bottom of a pink purse is at the top of the image.",dci
sa_1553271,A town square surrounded by buildings on two sides,dci
sa_1553272,A platter tray full of a variety of Japanese delicacies in a restaurant.,dci
sa_1553274,There is a green sign that comes up on a pole and then has four long signs pointing in different directions. ,dci
sa_1553275,There are multiple people in green shirts standing on brown ground outside. There are buildings and trees behind them.,dci
sa_1553276,A historical marker for the Louisville Bar Association.,dci
sa_1553277,A woman on the right side of the image is holding a plastic bag. There are clothes on display in the background.,dci
sa_1553278,A soccer ball in that air in a stadium full of fans wearing red and black,dci
sa_1553279,A group of children dressing in military style uniforms are marching on a road with a forest behind.,dci
sa_1553280,Four people in boats cleaning up a flood zone.,dci
sa_1553282,"This is a photo of multiple kinds of cheese. They are all cut into small, hand-sized chunks. Some are on a wooden, round platter.",dci
sa_1553283,"A round, red brick church with a tower and cupola and a gold cross on top of the cupola. The roof is made of dark shingles and the windows and doorways are arched. On the sidewalk around the church are 6 foot-tall colorful easter eggs.",dci
sa_1553284,"There are three white rectangular sign that are vertically up, including one on the middle top and then two on the bottom sides. ",dci
sa_1553285,Many boats moving along a body of water with shacks nearby.,dci
sa_1553286,Here is a view outside of a metropolitan area of a city with a large Japanese store seen at an intersection with vehicles as well as pedestrians on the streets. ,dci
sa_1553288,Interior of a courtyard surrounded by a stone wall. There is dirt and grass on the ground and a tree in the corner.,dci
sa_1553293,There is a phone on the right with a black frame and red and blue images and writing in it. There is a white background behind it. ,dci
sa_1553294,There is a person sitting down in the alleyway. There are people walking on the left side of the alleyway.,dci
sa_1553296,A man is riding a bicycle through a wooded area. The man has a number label on the front of his bike.,dci
sa_1553298,A totem portal can be seen with several totem poles visible behind it. There are trees and mountains in the background.,dci
sa_1553299,"A city plaza with A cream-colored stone building with a red roof and a black cupola on the prominent corner. The plaza is made of tan, chevroned pavers and has some white lines painted on it. There is a background building made of gray stone with a green roof and two gold cupolas.",dci
sa_1553300,There is a person in a blue tee shirt video recording a stand full of people.,dci
sa_1553302,"Outside from the street, a very run down, small gas station shaded from the sun.",dci
sa_1553306,A person's state ID and multiple cards are scattered on top of a grey wood table.,dci
sa_1553307,A tall bridge in front of a large city,dci
sa_1553308,"A red brick tower with a black, metal conical cupola. There are arched windows about halfway up the visible part of the tower and a round rose window at the bottom and a black guardrail at the very bottom.",dci
sa_1553310,An old blue and white stamp from Albania with a frayed edge and a picture of an otter with a fish in its mouth laying on a black background.,dci
sa_1553311,There are people standing in the middle of an alley.  Most of the people are dressed in middle aged costumes.,dci
sa_1553314,A man loads groceries into the trunk of a blue car from out of a shopping cart. A boy and a girl stand behind the cart and in front of other cars in the parking lot.,dci
sa_1553316,"A memorial plaque is on a large grey rectangle stone on the ground, it is in the middle of a walkway, and there is a decoration laying on top of the end of the stone of the plaque.  The walkway that the stone is in the middle of is made of big brown square tiles, and white diamonds are all over the tiles on the ground.  ",dci
sa_1553318,A train in a station. The train is green and white and people are on the platform. ,dci
sa_1553319,A stone building beside a tree.,dci
sa_1553320,There is a large tan building on the right side of the image. There are cars parked in front of the building.,dci
sa_1553321,A cluster of modern buildings set closely together,dci
sa_1553324,Long beige tobacco leaves are draped over long brown thin bamboo vertical sticks that are resting on two thick brown horizontal bamboo sticks above the ground. A small pile of dried leaves are sitting on top of a brown circle shaped wood plate on the ground under the hanging leaves.,dci
sa_1553325,A sculpture of a yellow and green bug sits in the middle of an area filled with green plants and grass. In the background is a white board diagram of the sculpture.,dci
sa_1553326,"There is a body of water with a shore and then stairs leading up to a house. There are trees on the shore, as well as another house to the right. ",dci
sa_1553329,A road that starts in the foreground extends into the background. There are buildings along both sides of the road. ,dci
sa_1553330,A temple has ornate gold trim on the roof as we;; as bright blue coloring in the middle of the roof wall. The door to the temple is made of gold the floor outside the temple is made of black and grey diamond shape tiles.,dci
sa_1553331,Vehicles for sale are parked in a line in front of a long building with a long red black and white sign across the top of the building. The sky is grey and covered in thick clouds.,dci
sa_1553334," There is a woman who is standing, with the top of her body visible. There are green plants behind her.",dci
sa_1553335,A classroom with at least 13 visible male students all of whom are seated and working on an assignment. There is a messy desk in the foreground with a stack of papers and books and a computer screen. Each of the students has their face blurred out and is wearing a white collared shirt.,dci
sa_1553336,A person is holding a smartphone with their left hand. The screen of the phone is turned on and it is cracked in a few spots. ,dci
sa_1553338,There are several white umbrellas sitting over people on blue couches in front of the ocean. There are palm trees and the sky is blue with some clouds.,dci
sa_1553339,a statue of a strong woman on the back of a horse stands in front a museum. ,dci
sa_1553347,A large black helicopter is parked on a black asphalt lot with grass around the edges.  There are trees lining the background.,dci
sa_1553349,Six different engines on black metal stands in a row. There are diagrams and black and white pictures of engine parts behind each one.,dci
sa_1553350,A group of kids observing one of their peers receiving a shot in their arm.,dci
sa_1553352,an apartment building with balconies that alternate floors,dci
sa_1553353,A yellow train sits in a station as passengers walk on the platform along side the train. ,dci
sa_1553354,Here is a view of the sky above with a blurred vision effect of the stars. There are many large and small clusters of bright stars in the night sky. ,dci
sa_1553355,Solo woman cheerleader standing over a red mat in front a a black curtain with a light blue Olympic sign in front of it in a white walled room with a speaker system in it. Her outfit is primarily red and blue and she is holding a yellow and a blue pompom.,dci
sa_1553356,A woman in a sari walks past a dilapidated house. ,dci
sa_1553357,"A rural house made of white stucco with dark brown wood accents. There is a stone foundation, a long portico on the ground floor and a balcony on the second floor. The roof is made of brown spanish tile and there are 4 visible chimneys on it. There is a mountain to the left of the house with thick green foliage.",dci
sa_1553358,A statue of a man holding a sword beside a building with paintings in arches,dci
sa_1553360,A stone building by a stone wall and a stone path,dci
sa_1553361,A beach with the ocean and land in the background. There is a food cart selling fruit salad with one customer in the center.,dci
sa_1553364,There is a man in a red and black striped shirt leaning on a small boat in the water on the shore.  Another person is carrying something while walking in the water.,dci
sa_1553368,"A picture of the Berlin Hauptbahnhof , a railway station.  The building is mostly glass, with two tall rectangular buildings flanking a lower rectangular building with an arched overhang over its front.  In front of the building is a large brick plaza with many people in it, and above the building is a light-blue sky with some wispy clouds in it, during the day.",dci
sa_1553369,black and white photograph of a gnome holding a heart and a tray in front of a glass window.,dci
sa_1553370,A train has pulled into a large train station. There is a sculpture of a bear on the left hand side of the image.  ,dci
sa_1553371,"A Greek town plaza with all white architecture and a hillside in the background. At the forefront is a monument made of white stone with a base, pedestal and a black anchor. The plaza also has a sign with a map and a re ""i"" logo for information.",dci
sa_1553372,There is a building that shows 4 stories with identical balconies going across with curved railing and checkerboard ceilings.,dci
sa_1553374,A yellow tram is on the left side of the image. There is a building with large glass windows in the background.,dci
sa_1553376,There is a beach with a lot of people in it and a carriage that has an animal on the left. ,dci
sa_1553377,"A large brown and black brick building with a slanted roof and a market in its courtyard. The building has four stories with four rows of windows and a round clock mounted on the side and storefronts on the ground floor. There are a few cars on the street to the right of the building and several people walking, working and shopping. There is a black sign inviting patrons in to the market.",dci
sa_1553378,"There is a large building in the back, and bushes and grass in the front. There is a sign coming up as well as one coming up from the grass. ",dci
sa_1553379,There is a bust on a pedestal in front of a fence. There are buildings in the background. ,dci
sa_1553380,"There is the old remains of a building that has curved openings. There are many blocks, green grass on the bottom and trees on the left and right.",dci
sa_1553384,There is the ground of an airport with the backs of three planes visible and a long building on the right side. ,dci
sa_1553386,A group of men wearing white and red military uniforms and black hats with beige plumes are standing close together outside in front of a tall white building. ,dci
sa_1553387,"Two women and sitting at a big wooden table, they are playing cards and each have cards in their hands, and the women look to be of asian decent.  They are in a house with cream walls and ornately designed furniture is on the right side of wall. ",dci
sa_1553389,There are a bunch of prawns that are between two metal grates. ,dci
sa_1553390,the view of the London skyline is in the background above a metal railing. there is a mosaic of the London skyline displayed across the front of the railing. ,dci
sa_1553394,"A small white car can be seen on the street. It has the words ""FREE NOW"" written on the hood and a taxi light on the top of the car.",dci
sa_1553395,It is a nighttime scene with water at the bottom and a large lit up bridge going across. There is a city in the background.,dci
sa_1553396,A vintage silver race car with 36 in red on it in a museum or showroom.,dci
sa_1553397,There is a body of water and then a bridge going across it with pillars going down. There are buildings in the far back and a big blue sky above. ,dci
sa_1553399,"A narrow street taken from a low angle. On either side of the street is a three-story building with small balconies. At the end of the street is a church with a tall, triangular steeple. On the right building is a blue sign with white lettering and directional arrows.",dci
sa_1553400,"A plaza filled with people, surrounded by large stone historic buildings. ",dci
sa_1553401,A large stone building with colorful columns and signs on the front,dci
sa_1553402,There is a red square sign that has white writing in it. It is on a textured brown wall on the left and there is a big blue sky on the right.,dci
sa_1553405,A group of people are gathered together within an outdoor area. A man in the middle is holding food items in both of his hands. ,dci
sa_1553406,"A dark metal statue of a person in a long trench coat and a captain's hat. The statue is on a simple, stone pedestal with the words, ""General Jozeh Haller 1873-1960"" written on the side. There are trees and a short building in the background and a street with a white truck.",dci
sa_1553407,A cream tea stand in a plaza or open air market.,dci
sa_1553409,There is a person wearing black and holding black glasses. He is in front of a black background.,dci
sa_1553411,The image depicts the front of a large white shopping mall with people walking in and out. ,dci
sa_1553412,A street from right to left in a sunny day with three main European style buildings on the right.,dci
sa_1553413,Outside of a large entrance into a historic village or temple in Japan on a very quiet day.,dci
sa_1553416,"Two stone carvings of people sitting with their legs crossed sitting on a stone ledge. The figures have no heads and the right figure is less defined than the left with barely any shoulders, arms or hands.",dci
sa_1553417,A policeman guards a blocked street in thailand.,dci
sa_1553419,Here is a scene outdoors during the daytime of military personnel driving large green tanks down the street. ,dci
sa_1553421,"An area with art, sculptures, and candles. It looks like a synagogue or church. The area looks to be made of stone.",dci
sa_1553422,"A gazebo sits in a gate on a grassy hill. In the background, there are various trees with a lot of colors indicating it is fall; it is overcast outside.",dci
sa_1553423,A ski slope runs down the side of a mountain. A number of buildings are built into the side of the mountain. ,dci
sa_1553424,There is a box that is the packaging for a TV stick on the right and the actual product on the left. It is on a yellow background. ,dci
sa_1553425,A woman wearing glasses is bowing down and holding the hand of another woman sitting down.,dci
sa_1553426,An archway that leads into an area that has a couple of buildings within it can be seen in the background. ,dci
sa_1553427,"A woman is walking down a narrow stone street, her back is in image, and there are buildings lining the street and motorcycles are parked on the left side of the street, behind and in front of the woman.  Small orange triangle flags are stringed and hung up over the street between the buildings. ",dci
sa_1553429,"There is the top of a building coming up in between a lot of trees. It has pillars, a balcony and a lot of detailing.",dci
sa_1553431,This is a person with long hair and a red robe walking down a light colored hallway with windows on the left side.,dci
sa_1553436,There is a plane that is flying through the air that is slanted to the left. It is gray for most of the left 2/3 and then red on the right side. ,dci
sa_1553437,There are people walking across a cross walk. There are cars at the top of the image.,dci
sa_1553438,A display of stuffed animals and plush toys.,dci
sa_1553443,A large gazebo that has intricate designs on it and a golden statue underneath it can be seen in the middle of the image. There are trees going across the background.  ,dci
sa_1553444,A woman is grabbing a lottery ticket from a brown case full of lottery tickets. A red bus is in the background.,dci
sa_1553445,An under construction foundation of a large building with a multi room basement. The ground around the site is brown dirt with loose rocks.,dci
sa_1553446,There is a person turned to the side who is wearing a black jacket and a blue strap over him. ,dci
sa_1553447,There are many rows of nearly identical cars going down in parking lots. There is a big gray building on the left.,dci
sa_1553448,A motorcycle is parked next to a concrete barrier. The motorcycle is casting a shadow on the barrier.,dci
sa_1553451,Here is a view outside of a Indonesian railway station with the exterior building as well as the concrete platform for walking to it. ,dci
sa_1553452,A group of children sit at desks with their heads looking down. A wide whiteboard runs along the wall in front of them.,dci
sa_1553455,A fashion runway with a woman in a dress walking away from the camera in the foreground and a man in a suit walking towards the camera in the background.,dci
sa_1553457,"A red, vertical rectangular sign in an airport or train station stating that face coverings must be worn.  In the background are travelers walking around a concourse with a white tile floor speckled with grey, and with kiosks on the right and left side of the picture.",dci
sa_1553458,It shows a person’s hands holding a phone. He has blue jeans and there is a table in front of him and a green plant to the left of him.,dci
sa_1553459,here is a scene outdoors of a city center with a large concrete and stone cathedral building with people walking around thee streets and sidewalks. ,dci
sa_1553460,"There is a wide container with a green bottom and wood frame. There is a bottle on the left, a condom wrapper in the middle and a cigarette on the right.",dci
sa_1553461,Two people in the middle of the image are riding a motorcycle. There are more motorcycles on the left side of the image.,dci
sa_1553462,A woman who is wearing a police uniform has a few microphones being held in front of her. There are people to the left and the right of the woman. ,dci
sa_1553463,There are two three seat benches with a masked person on the ends of each. There is a tile floor on the ground and a building behind them. ,dci
sa_1553465,People riding bicycles in front of a building with a city bus behind them.,dci
sa_1553467,This is an area of water that is surrounded by land.  There is a mountain covered by trees and grass in the distance.,dci
sa_1553470,A picture of an area with many metal boxes and fixtures. Some of them have round circle like fixtures on top. Others have small knobs or screws on the top.,dci
sa_1553474,"Big angry bird floats are on the side of a street, they are made of what looks like grass and flowers, and there are flowers at the the edge of the second float.  Trees are to the left of the float in the background, and a silver fence is in front of the trees and the sky is visible at the top of the image over and between the tops of the trees. ",dci
sa_1553475,There is a brick building that has windows across the wide with white grates in them. There is a big tree in front of it and trees next to it. ,dci
sa_1553476,It shows very detailed leaves that are coming up on a stem and then curve out on the sides. There are many leaves underneath it.,dci
sa_1553478,An approximately three story tall building takes up most of the image. There are several chimney tops extending up from the roof of the building. ,dci
sa_1553479,A blue room with several people in it. Surrounding them is an archway with a textured white background with blue leaf designs all over it.,dci
sa_1553480,"A soccer player of Levante UD with a blurred face on the right with a soccer ball in the air about the height of his eyes, with blurred audiences in the background. ",dci
sa_1553481,There are five main green pipe structures. There is a large crane behind the pipes.,dci
sa_1553482,Four people are standing by burned out cars. On the left is a tree line behind the wall and metal gate is buildings peeking out.,dci
sa_1553483,A red bus up close with a large front windshield and a blue embedded banner going across the top.,dci
sa_1553484,An urban courtyard that is narrow and rectangular. Looking down into the concrete gray courtyard there is a lot of garbage.,dci
sa_1553485,Here is an outdoor gathering of people at a lake in the daylight with a collective of pine trees surrounding the lake. ,dci
sa_1553486,There are several cars on a street with buildings on the left and trees and billboards on the right. It is a clear day with no clouds in the sky.,dci
sa_1553487,Several people can be seen at a gathering with a table in the background. They appear to be wearing traditional costumes and hats.,dci
sa_1553488,Two men dressed in jeans and purple long sleeve shirts are working on an electrical transformer. The daytime sky is blue with wisps of clouds concentrated on the left side and becoming thinner toward the right. ,dci
sa_1553492,a roped off area of a park that looks like it suffered a large amount of damage from a flood,dci
sa_1553494,A large building has blue and red paint with large windows. In the background are five large gold domes the scene takes place during winter with snow falling and sitting on the trees.,dci
sa_1553495,A gold gas tank on a motorcycle with the name Royal Enfield on the tank,dci
sa_1553496,"This is a dark streetscape, where there are five story white buildings on both sides of the street, which cast a dark shadow across the road. The street has cars parked on the right side.",dci
sa_1553497,"Two musicians up on a stage performing. The person on the right is playing a guitar, while the person on the left is standing in front of a microphone.",dci
sa_1553498,"Three women are holding wine glasses and currently having a toast. They’re situated on a rooftop, with white railings, with residential and commercial buildings in the background.",dci
sa_1553499,A white building with a part that goes up more on the left has a steeple on it; there are rolling hills and vegetation on the ground. The sky is blue with clouds in it.,dci
sa_1553500,People in South Asia dressed in traditional clothes lined up to enter a grant temple building in the back in a sunny day.,dci
sa_1553503,Here is a view over the top of what is a laminated Mexican restaurant menu seen on a brown table. ,dci
sa_1553504,black bench chairs with social distancing markers in front of opaque glass wall with passengers sitting behind it. ,dci
sa_1553506,a long line of fishing boats are parked along a dock on a sunny day. there is a man wearing a motorcycle helmet near the center of the dock.,dci
sa_1553507,Green grass can be seen in the front of the image. A large group of mountains can be seen in the background.,dci
sa_1553508,Two children are climbing wood poles. The floor is brown dirt. The building on the right is made of different colored bricks.,dci
sa_1553511,A building can be seen in the center of the image. Several buildings are visible in the background as well.,dci
sa_1553513,a large building on top of a mountain with a town below it,dci
sa_1553515,A four bladed green helicopter flies in a gray sky. It appears to be a military helicopter due to the color and what looks like to be weapons bays on the sides of the helicopter near the doors. ,dci
sa_1553517,"A woman is sitting on one of the chairs of the side of the building, overlooking a beach in the background filled with palm trees, white canopies, and plants. The weather is sunny with a clear blue sky.",dci
sa_1553520,A shipyard with hundreds of shipping containers stacked up and the machinery to move it around. In the distance is a large body of water and a port.,dci
sa_1553523,"We see a small brown building with a black roof that looks like a hat.  Behind, the building, we can see a line of trees in the background.  ",dci
sa_1553525,"Group of people walking in the road within a city, with trees and bushes in it, among the vehicles in and on the side of the street. A person in the front is holding a flag and there are more flags up behind him, well as a woman to his right holding up her fist.",dci
sa_1553526,Woman walking up the stairs of a tunnel with multiple lights along the side walls and a glowing sign on the back wall over the doorway. The front wall has a motion sensor and multiple other signs on it.,dci
sa_1553527,A train engine stands on a railway between a grassy area and a row of trees. Two tall buildings line the background of the image under a cloudy sky.,dci
sa_1553528,A windmill stands in the center of the image in the middle of a large field.  A line of trees stands behind the windmill.  We see a house in the lower left corner. ,dci
sa_1553530,There is a large body of water in the middle and on the right of the image. There is a boat in the water on the right.,dci
sa_1553531,This is an intersection with several traffic lights and there is a restaurant in the background behind trees in a glooming day. ,dci
sa_1553532,"A black bull statue sits on top of a round stone column in the middle of a pond. In the background, on the stone steps leading down to the water, you can see three women wearing sarees and some kids.",dci
sa_1553533,j,dci
sa_1553534,There is the top of a building that has a rounded tower and then a gold roof that goes in and then has a sphere and poles at the top. There are branches in front of it. ,dci
sa_1553535,There are large posters with desserts and ice cream on them. There are people waiting in a line. ,dci
sa_1553536,"The image depicts a large, reflective modern looking building with lantern-shaped windows. ",dci
sa_1553537,People walking in front of a large stone building,dci
sa_1553539,Some stone pillars with horizontal pieces going on top of them.,dci
sa_1553540,A brown castle in the back with a sculpture on its top in a partly cloudy day. In front of the castle is a river with a bridge on it.,dci
sa_1553545,A group of people can be seen lined up on a sidewalk that goes along the side of a building.  ,dci
sa_1553546,"The image is a packed and busy road at nighttime, a horizontal bridge is over the road and big buildings are in the background.  The many lights of the vehicles on the road are lighting up the road, the top of the bridge has green lights and there are lit up signs on the big buildings in the back. ",dci
sa_1553547,The image is looking up at an ancient stone building at night.,dci
sa_1553550,"In the city of Nara, there are a group of deer lying around a tree on a dirt ground with tourists nearby trying to interact with them.",dci
sa_1553552,A laptop has a webpage open to a website. There is another screen in the background on a similar website.,dci
sa_1553553,"An image looking down a foot bridge of a city with several people walking and a few sitting. In the distance is the city skyline of skyscrapers, a tower and a ferris wheel. The right side of the bridge has a white guardrail and the left has a square-cut shrub with white seats in front of it.",dci
sa_1553554,j,dci
sa_1553557,Several cars can be seen parked on both sides of a street. There are many buildings in the background.,dci
sa_1553559,A man who appears to be an athlete is standing on a grassy field. ,dci
sa_1553563,"There is a natural area with a curving walkway in the front, then some plants and tree behind and a playground on the right. There are buildings back to the left.",dci
sa_1553564,There is a sandy beach that has a yellow boat on the left and an overhang on the right with a lot of items in it. ,dci
sa_1553566,There are several cars parked in a grassy field.  The cars seem to be older models.,dci
sa_1553567,There are a lot of bottles and cans on the ground. There is a person holding a rake over the trash.,dci
sa_1553568,A tan building from the front has lots of detailing all over the exterior building. The top part of the building is pointed and there are 2 tall thin archways with a window in between.,dci
sa_1553571,This is a table at an outdoors vending area.  People are gathered around the tables.  The tables are green in color.,dci
sa_1553572,"At a crossing in the Times Square, there is a yellow cab on the right with dozens of pedestrians across the street with billboards and signs in the back.",dci
sa_1553574,Under a blue sky there are several abandoned residential buildings surrounded by weeds. ,dci
sa_1553577,"It is a view of two big buildings next to each other, the buildings are over a set of stairs in the middle of a walkway and a body of water is below the stairs at the bottom of the image. ",dci
sa_1553578,A man in a black outfit riding a bicycle at a four way intersection.,dci
sa_1553579,An outdoor marketplace can be seen in the foreground. There are trinkets for sale on shelves on the right hand side of the area. ,dci
sa_1553580,There are people walking between shops on either side of the image. There are tons of wires in the background.,dci
sa_1553583,The right section of an elaborate outdoor fountain is showcased. It has statues of women on pedestals around the edge of the middle spout of the fountain.,dci
sa_1553584,A yellow work truck with a trailer pulling a steamroller and a work crew on the back of it. ,dci
sa_1553585,"It is a partially cloudy day. There are a lot of tall business buildings in the background, and more housing near the foreground. At the middle of the foreground, there is a grassy field.",dci
sa_1553587,Here is a scene outside near a large lake with a small mountain formation behind it and a small town on the side of the road. ,dci
sa_1553589,This photo shows a shopping plaza at night there are two floors and a brick walkway on the ground floor.,dci
sa_1553592,A woman carrying two purses walks on a concrete sidewalk next to a large blue wall.  The wall has vertical ridges in it.  ,dci
sa_1553593,This is a close up of a used postage stamp. The stamp is green with a white border and features an old house on the front.,dci
sa_1553596,A square with a statue in the middle surrounded by palm trees in a sunny day with toutists hanging around. ,dci
sa_1553597,"Om the foreground, a pair of blue-gloved hands holds a test tube filled with blood on the left side of the picture while a surgical masked face is seen on the right. In the background, in the middle of the picture, another gloved doctor can be seen blurrily.",dci
sa_1553598,A McDonald's Café is on the bottom floor of a large food court in the middle of an airport. The top floor has a clear glass railing with vertical silver poles evenly spaced on the sides down to the tile wall below it. ,dci
sa_1553600,A busy city center with a lot of people lined up in the background,dci
sa_1553602,A group of people eating food together in groups of four on the floor. ,dci
sa_1553603,A harbor at sunset with boats docked under an overhang in a glassy body of water reflecting the lights from a building on the shore.,dci
sa_1553604,A field of blue flowers in a park. There are pathways along both sides with people walking around in the distance.,dci
sa_1553605,"Inside a metro station in Finland, there is an orange metro train parked on the platform with doors closed. ",dci
sa_1553606,"The backside of a circular building with a rectangular section attached tot he back.  There is a few trees in front of the building, without leaves.",dci
sa_1553607,A produce market with various fruits and vegetables placed in baskets for sale.,dci
sa_1553608,Outdoor furniture with a leaning umbrella on a brick patio with a muddy stream.,dci
sa_1553609,"A tall white tower can be seen in the background. There is a structure on the left hand side, and several cylindrical pillars on the right hand side. ",dci
sa_1553610,Here is a scene of a public auditorium and business center outside with a green lawn around it. ,dci
sa_1553612,A large brown/wood door in an arch like section of a building. The wall around it is made of tan or light gray stone.,dci
sa_1553613,"A cellphone with the Zoom app open.  In the background is a small plant, blank notepad, and the lower half of a laptop.",dci
sa_1553614,"In a dark photo, people are waiting to cross the road around a traffic light with big hotel buildings in the back.",dci
sa_1553617,Large organ instrument inside a building that has grey walls. Under the organ is wood paneling.,dci
sa_1553619,A group of military troops hold red flags with sickle and hammer logo in front of building flying East German flags. ,dci
sa_1553620,Here is a view overlooking a city in the distance with a large river flowing between the edge of the road and a bridge across. ,dci
sa_1553622,A female soccer player running on a soccer pitch in navy blue warm-up gear. There are two blue pylons on the pitch and 8 to 10 water bottles on the ground on the sidelines. There is an empty bank of stadium seats behind the player.,dci
sa_1553624,There is an ornate building with people sitting in the front and a blue sky in the back. ,dci
sa_1553625,A group of large gathering of people in blue suit jackets with black hoods sticking out are walking with their backs away from the camera down a street. There is a makeshift fire in the bottom right corner of the screen made out of cardboard and paper in the middle of the street.,dci
sa_1553629,A narrow street with shops on both sides,dci
sa_1553635,There is a man who is running on a sports field. There are more people behind him and people in the stands. ,dci
sa_1553638,"Under a partly cloudy blue sky, there is an intersection in a Chinese city with a huge skyscraper cluster in the background.",dci
sa_1553641,There is natural scene with water in the front and a lot of grass and plants everywhere. There is a large triangular structure that goes to a point and then sticks propped up around it with branches going through some of the bottom. ,dci
sa_1553642,Two small stone statues in front of a larger one,dci
sa_1553643,A large outdoor walkway that has buildings along its left and right sides comes to a staircase in the background. ,dci
sa_1553644,There is a beach with two people sitting on the left and two bikes on the right. There is the ocean and sand. ,dci
sa_1553645,These are racks of black planters set on shelves at different levels.  Most of the planters have leafy green plants in them.,dci
sa_1553646,There is a stamp that has a circle and a curving design around it. There is writing all around it. ,dci
sa_1553650,There are people in white jackets walking in a parade on the right while there is a crowd watching on the left side. They are holding flags.,dci
sa_1553653,There is a stamp that shows a picture of a boy in a scout uniform in the front and another back on a hill. They are in a natural area.,dci
sa_1553655,A picture of a building close up that has a billboard or sign above it. There are other buildings and carts/stands on the side.,dci
sa_1553656,This is an area of buildings surrounding a pond.  The trees and the sky are reflecting off the surface of the water in the pond.,dci
sa_1553657,A set of stairs with a metal railing down the middle and a building to the right and in the background. The one in the background is stone and blue with brown frames around the windows. The building to the right is red and white.,dci
sa_1553662,"Man and a child posing for a picture being taken by a woman in a black dress under a tree in a walking area, within a city, with a bike rack in the back in front of a bush. There is a wall behind the people with pictures of other locations with trees in them.",dci
sa_1553664,There is the top of a hot air balloon and trees in front of it. ,dci
sa_1553665,Two computer monitors are the main focus and to the right is a telephone and another small device with two small screens. These are on two white desks in what appears to be an office,dci
sa_1553667,A bird view of a city skyline with several skyscrapers in the middle during a cloudy day. ,dci
sa_1553668,An intricate sculpture is hanging off of the side of a building. ,dci
sa_1553669,There are streets with highways going up on the left and the right and a colorful train going across on the back. There is grass in the front and tall poles in the background. ,dci
sa_1553671,There are stems coming up with yellow flowers. There is a bee flying next to it. ,dci
sa_1553672,There is a curving frame over a picture of a woman that is framed with blue and has writing.,dci
sa_1553673,Several soldiers with a Brazil flag on left arm is patrolling on a street in a sunny day. ,dci
sa_1553674,A white and black barge docked at a pier. In the background is a light green building with a red tile roof and a building under construction to its left.,dci
sa_1553676,Children standing on a wall and adults in the background,dci
sa_1553678,There is a very rocky and dirt filled mountain going up. There are two people walking down it and a person in the background. ,dci
sa_1553679,There is a wide pathway with trees all around it. There are two people walking down it. ,dci
sa_1553680,"The image depicts a large, circular skyscraper being constructed with a large crane. ",dci
sa_1553681,Here is a scene outside on a small paved walking area just outside where storefront houses are situated on the sidewalk. ,dci
sa_1553685,A construction site of an raised highway overpass that is being built,dci
sa_1553686,A three-story building with a black wrought iron gate beside it,dci
sa_1553687,"There is a big rounded arena on the right back and a building on the left with glass around it that has a curved top. There is a big grassy area on the front and some benches, flags and trees.  ",dci
sa_1553688,A tall brick building with lot of windows and a clock on top.,dci
sa_1553689,There is a red car on the left and a piece of black equipment on wheels on the right. There is a wall in the background and a street on the ground.,dci
sa_1553691,Here is a scene outside in a public walking space with many people walking around between buildings. ,dci
sa_1553694,Several jets are lined up across the surface of a tarmac. There are trees on the left hand side of the far background.   ,dci
sa_1553698,Here is a view of a downtown area of a city with a large high rise building in the background with many stores below attached. ,dci
sa_1553701,A security officer can be seen at what appears to be a train station. He is standing in front of a row of entrance gates.,dci
sa_1553702,This is a car crash. The black car hit something head on and there are green tow straps tied to the front of the car. There are numerous people looking on in the background.,dci
sa_1553704,"A ferry boat is docked at a structure on a body of water. A bridge, many trees, and several buildings can be seen in the background.  ",dci
sa_1553710,Soldiers with guns lined up on a street,dci
sa_1553712,Cars can be seen on a street in front of two large buildings. There are trees next to the street.,dci
sa_1553714,This is a large light brown colored building with columns in front of it.  There is a black metal railing around the building.,dci
sa_1553715,Here is a view overlooking a large parking lot within an airport and a terminal building in Germany. ,dci
sa_1553716,monk children are seen walking in a grassy area. there is a temple in the background. ,dci
sa_1553717,An outdoor area that has a couple of benches on it overlooks an area that has buildings going up the side of a hill in the background. ,dci
sa_1553722,bicycles are parked on a platform on a bridge over a river with a blue sign in front. ,dci
sa_1553725,Here is a view outside in a large public walking space with visible shots of large art pieces. ,dci
sa_1553727,A picture of a river from the air. There are flat fields of grass and trees on either side of it.,dci
sa_1553728,"A belltower that has pillars, railings, and wall structure that is made from brick stone. The sky in the background is clear, without any visible clouds in the area.",dci
sa_1553732,A group of people who are either getting ready to go skiing or snowboarding,dci
sa_1553733,There is a slanted computer screen that shows a website.,dci
sa_1553734,There is aluminum foil with fried potato chips in it. ,dci
sa_1553735,Here is a view overlooking a large city with many white concrete buildings in the distance and a multi lane road. ,dci
sa_1553737,"A white airplane sits on the tarmac of an airport. Red text on the plane reads, 'Thai Lion'. ",dci
sa_1553738,A group of people standing near two towers.  The people and the towers are covered with yellow powder.,dci
sa_1553740,A small green and white house with a dark brown fence set in a dirt and grass plot of land against a cloudy blue sky.,dci
sa_1553741,four construction workers are standing in a work site located in a ditch. there are stacks of square panels on the land above the workers. ,dci
sa_1553742,A group of purple shaded flowers are bundled together with some greenery.,dci
sa_1553744,This is a brown pitcher surrounded by six brown colored mugs.  They are outdoors on the pavement.,dci
sa_1553746,This is a white dish with scalloped edges.  There is a variety of colorful food sitting on the plate.,dci
sa_1553749,A covered garden filled with plants that are thin and growing upright that’s about ten feet. Multiple people are scattered around the garden.,dci
sa_1553750,A seafood stand with boxes filled with different types of oysters.,dci
sa_1553751,Three neon letter C's are hung from the eave of a building with glass windows. ,dci
sa_1553753,A man is standing in front of an open store window that has bread in and around it. There is another man inside of the store.,dci
sa_1553756,"There are some platforms by the water that have a lot of equipment on them. On the left side there are large white beams that come up and have red arms that go up with a lot of slanting poles on them, and on the right side there is equipment that is on gray legs that has yellow cranes that are going up.  ",dci
sa_1553757,A large open paved area leading surrounded by tall boxy buildings. ,dci
sa_1553764,The front of a stone building with a bell/clock tower,dci
sa_1553766,There is a woman who is running in a purple uniform. There is greenery in the background.,dci
sa_1553768,The remains of an ancient theater can be seen. There is an arena with stone seating on the side of the arena.,dci
sa_1553771,"At an intersection with several traffic lights on the left, there are several skyscrapers in the back with cars on the road at the bottom.",dci
sa_1553772,People sitting in blue chairs looking out at the beach and ocean.,dci
sa_1553775,A brick road that starts in the foreground goes down a slope and into the background. There are buildings on the left and right sides of the road.  ,dci
sa_1553776,Thales building behind a tree under a clear blue sky in the day.,dci
sa_1553777,"A crowd of people are on the stairs right beside the water, where there's a boat filled with people.",dci
sa_1553778,A mediaeval looking tower with with an arched widow on all four sides and four embrasures on each side at the top. The tower is situated in between to other much more modern-looking buildings.,dci
sa_1553780,A man is riding a black and green dirt bike on brown dirt covered hills. Brown trees covered in thin brown twigs are in the background.,dci
sa_1553781,A city of light-colored buildings,dci
sa_1553783,A safari jeep and its guide look for animals on the savannah at sunset,dci
sa_1553786,"The picture has been taken up close of what appears to be the trunk door of a white-colored car. The trunk door has a silver handle on it, and the word ""PEUGEOT"" going across its surface in silver lettering with a silver underline underneath it. ",dci
sa_1553787,A child is standing in front of a group of people that are all either skiing or walking on snow.,dci
sa_1553789,A ruined building with the nuclear biohazard symbol,dci
sa_1553793,A section of a church to the left  of the main building with a gold dome at the top and a little round tower and a cross at the apex. ,dci
sa_1553797,"A colorful wooden cart with wheels that's decorated with paintings and ribbons, and has pieces of painted wood piled on it.  Behind it is a slightly raised wooden deck with a white fence around it and chairs on it, possibly for an outdoor seating area at a restaurant.",dci
sa_1553800,"This is an auto racing car fuel pit stop scene.  The man in the fireproof hood is pumping gas, a crew member is checking on the driver and has the drivers door open and another team member appears to be changing a front passenger wheel assembly. ",dci
sa_1553801,There are stone benches and steps in the image. There are small scaffoldings at the top of the benches.,dci
sa_1553802,a glass case displaying a number of jerseys and cleats from a soccer club. ,dci
sa_1553803,"A young girl in a military costume is sitting on a bench with a male sitting at her back, there is a boy in green clothes walking on the right on a sunny day. ",dci
sa_1553804,"This is a picture of an old man who appears to be polishing a shoe. The photo is black and white, and he's crouched down in front of a building. He has a bunch of supplies and extra shoes sitting off to the left of him.",dci
sa_1553807,Several beer bottles can be seen sticking out of a body of water that has green algae covering its surface. There are also several branches and green vegetation in the area.  ,dci
sa_1553808,"A large bell is displayed behind a fenced off area in a town square. People stand nearby, looking at the bell. ",dci
sa_1553809,City street with buildings. There are several tall trees along the side of the street.,dci
sa_1553810,Two men in Medieval armor on horseback are jousting. They are thrusting jousting sticks at each other.,dci
sa_1553811,A cartoon woman in front of a christmas tree,dci
sa_1553814,A white and yellow building has many windows on its right side.,dci
sa_1553817,Castle walls and several buildings can be seen along the side of a hill in the background. There is a body of water going across the bottom of the image. ,dci
sa_1553818,Protesters holding up signs,dci
sa_1553821,A woman in a blue and white dress is walking on a sidewalk. Other people are seen in blur in the background and to her sides.,dci
sa_1553824,"a blue sign is bolted to a to a black and affixed to a stone wall. the sign is bilingual, has white text, and a white dragon visible on the right side. ",dci
sa_1553828,"Several white-colored buildings, one of which is a church, can be seen going across the image. There is a stone street that goes across the bottom right of the image. ",dci
sa_1553829,"Large river or lakeside homes on a hill, covered in lush green trees.",dci
sa_1553832,A small temple can be seen with several large trees visible in the background. Two small bonsai trees can be seen in front of the temple.,dci
sa_1553833,There is a person dressed up in elaborate makeup and a headdress and outfit. It is primarily pink and black.,dci
sa_1553834,There is a statue of the little mermaid in gold on top of a rock. There is water in the background. ,dci
sa_1553836,Three women are gathered around an art piece. There is a small pan on top of a fire.,dci
sa_1553840,Vast and hazy landscaping of the Great Wall of China along the top of the mountains.,dci
sa_1553841,,dci
sa_1553842,There are 18 sections of white covered Sake Barrels. Each section is separated with a gray vertical and horizontal line. With trees up above and a gray pavement in front of the wall of barrels.,dci
sa_1553843,A stream of water running down some rocks and there's bluer body of still water on the right.,dci
sa_1553844,A five lane one way road full of vehicles goes down the center of the image. Tall green trees line the right side of the image and tall buildings and parking lots full of cars line the left side of the street.,dci
sa_1553845,"People are outside on a lawn, some are pulling along bulls while the rest stand around. ",dci
sa_1553846,A large wood-paneled room with banners hanging down both sides,dci
sa_1553851,This shows a sky view of a maritime police station at the edge of a port on a sunny. Dark water is in the background across the image.,dci
sa_1553852,A tudor-style building in front of a stone church,dci
sa_1553853,"A bench in a small grassy park, in front of a red wall or art installation that contains a lot of holes.",dci
sa_1553854,A view of the bright blue ocean. There is a large ship coming into the port. ,dci
sa_1553855,"This is a dark grey Toyota Hilux extended cab pickup truck with mirror tinted windows and dirty six spoke mag wheels, sitting on a city street in front of a power pole. ",dci
sa_1553857,A crowded town on both sides of a river,dci
sa_1553858,Two people can be seen standing inside of a hallway. There are glass windows going across the back left side of the hallway. ,dci
sa_1553859,A store front with a brick sidewalk. There are chairs visible inside the store. ,dci
sa_1553860,There is a closeup of a Japanese dish with a fried egg on top in a black bowl.,dci
sa_1553861,Here is a view overlooking a large city area with buildings scattered across a metropolis during the daytime. ,dci
sa_1553865,a cable car over water that travels up a hillside with old buildings on it. ,dci
sa_1553866,"This is a temple surrounded by a lush garden of greenery with yellow flowers. The temple includes incredibly ornate windows and doorways, all of which have gold casing around them.",dci
sa_1553869,A small light blue two door electric car is parked at a charging station. The brick parking space is painted green and white in front of the charging station.,dci
sa_1553870,A man is standing at the center of the scene wearing a black baseball cap and touching a yellow car.  There are onlookers in the background.,dci
sa_1553871,A glass tunnel or fixture is pictured here. You can see a car through the glass and there are buildings in the area as well.,dci
sa_1553872,A small box of seeds to grow in the garden and a folded receipt on a synthetic leather surface.,dci
sa_1553875,A pair of blue and white doll-like sculptures of are standing on a walking path of thin bricks.  There are flower gardens in the background.,dci
sa_1553880,"A small carnival with rides for toddlers, in a night time setting.",dci
sa_1553882,Here is a view outside many flag poles standing up outside on pavement with people around. ,dci
sa_1553884,A stormy night in a big city,dci
sa_1553886,A light streak photo showing movements of car lights surrounding a white tower monument in the middle during the night. ,dci
sa_1553887,A large group of people are walking around on a boardwalk on an overcast day. A tall wood gazebo is in the background and a two seat bike is in the front.,dci
sa_1553888,Two metal coins laying on a rough wooded surface. The language on them does not appear to be english.,dci
sa_1553889,A resort on a sandy beach,dci
sa_1553890,This is a sky view of a small section of a city surrounded by trees. The sky is covered in dark clouds and a rainbow is shining in the sky.,dci
sa_1553893,"A long, white river cruise ship can be seen on a river. There are several trees in the background.",dci
sa_1553896,A woman is putting food on a person's body. The person in the blue eye cover is laying on a table.,dci
sa_1553897,a large cargo ship loaded with shipping containers is sailing through a waterway with swampy areas on its shores.,dci
sa_1553902,"There is a billboard for a music service with a wall in the front, trees on the left and a city in the background on the right.",dci
sa_1553903,"This is a picture of a man driving a wooden boat. The background includes several more boats in front of a riverbank, where there are shacks in the background.",dci
sa_1553904,There are men playing soccer on a field who are kicking a ball. There are stands in the background. ,dci
sa_1553905,There is a woman standing in front of a street wearing a yellow and blue mask.,dci
sa_1553906,Area of greenery and trees next There is an overlook with buildings high above the city. ,dci
sa_1553908,It shows a block ground and then different buildings going around a corner. ,dci
sa_1553910,"This is a picture of a phone. The zoomed in photo is of the screen, which features an article on how to stay safe during covid.",dci
sa_1553911,This is a night scene near a yellow building on a corner of an intersection.  The building has a sign on it saying Pizzeria and there are a lot of people around it.,dci
sa_1553914,"A smartphone on a grey desk. There are some other objects lying around - a file folder, an orange marker, sticky notes and a red cord.",dci
sa_1553918,A woman wears a dress and pointy hat while sitting in a kayak that is floating in a body of water.,dci
sa_1553921,There are two tall blue signs with a yellow word on the top that says IKEA on the side of  a road. The sky is a light blue and is mostly covered in large thick white clouds.,dci
sa_1553922,This is a person carrying a younger person across a wooden bridge in a wooded area.,dci
sa_1553924,There is a picture of a market that has a lot of containers that have bulbs for different types of flowers that are in the front and then that are sloping up in the back. There are more products hanging on the left and right and a person on the left and right. ,dci
sa_1553925,There is the front of a building that is a bank. There is a street on the far left and plants in a sign on the right. ,dci
sa_1553926,There are vehicles parked in a small parking lot. There is snow falling in the image.,dci
sa_1553928,A dark grey sidewalk and grey asphalt street are wet from the rain. A group of pink flower with green leaves are in black bags on the dark grey sidewalk towards the back of the image.,dci
sa_1553929,A stamp on a black background. It is white with the artistic picture of a waterfall on it.,dci
sa_1553930,A child wearing a white shirt and a blue skirt is walking on brown sand.,dci
sa_1553933,The inside of a historic building with an elaborately decorated ceiling and walls. The ceiling is dome shaped with angled walls and a colorful pattern.,dci
sa_1553934,A large wrecked pirate ship playset serves as the centerpiece for a children's playground. Other playground equipment is present in the park as well.,dci
sa_1553935,We see a mostly green tank sitting on a lawn.  There is a sidewalk underneath the tank in the image.  We see trees in the background. ,dci
sa_1553938,Here is a view of a stamp that is in red with some printing across it. The front of it has a man's face with Norge printed in white on it. ,dci
sa_1553939,A canal can be seen going across the bottom of the image. There are trees and buildings going across the background. ,dci
sa_1553941,A blue Toyota car sits on a circular platform with a guardrail around it.,dci
sa_1553943,From a sidewalk we can see part of a city skyline with shiny modern buildings.,dci
sa_1553944,broken down car on a street within a city with some men standing next to a blue car in the back ,dci
sa_1553945,"A small patch of grass and weeds and small section of roadway, and below it top of a train overlooking a body of water with an island off in the distance..",dci
sa_1553946,girl in brown hat with a red star and grown jacket sitting over the shoulders of a man in shades in front of a crowd of people in front of a building. ,dci
sa_1553947,A lonely waterfront lake white house. In the distance you can see mountains and above them - grey clouds covering half of the sky.,dci
sa_1553949,Four large green papayas are hanging from a tree in front of a tall grey stone building. The sky is sunny and a clear blue on the top right side of the image.,dci
sa_1553950,"Outside an entrance of a building on the left, there is a small simple blue water fountain operated by foot on the right. ",dci
sa_1553951,There is a computer screen that has a black square with curved sides that show people dancing on the left. It has writing on the right.,dci
sa_1553953,A runner in a race checks his watch as he runs along a rectangular section of red running track with a red carpet rolled out on top of it.  Beside the track to the left are spectators behind a rectangular fence with signs on the side of it and some flags flying above it.  On the right side of the track are a column of green pylons.  In the background is a wide row of dark-green trees growing beneath a white sky.,dci
sa_1553954,woman in headdress with her arm in a big bag of sugar sitting in a grassy field with a single tree in it in the back.,dci
sa_1553955,Two rows of jars of Nutella are stacked on top of each other on the top of a shelf with a thin silver wire edge and a white bottom.,dci
sa_1553956,A large snow sculpture can be seen against the night sky. The snow sculpture is lit by several lights in front of the sculpture.,dci
sa_1553958,A beach that is bordering a bright blue body of water and there is a forest in the background.  There are people sitting on the beach and wading in the water.,dci
sa_1553960,A couple of food vendor stalls that have people standing in front of them can be seen in front of a large building that goes across the background.   ,dci
sa_1553962,A rocky shoreline parallels some green algae filled water.,dci
sa_1553963,The back of a small fire truck in front of a fire in the woods in the background with a three story building on the right.,dci
sa_1553964,"A woman wearing a wide hat, green jacket, and grey pants is sitting on the ground next to a whicker basket holding a dead bird. The ground is dirty and covered in blood stains and a cage is chickens is in the background.",dci
sa_1553965,There are multiple boats in the middle of the image. There are people on the boats.,dci
sa_1553967,"A large public square covered in black-and-white statues of panda bears, some with colorful Chinese umbrellas over them.  In the background is a line of people standing in front of a brown brick wall with a rectangular gap in the middle.  On the right side, the top of a hotel can be seen above the wall.",dci
sa_1553972,The front of a stone building,dci
sa_1553973,Three people are walking on a grey concrete sidewalk past a multi-story building with a CITIBANK on the bottom floor. A grey asphalt street runs across the bottom of the image and turns the the left just past the building.,dci
sa_1553974,Room of a loft with two glass containers and two windows with trees and buildings visible outside. The room has a wooden floor and multiple lights around its ceiling with a rectangular shape in it.,dci
sa_1553975,There is a man wearing a racing uniform that is yellow and blue. Behind him is the track and there are a lot of people and a race car and many stands in the background.,dci
sa_1553976,"A person is wearing a purple costume with a purple, yellow, and orange hat.",dci
sa_1553977,There is a man in black on a green motorcycle. He is on a street that has grass in the foreground and background and then a building on the left and big trees in the background. ,dci
sa_1553978,There is a big building that has balconies that are going all across it. There is a green golf course in the front and then a pool with a bunch of lounge chairs and yellow umbrellas. ,dci
sa_1553979,One man in a wet market alone is chopping fishes. ,dci
sa_1553983,Many people can be seen in front of two large buildings in the distance. There are two trees without leaves in the front of the image.,dci
sa_1553984,a caravan of three colorful wagons are being pulled by yaks across a field. there are houses in the background. ,dci
sa_1553986,An office building along a road.,dci
sa_1553987,a group of workers are harvesting rice using blue tarps in a rice field. ,dci
sa_1553991,this is a soccer game with two players shown and an audience in the background.,dci
sa_1553993,A woman wearing a black and white outfit holding a red rose. Her outfit has many black and white masks on it.,dci
sa_1553995,A field with many plants and wooden fixtures/poles. There are green trees in the background and a blue sky above.,dci
sa_1553996,an older woman in a sari and head scarf,dci
sa_1553999,"We see a group of people laying on the left side of the beach.  On the right side of the beach, we a lifeguard sitting on the lifeguard house's banister. ",dci
sa_1554001,"A white airplane that has a blue and red logo on its tail is headed left. Behind it is a clear blue sky; the wheels and engine are all visible and there is Chinese writing in red, as well as ""CHINA EASTERN"" written in blue on the top side of the plane.",dci
sa_1554002,"This is a decorative commemorative eternal flame.   The flame is in the center of a circular marble structure, and there is a grass hill overlooking it. ",dci
sa_1554004,A bright white square shaped canvas is hanging from the ceiling of an old brick building. There is a brown wood walk path on the center of the floor of the building across the bottom of the image.,dci
sa_1554005,Here is a view outdoors by a dock with some boats on the water under a blue sky. ,dci
sa_1554007,"a city street with buildings, buses, and pedestrians.",dci
sa_1554009,A busy street with lots of people and small vehicles. Three girls are walking wearing bright pink dresses. ,dci
sa_1554013,"A row of buildings stand near a body of water. The building on the left is under construction, with scaffolding erected around it. ",dci
sa_1554014,an older sail boat with high masts is docked. a small village stands across the water. ,dci
sa_1554015,There are several people riding in the back of two pickup trucks on a roadway paved with hexagon shaped bricks.,dci
sa_1554017,"this is a two signs that has a foreign language written on it. the big sign is white with black and red letter, it is rectangular. the small sign is round and blue with a red symbol of a crest and a smaller sign below that that is brown.",dci
sa_1554018,"Hundreds of people are walking on a square with a few pigeons on the ground, behind there are several old style buildings. ",dci
sa_1554020,Several boats can be seen docked and floating on a body of water. There are many buildings going across the background. ,dci
sa_1554021,A group of boys cover the eyes of a boy sitting down. A nurse is holding the sitting boy's hand and has medical equipment in front of her.,dci
sa_1554026,A large group of people are walking down a grey stone walkway between rows of round tables and chairs on the left and tall historic buildings on the right. The sky is completely covered in thick grey clouds.,dci
sa_1554028,"A photo of a sign, tied to a metal gate within an outdoor park indicating closure in two different languages.",dci
sa_1554029,Several stores occupy the interior of a mall. An area with tables and chairs is roped off. ,dci
sa_1554033,A red Canadian Pacific railcar.,dci
sa_1554035,"Three rectangular gray concrete slabs are stacked on top of one another on the ground of an area that appears to be a cemetery, with the ground also being covered by leaves. The slabs become smaller as they go up, and there are engravings on the top of the topmost slab. ",dci
sa_1554036,There are many spires on top of buildings. There is a large yellow crane in the middle of the image.,dci
sa_1554037,this is a white building with a green tree and a chimney is showing from a building next to it. the sky is blue with wispy white clouds.,dci
sa_1554039,There are many juices and canned food on display. There is a person standing behind the drinks.,dci
sa_1554041,Here is a scene outside in the front of a white building with multiple people sitting on the curbside. ,dci
sa_1554042,"Palm trees, boats, and water line the bottom of the image. Buildings and a tall tower span the width of image and a tall mountain rises op in the background.",dci
sa_1554044,This is a group of solitary confinement sheds in a prison.  There are pipe guardrails lining the pathways leading to each shed and several large pine trees.,dci
sa_1554045,Here is a view outside of a sunset happening on the beach by an ocean with people lounging in front of a volleyball net. ,dci
sa_1554047,This is a woman in a red and white dress standing in front of a row of hedges while she is holding an umbrella.,dci
sa_1554048,A woman standing in an arch on the front of a building,dci
sa_1554049,A group of women are lined up within an outdoor area. There are buildings that are out of focus in the background.   ,dci
sa_1554050,This is the front of a Samsung store with a black gate running in front of it.,dci
sa_1554052,There are small huts on posts over the water. There is a large white building in the background.,dci
sa_1554053,A view of a street between two rows of buildings.,dci
sa_1554054,A black and photo of a crowd of people watching a championship cup be engraved on a large screen.,dci
sa_1554055,a sign made of red and white letters going across the outer aiport square. there is a control tower in the background on the right. ,dci
sa_1554057,"There is a rounded tan building in the background between some trees with various color and kinds of leaves in the background. In the foreground, there are orange and brown bricks that are stacked up tot he left of a building that is tan colored with rounded rocks stacked up to make the steeple.",dci
sa_1554058,Here is a view overlooking a condensed small city with many old century buildings standing. ,dci
sa_1554060,An outdoor area has a few people spread out across it. There is a building going across the background. ,dci
sa_1554061,A young woman kneeling behind a red table with two men in the foreground in front of the table. There is a car in the background and a fence.,dci
sa_1554063,The corner of an old white house with shutters set against a blue sky with criss crossing power lines and a large electrical tower.,dci
sa_1554064,A man made lake with a fountain in front of a boxy white office building.,dci
sa_1554065,A group of colorful boats and floating houses are in the water in front of tall sheer rocky cliffs. Thick sections of green plants cover sections of the rocky cliffs.,dci
sa_1554066,Two gold-framed pictures and two statues against a green marble wall,dci
sa_1554067,"This is a series of three story buildings, built against each other. All but one on the left are made of the same tan stone. The background is the sky while the foreground is the concrete.",dci
sa_1554068,A huge white airplane dragged by a tug in the airport during a sunny day.,dci
sa_1554070,Here is scene outdoors in the center of a town area on a road with passing pedestrians and cars. ,dci
sa_1554073,A fully covered woman is sowing the seedlings through a plastic film into the earth during a glomming day. ,dci
sa_1554074,four yachts are docked side by side horizontally along a narrow pier. there are buildings lining the green hills in the background. ,dci
sa_1554075,A section of an interior Asian ceiling is the central focus of the picture. There are two lanterns hanging from an elaborately designed and colorful ledge connected to the ceiling.,dci
sa_1554076,There is a stone pedestal with a monument on it. There are people walking in the background.,dci
sa_1554078,A group of men and women are standing outside next to a tall dark tree and several buildings on a grey overcast day.,dci
sa_1554080,A woman can be seen riding a horse. A crowd of spectators can be seen going across the background. ,dci
sa_1554081,A picture of Pope Francis is on the middle of a brown and white postage stamp with small notches around the edges.,dci
sa_1554082,A large group of people in robes in front of a building that resembles a mosque.,dci
sa_1554083,the front of a mini market on the corner of a city street in a foreign country,dci
sa_1554084,A zoomed in image of a plaque with a foreign language on it. The left  half has the carving of a man in a suit with a wall of text on the right side.,dci
sa_1554087,Several people can be seen standing in a line on a gray parking area. There are cars parked on the right side of the image.,dci
sa_1554089,A gray drone with four legs standing out from the side it is flying in front of a brown steep mountainside that has white snow on parts of the edges.,dci
sa_1554092,A road leading to a castle like building on the center left of the image. ,dci
sa_1554095,Three men are in suits and two are wearing masks. Behind the men is a abstract metal sculpture  inside a room with glass windows.,dci
sa_1554096,A empty parking lot has a black metal building to the right and in the background is a brown building with floors that have rows of multiple glass windows.,dci
sa_1554098,Here is scene outside with the view of a dirt lot and small town in the background. ,dci
sa_1554099,A crowded train with many people on top of it,dci
sa_1554102,Here is a scene outside of a large container ship on the water with a full capacity of storage crates. ,dci
sa_1554103,A man walking down an empty street with colorful cottages on each side,dci
sa_1554104,Here is a scene at a toll booth where vehicles are passing through outside. ,dci
sa_1554109,Here is view outside with a large body of water shown where many small boats are floating across near a city. ,dci
sa_1554113,Here is a scene outside overlooking a large amusement park and building complex is seen on the a beachfront with the ocean in front. ,dci
sa_1554114,"A living room in an apartment.  There's a leather couch on the left, facing towards a glass coffee table and a high-definition TV on a low grey shelf to the right.  In the background is a large window with curtains in front of it, and on the ground is a thick grey carpet.",dci
sa_1554116,"This is a statue, with a large stained copper base and a four story tower with a golden winged angel on top of a round, golden guard railed viewing area.   There are people sitting on the steps in front of the statue. ",dci
sa_1554119,This is a night time scene showing a building at an intersection.,dci
sa_1554120,There is a pair of black sneakers on a cream rug. There is a red shoe box behind it. ,dci
sa_1554125,A soccer player is about to kick a soccer ball to start the game as other players watch.,dci
sa_1554126,A building is being demolished by a orange demolition crane. A tree is in the middle of the photo below the building is a metal fence.,dci
sa_1554127,There is a blue fountain that has water splashing up on the right side and a big statue in the middle.  There are trees in the background. ,dci
sa_1554129,"There is a large divided street with a snowy median in the center. There are a lot of cars on it, as well as cars on the side and trees. ",dci
sa_1554131,"This is a picture of a plaza, where one man is riding a Segway and others are walking on the sidewalk. In the background is a large orange brick building that's two stories with a tower coming from the top and a large white tent on the right.",dci
sa_1554132,"A mediterranen style house, or series of buildings, on a ridge filled with trees overlooks the tranquil blue seas with green mountains in the background.",dci
sa_1554135,An ancient ruin with several pebble-covered stone walls and pillars. There is a pointed archway in the center and the roof of a modern house in the background through some tree cover.,dci
sa_1554137,People in an Italian  butcher or deli,dci
sa_1554138,A two story house covered in red wood panels is next to a two story house covered dark brown wood panels on the left side of a cobblestone street. The sky is sunny and blue with large thick white clouds.,dci
sa_1554139,A few boats can be seen docked along the side of a river. There are many people walking along the area that the boats are docked at.  ,dci
sa_1554141,The front window of the Amsterdam Tulip Museum sits along a city sidewalk. Several people are walking by. ,dci
sa_1554144,There is an assortment of tall trees in the middle of the image. There is a body of water at the edge of the land.,dci
sa_1554146,This is a picture of a ceiling painting. It's a dome with a religious scene painted on it. The outer portion of the dome is intricate  gold and plaster. The inside is the painting. There's a large circle in the middle that's a skylight or something.,dci
sa_1554149,"A river with a snow bank and blue houseboat on the right side, large government building on the left side , and bridge in the background.",dci
sa_1554152,A man about to lift a heavy barbell,dci
sa_1554154,"A man with orange hair sitting on an ancient-looking porch that is painted light blue. The man is drinking out of a white and black mug and has a white dog keeping him company on the porch. The door is open to the house and there is a gold, decorative double door gate also open.",dci
sa_1554156,A surf rake is being pulled by a tractor. There is a large body of water behind the vehicle.,dci
sa_1554157,A model in a pink dress looking at the camera over her left shoulder,dci
sa_1554158,A red brick church with a large dome at the top stands at the corner of a street. Several people walk by on the sidewalk. ,dci
sa_1554159,Here is a scene outdoors on a large rock formation where people are lounging an eating at tables set up on the water. ,dci
sa_1554160,A beige mansion in the middle inside an iron fence during a cloudy day. ,dci
sa_1554165,"Looking up the side of two highrise buildings in a city.  The building on the left is mostly glass, with rows and rows of vertical rectangular windows going up its side that look greenish-blue.  The building on the right is a reddish brown with rows of double vertical rectangular windows, some blue and some illuminated yellow.  The picture is taken with a blue sky above, though it's getting dark so it's probably dusk.",dci
sa_1554166,People marching down a street,dci
sa_1554167,This is a rollercoaster on the edge of a lake in an amusement park with a magical looking castle behind it.  The lines for a ride are on the left. ,dci
sa_1554168,Two large copper statues that have been discolored green sitting in a garden with the roofs of gazebos or pergolas in the background. The bigger statue is of a seated buddha with a robe and a beaded headdress while the smaller one looks more like a fountain pedestal with an art installation on top.,dci
sa_1554169,A sign in a white wall that says TOPSHOP in black with a brick wall above.,dci
sa_1554171,"We see a large brown, brick building that has four stories of windows.  On the upper left side of the ceiling, we see a clock tower.  ",dci
sa_1554173,"This is a picture of Hong Kong harbor. There's a large boat passing by in the foreground, where the water is. In the background, the city looms over the waterway.  There's a large mountain in the background, which seems smaller than it is because the buildings are so tall.",dci
sa_1554174,Here is a view outside on a residential property featuring a house situated on a grass lawn with small trees around it. ,dci
sa_1554175,The base of an intricately carved fountain with heavy Buddhist elements.,dci
sa_1554176,A cell phone is on top of a wooden table.,dci
sa_1554178,A line of colorful store fronts along a street in an indoor gallery. ,dci
sa_1554179,"A beautiful fountain surrounded by six gold-plated statues of young women, each one dressed in a different traditional garment.",dci
sa_1554180,This is a large Easter egg. It has clouds decorated on the side with a hot air balloon on a cat flying with the hot air balloon being another Easter egg. The background seems to be people standing around with other structures in the back.,dci
sa_1554181,Here is an outdoor view of lone island concrete platforms where many trees are situated on it and on another are buildings. ,dci
sa_1554182,the top of a unique shaped building is visible on the above the large cluster of bushes on a clear day. there are two stone columns going across the grass. ,dci
sa_1554183,an empty city street surrounded on both sides by buildings as a gray sky threatens overhead,dci
sa_1554184,A brick walkway through a tree lined plaza surrounded by tall apartment buildings.,dci
sa_1554186,"A church sits on top of a hill next to a tall retaining wall. At the bottom of the wall, there is a parking area filled with cars. ",dci
sa_1554187,A group of people gathered outside some old buildings. The person at the forefront is holding a polish flag with an EU flag attached to the lower lefthand corner.,dci
sa_1554189,A religious ceremony in a white marble chapel with brown wooden pews. There are many people seated in the pews and a few of them are recording video of the event on cell phones. There is a large archway to the right of the pews and to the left of that an Indian flag on a pole. We can see the alter at the left of the frame but can't see the ceremony itself.,dci
sa_1554192,An outdoor area that has a few tables on its surface and a railing going across its edge can be seen going across the lower half of the image. There are buildings going up along the side of a hill in the background. ,dci
sa_1554193,A highly decorated boat with passengers on a green river. ,dci
sa_1554195,"The entrance to a park can be seen, it is surrounded by bushes and trees and on a sunny day.",dci
sa_1554196,Here is a view of a cattle farm with a large area of it contained by barbed wire fencing. ,dci
sa_1554197,"This is the customs passthrough at a dock or port of entry, most likely. There are an abundance of semi trucks passing through a building that looks like a toll plaza or a port of entry to a country. There are small buildings between each lane of the road with a large canopy over the entire structure.",dci
sa_1554198,"A black and white picture of people marching in a parade down a city street.  There's a row of people holding up a wide, white rectangular banner with black and grey writing and circular graphics on it.  Behind them are some trees and buildings.",dci
sa_1554199,A tower surrounded by trees.,dci
sa_1554200,This is a very intricate carved religious monument.  It has many levels of detailed similar scenes. ,dci
sa_1554201,Multiple pagoda like structures stand tall against the shore of a body of water. A ship is docked in front of the middle structure.,dci
sa_1554204,A large crowd of people under an elaborate light display at a road between two sets of buildings on either side. ,dci
sa_1554210,"white truck, with people standing on top of it, with a orange truck bed lifted over its brown truck bed with two cranes on the side of the road  with trees and buildings behind it under a cloudy sky.",dci
sa_1554212,The front of a Clinique store,dci
sa_1554213,Here is a view outside in a city area with multiple white stone buildings standing near each other. ,dci
sa_1554215,"We see a capped Corona bottle sitting on the left side of the sand and an umbrella on the right. Behind the sand, we see the ocean beneath the blue sky.",dci
sa_1554217,Nine red logos of social media platforms in white circles placed in three rows.  ,dci
sa_1554218,A large carving of an elephant is on the side of a dark brown rocky mountain. There is a brown walk path between the elephant carving and a large dark rock wall on the left side of the image.,dci
sa_1554220,These are the British flags around the mall of Buckingham Palace. They angle out from a main pillar into four distinct flags. The background includes several buildings and large construction efforts.,dci
sa_1554221,A group of reporters is surrounding a man with short hair and a white shirt.  The reporters are holding up microphones.,dci
sa_1554224,A hotel in a tropical locale. Each room has a balcony. ,dci
sa_1554225,An open book on a stand,dci
sa_1554226,Cars drive along a busy city road. Trees line the roadway in front of large buildings containing many windows.,dci
sa_1554229,Here is an scene overlooking a large gathering of people in a public area of a small city with buildings around and ornamental light fixtures lit up. ,dci
sa_1554230,the sun is setting behind a mosque among the trees. the sky is dark blue with wispy clouds throughout. ,dci
sa_1554231,This is s street corner in a Congestion charging Central Zone Monday through Friday 7am to 6pm and Ultra low emission Zone at all times.   There is a yellow city truck with lots of hand tools and warning signs in the shot. ,dci
sa_1554232,man taking a picture of a plane in flight in front of a city scape.,dci
sa_1554233,A white building with long vertical windows on the corner of a street.,dci
sa_1554235,Several people are walking towards the entrance of a temple with grey stone walls and a red tile roof. The sky is a clear bright blue.,dci
sa_1554236,A rectangular sign that contains the logo for Aldi grocery stores can be seen on the side of a building. There are several trees rising up behind the building. ,dci
sa_1554237,Yellow structures on the deck of a ship,dci
sa_1554238,"Woman in a swimsuit walking forward in front of a truck with a man standing to the left of it during the day under a blue sky. There are two vehicles, a streetlight, a hill, and a building behind the man.",dci
sa_1554239,"This is a picture of people shopping at an outdoor clothing store. There are several people walking by the front of the image, with racks of clothes in the background.",dci
sa_1554243,A memorial with statues to army medics. Men carry a wounded soldier in on a stretcher to a waiting nurse. ,dci
sa_1554244,There are piles of trash all over the image. There is a person in the middle.,dci
sa_1554245,"A street leads toward a mountain. The sun is setting, giving the clouds a purple glow. ",dci
sa_1554248,city skyline with in fall with blue sky,dci
sa_1554250,red van on city street that is loading a passenger,dci
sa_1554252,A ferry boat on the waters with a brown house in the background with a lot of trees surrounding it.,dci
sa_1554255,Man bent down behind an orange tool around wheels of aircraft over concrete pavement ,dci
sa_1554257,"A rectangular fixture that looks like a flag or framed picture/art. It has non-English writing on it. It's mostly white, red, and gold.",dci
sa_1554258,A red Ferrari Formula One race car is making a right turn on the race track. ,dci
sa_1554259,"A white mansion in the background surrounded by trees, there is a lake in front with a few tourists in a sunny day.",dci
sa_1554260,A group of people are walking on a stone sidewalk next to a port with crane arms sticking out lifting a ship in the water.,dci
sa_1554261,Here is a view of cardboard boxes that are holding items inside on a counter. ,dci
